path,fruit,status,source,group_id,sha256,split
raw/apple/fresh/FreshApple (1).jpg,apple,fresh,local,v3_aa4b32bc75fce9caad4be2ea1bb3580c,e0874378cc7a7fab2e0d1813e2917f2da42b983dd52e004eeaff6f81f4105803,val
raw/apple/fresh/FreshApple (10).jpg,apple,fresh,local,v3_62f3c063027b934891384e93673b3195,ede4e5ddb2cda6996798a6be52e90e6ec6a56f4ff529603d461b4d58987ca4b5,test
raw/apple/fresh/FreshApple (100).jpg,apple,fresh,local,v3_d3fc986ad68bd6cd27af374d6d3c0d7e,0a2b388ed669a61c8d33401bed06809bb051c8180231310c898dd0f9173b38ee,val
raw/apple/fresh/FreshApple (101).jpg,apple,fresh,local,v3_98bed1bc4a8dfd8dd261ea933aa6a081,8dcfbee2522f6eeee3e6e0eb8fc68f450c99068f56d36f674d71c526a8643807,test
raw/apple/fresh/FreshApple (102).jpg,apple,fresh,local,v3_b1c64092b722276a16558a86762584f9,87f82c6bec0da27e275535f19955263649059bb465cc8325d6455be5d7dea492,train
raw/apple/fresh/FreshApple (103).jpg,apple,fresh,local,v3_6e74d533bc83dd8f34c844e20ad9b9f5,a1bae546284a65b478ce0daf71f13968bc923b0c6eef802125ea64ff7db50863,train
raw/apple/fresh/FreshApple (104).jpg,apple,fresh,local,v3_0fc763744ece9ad18de7ec736ec75462,08cf86223bd58ec1963491d9f36a2d8df7510a37da714c24986ac1dbba7660fe,train
raw/apple/fresh/FreshApple (105).jpg,apple,fresh,local,v3_99c5317aea89f0dc0cb8010d9aee8daa,d6fb161a90b5663b41aa583944c465a7a5a40f8919f9afbcad2399e7a332f1c6,test
raw/apple/fresh/FreshApple (106).jpg,apple,fresh,local,v3_fb0ecc27e8f4f6eb7488fb22709dcb35,5da20b9fc6e94368fc6820f76f395ff77070086c0c99fb8bbd55b0b01f0d67ff,train
raw/apple/fresh/FreshApple (107).jpg,apple,fresh,local,v3_9e6141ef17927dca7215294c3d0a5543,29df08b817385c2e16b63fcd6321a1bcbd324b6017a4cfc7ff4465bfbd026c8f,train
raw/apple/fresh/FreshApple (108).jpg,apple,fresh,local,v3_36014699b775f455dffe42e5adab045a,069d21ccda5b00f48afbf89ca3575bdc63e22a4d512e67c697badb019130ab2d,train
raw/apple/fresh/FreshApple (109).jpg,apple,fresh,local,v3_a83f00aedfabe408e047402a9ddc4022,26de6b9b88ae035cdb91f61f56d4eb5fafb190dc2518b5789fe3fc605c0cc079,val
raw/apple/fresh/FreshApple (11).jpg,apple,fresh,local,v3_d31fff6526cff412f0996aa253818ee7,06edc7605d41ba0ff884594c4d29b017ccd099610c4cd8b9f8fff9725a7a499f,train
raw/apple/fresh/FreshApple (110).jpg,apple,fresh,local,v3_7784aab5fe08b8231955d3350ebe09eb,dfc7455551d3f4f586433c4e1f360d8feeb30c695c5b13f48b6346212cb1bb70,val
raw/apple/fresh/FreshApple (111).jpg,apple,fresh,local,v3_44b8416cf9f87f7399f110c1e22cf8c5,8aadcb0fa6dd439bcb078af4fde5deb10cb2666b45d8f7e43c6512bd7b115b22,test
raw/apple/fresh/FreshApple (112).jpg,apple,fresh,local,v3_94b901f25edadc1c3d794fbf808b7f98,cfa56f8020f54eb171e082ef476e9b319623a41a12934d8ceef36fe634cfce0f,val
raw/apple/fresh/FreshApple (113).jpg,apple,fresh,local,v3_c55ea7b185653accb532cf420b1b1a57,24a9cdcd59274a1790148e915a22864e1a5a402daa36e3df61604691e199d440,train
raw/apple/fresh/FreshApple (114).jpg,apple,fresh,local,v3_76b8c88acd65b86fc3c68ac151515f36,c2d23fb48cb4931894900b524a16dba043ea63d75a8e491d60de4a082277fd37,train
raw/apple/fresh/FreshApple (115).jpg,apple,fresh,local,v3_c7d31b99528a4876c0d06016eccc8cc0,70388512144c2be3f31df87771c4d37b37420bd55c1fc5c2982a80e21bcecf02,train
raw/apple/fresh/FreshApple (116).jpg,apple,fresh,local,v3_87484d117206a7797220cd11bd096959,ed7df425830667934dce163a3be517112fab2e16d2cd49cce12c0bb9df1dd379,train
raw/apple/fresh/FreshApple (117).jpg,apple,fresh,local,v3_87f314e23557f48c16687044ca9434ea,9ce903a05d3f51b298dff2a61d610abeff4e0e0542de4d980e09ec6a0dc7503d,train
raw/apple/fresh/FreshApple (118).jpg,apple,fresh,local,v3_737e858921a24cb419e0097b8e4ebc9f,f26915fa64ef8263bc8eb55d7e7ffc0dc5869a75bfa1f82d12a5d63f4b0585ae,val
raw/apple/fresh/FreshApple (119).jpg,apple,fresh,local,v3_ec02b2430a599ec045e0ee702a40babe,03f69ad2708fee931e0d69c2fead4598c2f672794d2ecd9bd029eae1d2050f86,train
raw/apple/fresh/FreshApple (12).jpg,apple,fresh,local,v3_cef68f95667298233233b107a1a7cdbc,2e7c84ae448ef3252b790d2d797821000a9ce257c62a8390dd98132b786cecd6,val
raw/apple/fresh/FreshApple (120).jpg,apple,fresh,local,v3_41188a64f08c374c3d59df8e0df30f4f,4b0203a957b558d43df4ef221b12a1255df50acc3d8a06ba259b96366de2dc5d,train
raw/apple/fresh/FreshApple (121).jpg,apple,fresh,local,v3_b5dbc10d74ad5d58d9f462ca266e5f0b,b61c62fa87617db49c19a2706282d95fbff32120b34cdeb194ae21855bc48742,train
raw/apple/fresh/FreshApple (122).jpg,apple,fresh,local,v3_d7085a1a7fd0a12c11046f858cc8c812,09a2eaeee1b859e4564c914c3b645a9cab66b5fec86725b7d68f3abed0d1660c,val
raw/apple/fresh/FreshApple (123).jpg,apple,fresh,local,v3_842d7e1d622ef405a20adcba0be1d7ca,d5f65e0351b37a2fa195239f6c21728ab48bfb9cff0b541869f13ff70c95cdd7,train
raw/apple/fresh/FreshApple (124).jpg,apple,fresh,local,v3_4d98dde9b48082133f49ed745c4ef808,58553f523278efbe3ddf2fcfe02ad276a8e8be6e5e43a5363539e6cbe125e045,train
raw/apple/fresh/FreshApple (125).jpg,apple,fresh,local,v3_f794b589ec854b9ae21a7b5ee8f17bc1,0327a8553d0e3ce8d9dd4ea10b130d267cb9af7f02eb1753c3553351475bde3b,train
raw/apple/fresh/FreshApple (126).jpg,apple,fresh,local,v3_2a1716e777b9b9aa5b6d038aa718e5af,e641c4f6178468967eeb55c11bb5e11522d56aa1391c95e1c61a537ee37b6c54,train
raw/apple/fresh/FreshApple (127).jpg,apple,fresh,local,v3_b4c0dbc45d89e4876106088831aad4fc,0cdc42dbcbce1d2ac68fe8aa5f937d1bc2bdeff64cc12815aad54bcd3eb03ade,train
raw/apple/fresh/FreshApple (128).jpg,apple,fresh,local,v3_ae9a692b173ec363fc612e3b3b718700,d5296dd0366b01b4e47ae790525ab2fdce3311cea499e955b55a575d38ababf4,train
raw/apple/fresh/FreshApple (129).jpg,apple,fresh,local,v3_e94f3a6ff3857fb9c6fdf91cca56abdb,ea603ea66deb6580b53645a1e04473ff17b76e18be32f943b3b4a5597d6bc61d,train
raw/apple/fresh/FreshApple (13).jpg,apple,fresh,local,v3_8333223670c14b7faddd04b593ddea4b,1ba2fc5ad08991fc826d88a545023692b90947a74b87599f745021d1a541e525,train
raw/apple/fresh/FreshApple (130).jpg,apple,fresh,local,v3_946dfac5f236ae945a0c58c2ba2e047f,6ec60720e7479ddd1e6b1493551116ceff8eb4e2c2d17fdacf28689509440b18,train
raw/apple/fresh/FreshApple (131).jpg,apple,fresh,local,v3_239cfaf1a12204e9b35c5a9c88ea1a6b,3358381cbc88a411a1b7f3b19aafafb878fbe3cae2ef83139e2e55960b89cf5f,train
raw/apple/fresh/FreshApple (132).jpg,apple,fresh,local,v3_2274ecdb49eb1344b8bd466165fb43d8,7b5e1573c361a6279ca5e886b79bcfabca2f03e3cb7a00920c536b9c503df0c0,val
raw/apple/fresh/FreshApple (133).jpg,apple,fresh,local,v3_ab0c1c3121effd8eb878f11af57df082,8fb9e3176afff75fdd416f6c891e6a0eef91aae2171b7927c40d7ce90e1b6108,train
raw/apple/fresh/FreshApple (134).jpg,apple,fresh,local,v3_9412e4a58c6f6779ea8c9156214f432f,09c5218eb4166b6e5e119938b79fc8153a7bb09fdcbed203949f985aea1e3112,val
raw/apple/fresh/FreshApple (135).jpg,apple,fresh,local,v3_6e3147c378d829842f4f148a7c0c76c8,fd6c3a538f4773a62818afe9895cddbe9da83f2f7f090f7f36443d924e26f82a,train
raw/apple/fresh/FreshApple (136).jpg,apple,fresh,local,v3_470afd20488a6fadf75539a25d4a57f4,63460be91fca82d1d4c495b5b1ba6d11123fdda0a8bd6bc2e8cef21af9be8cb6,test
raw/apple/fresh/FreshApple (137).jpg,apple,fresh,local,v3_75d66bffacd04f8617700da827e2815c,160005516f77d2e145d4e6e13d944bcbe8bb57486ff53da4f11fdb9b0ae1368d,train
raw/apple/fresh/FreshApple (138).jpg,apple,fresh,local,v3_973c37b0057984384d5e0143f8715134,e71d5a9e4f8a3219f021ea4b095e295eafa83417faf10c9790a68d2525c4f81d,val
raw/apple/fresh/FreshApple (139).jpg,apple,fresh,local,v3_e03e4871292d7cad7d4e491abf73e436,99c870325cc99ff89a01f490fef7ced28fcdcdc35d3ad072aab8be67b8ce9b45,test
raw/apple/fresh/FreshApple (14).jpg,apple,fresh,local,v3_97801f347204e62d321934de7ebab554,36d84c7f8dbfc4c67cd860af8dcee0836b7b06a40e1b8f03acd9568805993625,val
raw/apple/fresh/FreshApple (140).jpg,apple,fresh,local,v3_424d5bc448ebf1d6e867c40988295817,34ddd8350b9ce698e0689e08d7410bd78131368b4646a1c0e6eeaf6d9b1a0c81,test
raw/apple/fresh/FreshApple (141).jpg,apple,fresh,local,v3_8809f461e1727cb0e896ec103a345c1a,02abf04dca9b4f9877592c261c637d2d24727a89288a1f046ad20340116c2cc8,test
raw/apple/fresh/FreshApple (142).jpg,apple,fresh,local,v3_48d78365d8b17694ec89c11acb0351d3,c881bc657db47b303518d4a14c0cffdc6c9411ca81b2964b23ef39a0e150012d,train
raw/apple/fresh/FreshApple (143).jpg,apple,fresh,local,v3_5c1d8eab33173cb6d7c39355e5be0fda,a2538e6b86397fc0e5b312fe7a9b558040ef3baa602763dca79abe16d71746e4,train
raw/apple/fresh/FreshApple (144).jpg,apple,fresh,local,v3_2c88062e2022857ab968837240c66740,60372301d5a1fc445250501906d4f49ee7aa7ab8f3cb273628a99fd7b2757642,val
raw/apple/fresh/FreshApple (145).jpg,apple,fresh,local,v3_8c6adc4fa8007894aa879639edcf1081,ee785f423e0d5f00f557e7b27d38a43b9b7a2dd883350fe98253df805fcbf3c8,val
raw/apple/fresh/FreshApple (146).jpg,apple,fresh,local,v3_604cb4f47f80f243861ee74645fff094,c1da3ba03d716d4d7afdb080f65776174ac810fcd35075ab680791c98f53dce4,test
raw/apple/fresh/FreshApple (147).jpg,apple,fresh,local,v3_af1017be5d03039e8d19da6904ca314a,f23920eaa4b7cb947f8731335f8a870cc5e0b3d0c5f6029d53e53238d969f5a0,train
raw/apple/fresh/FreshApple (148).jpg,apple,fresh,local,v3_98d6631b95b6f9d5d5e12b0d55cab892,427fbe76051557f3fc625c4a8069e84db77aaf42f988c3fabae1419df222366e,train
raw/apple/fresh/FreshApple (149).jpg,apple,fresh,local,v3_123bafb212f8273f0b31e0b63455a113,7e5c8b66e99c6df402321d89288c6278428e68c2ff2213b2aa484f00a06e9ef1,val
raw/apple/fresh/FreshApple (15).jpg,apple,fresh,local,v3_737a926b02f8b4fc62ff9183f1baafbc,97e76942a91e9c4c65d92ee5f1a99f463e5c7b690d811aa7ab7f7829774fa37a,train
raw/apple/fresh/FreshApple (150).jpg,apple,fresh,local,v3_642ff3f5989ae49aa2b6ab01e68dcdf2,af36b95bc05da67ea414220a93bc551324004054474ff29d7d70cec10f9a0670,val
raw/apple/fresh/FreshApple (151).jpg,apple,fresh,local,v3_c9f91ea689cb5747ac93547dced07f02,bade03c840cc8c03a19ce470ec7355506e41e8181251abc41cbb90474316aca3,train
raw/apple/fresh/FreshApple (152).jpg,apple,fresh,local,v3_e51a9938022a4d3cfb9ab4bc4d568276,d25545db1c0ceb2f717355f3c40cfbfc3676694920af2612bd2917f1cb6f2d76,train
raw/apple/fresh/FreshApple (153).jpg,apple,fresh,local,v3_11c81938d8f55235d5a2ab1bf3e4a3f0,1f6d72bfde870de4bc978bfdc32da4325ba0a81ea331b3cbe45a5e5729398fdc,test
raw/apple/fresh/FreshApple (154).jpg,apple,fresh,local,v3_af787ff52f807102ddbf61413b8879e7,6bf4201236cafc838e5d6dd3b59499e8cf091a682e4902d4667169a25eebdba3,train
raw/apple/fresh/FreshApple (155).jpg,apple,fresh,local,v3_94a90f3659e58c4610947413e98625a6,2506c6c0456564b2366ea6d25675487796ea4c79a66e9f6113dbde4c2b320ca2,val
raw/apple/fresh/FreshApple (156).jpg,apple,fresh,local,v3_0278f77cc0ffc9a53661bcfa9bee3016,e20134bd1c9738c1eddecc71a8299ba616d791cc8159fddd60c7fc787f43bded,train
raw/apple/fresh/FreshApple (157).jpg,apple,fresh,local,v3_af85d2f999b0c1b68a375321a299bf49,5427614969d81038c53a17cda98c5abe9051bb968c933a2c16037692d72af1dd,train
raw/apple/fresh/FreshApple (158).jpg,apple,fresh,local,v3_584804d585a5971e4a7b5d295d845e21,4123c412a93b93104a23ad12d0959ecd344f7b8659f5cdf40428a63a6e463bca,train
raw/apple/fresh/FreshApple (159).jpg,apple,fresh,local,v3_9a97c16c58c74e96bd4faaed283fcc25,1086a7ad414dcae775a9f539de81dd3860886277a6c5ad723de1ba522a701180,train
raw/apple/fresh/FreshApple (16).jpg,apple,fresh,local,v3_594442c7d6d8425377965b48a0a954a8,801e988007e11e95f7d19e35864d70e2ec1f8c898de762a43390057cc7e3a2d9,train
raw/apple/fresh/FreshApple (160).jpg,apple,fresh,local,v3_5de6c1a8e6c91fb3191887ac4a0380f9,cb03a923b8e2def5836acf295cfd643934be3e6b372f5da079bc00b586ee8cbd,train
raw/apple/fresh/FreshApple (161).jpg,apple,fresh,local,v3_23ec77f77fad2d931b5c66a5647a1bae,b32358e4b8fd1ec5bb1a4eff44d0619c921c21e36856dfcc0eb7f531ac40351a,train
raw/apple/fresh/FreshApple (162).jpg,apple,fresh,local,v3_c9dae97b9334793c5ca7666a66d26fca,0db42a87b6133a9e52ca25323d428e5720fab17c51d48dd3d2e8821245e04554,val
raw/apple/fresh/FreshApple (163).jpg,apple,fresh,local,v3_f2eaa1ded659654e71f04bfda33729af,304b657b2b5ec94b04ed9f96a264216db4f512a2d6f2aad473469eb39d2174b5,train
raw/apple/fresh/FreshApple (164).jpg,apple,fresh,local,v3_ff533a2eb97dad45eca57db07c740ba6,6ce89ae3f2ba3380546bbefa5dedbe5cd535c0c4ac04aca3d0cf0a6fae480476,train
raw/apple/fresh/FreshApple (165).jpg,apple,fresh,local,v3_1aa9697910583998f7ae2034b515da90,57267d633d5c83f8e1bca97330f2422c544e856b76afce4f10e9c261f99abd11,val
raw/apple/fresh/FreshApple (166).jpg,apple,fresh,local,v3_ab9fcb7800a9a07354b7542826ff8957,a4fad10e730031e4f5404c347fa298a84bd3d09bc19d9cc2fe5af477ffbd2ffe,test
raw/apple/fresh/FreshApple (167).jpg,apple,fresh,local,v3_ccb6db8dc0a52941cd91afc4e9382af0,2a36fcd276e37d8e5d0f69aedabf2bdb6b768b5acf3e4602299b8e726957ddd8,test
raw/apple/fresh/FreshApple (168).jpg,apple,fresh,local,v3_bfab29629d0cd9af1a0bff150b503de9,710b4321f5352216fa22f07efb76d242c8368957c030a5b2c002580a1c6110e8,train
raw/apple/fresh/FreshApple (169).jpg,apple,fresh,local,v3_87594af70eb65e113ce7f714812a23a9,8e5be7e810053a9d316bd672ce67e49ee7f3d5c7bdaae8e1470c3bf8af5f509e,train
raw/apple/fresh/FreshApple (17).jpg,apple,fresh,local,v3_59f18173722465e4fb9081a08c9c3e0e,8fadb2194a89527344b12121f90b30976db11acea3f8b3a699ab3249a8f56f35,val
raw/apple/fresh/FreshApple (170).jpg,apple,fresh,local,v3_13f156aea3cbded93833ca85e0755df8,817910f1a73cc2a4c1b5b6848d0a1723820439358ae3792743a735c0a83c8b0e,train
raw/apple/fresh/FreshApple (171).jpg,apple,fresh,local,v3_fe2f73053f9293bcaeb892c6a91e0bfd,0d79ed4ec6f36b78f5c0e5ddc40858c74b4215bf7c432405706df30dc27f84c3,train
raw/apple/fresh/FreshApple (172).jpg,apple,fresh,local,v3_0931026e145c0c2438cb756dbbd85df5,5b6461cdbd8afc85ea017268ee1beed6a7557e207f34aefb8aa0e736304496a3,train
raw/apple/fresh/FreshApple (173).jpg,apple,fresh,local,v3_7a62f2b61dc50c89518ab45762afb4ec,ef80c7814673b7ecdab0500474ac8186cee6b22f5003472cf9dfaba59800cc18,test
raw/apple/fresh/FreshApple (174).jpg,apple,fresh,local,v3_a12ab05ddb67c649c75d6f7274548423,3515fce012a3fb2dd2668fcb5518793c9b94b94c25b1d55ca523cde3bb5250d0,train
raw/apple/fresh/FreshApple (175).jpg,apple,fresh,local,v3_45425d221b7de913ad18de2ac6eef387,060fd6f2d2163b186c419a577628184c71c6a0d7a564c6e1b48c9c03e2d3761f,test
raw/apple/fresh/FreshApple (176).jpg,apple,fresh,local,v3_1e7ba16586312cfb95b8b756d16dd6f3,8411592a1eab0a3d26f51c6246133675936db62079d54c3ee9981921a8d93ca9,test
raw/apple/fresh/FreshApple (177).jpg,apple,fresh,local,v3_a3682848f540b4baccde0233d10f55ee,23171f4a0514c0f29f8f199d007ddd1f206f41d27efec5e4915123954bd9b0f3,train
raw/apple/fresh/FreshApple (178).jpg,apple,fresh,local,v3_a472cb8576a846bf0accf61e39dfd97d,b02b3e847650370ca95abe9884579661fdcc22719dd3ccaa84900e07c73884ea,test
raw/apple/fresh/FreshApple (179).jpg,apple,fresh,local,v3_35b9cb706471e7b40fff3de1236f1b8d,52136c73fc369b4910fd9f6636bcc386515307e987bdc768a2a75ba20eef5e5e,train
raw/apple/fresh/FreshApple (18).jpg,apple,fresh,local,v3_8a917019d771323d2ec8c217d2453308,44c0fb9524f969668ca347991665dd1ded63c07f3cf9ab861f0047b3fd31487e,train
raw/apple/fresh/FreshApple (180).jpg,apple,fresh,local,v3_4d853654cd9f1e7b1b5d125d4e34d26d,3e8c190a759d3101ec8e7c6f9edac82ec41bca17adcae8b7dd18600811f3e827,train
raw/apple/fresh/FreshApple (181).jpg,apple,fresh,local,v3_2eb7b694a53739acdd142323b9e7db61,da90c8fa6e5c4df23bd7169ba5d392b6f0183d12e6b888cebeae4acd1f701b8a,train
raw/apple/fresh/FreshApple (182).jpg,apple,fresh,local,v3_fb20a6c33b3d07984519b789212f02b0,71508713528370c6246db82ac4b74bd1b24c651119c0caabf20891528694e6b4,train
raw/apple/fresh/FreshApple (183).jpg,apple,fresh,local,v3_ebc5c30f2e124b8893f50447bbd05069,f7509413df2275e7a33549bd6401a4c6f09232e987a7d05266c90b37c402896e,train
raw/apple/fresh/FreshApple (184).jpg,apple,fresh,local,v3_cffb68dc9283199c3a987756832e2fe3,dd3d5a58966666487dbeb2bee62072f31aa7894947fcd1e02a877c2ac6fa9e1c,train
raw/apple/fresh/FreshApple (185).jpg,apple,fresh,local,v3_3ff79990ab566c39cb9869209553ac69,5a353dd6a22d155789e0375df1d6d5e8ea064210e7ba829177702eec98848def,test
raw/apple/fresh/FreshApple (186).jpg,apple,fresh,local,v3_c025df47635cd3562422fcd8760de847,8b60eea43dac59fd03d127b3b85e522fc20cae5b9ab7ec26d44e31bef0ef1b42,val
raw/apple/fresh/FreshApple (187).jpg,apple,fresh,local,v3_b6a0c3d367c6819c81ba6717f3f984db,63e85d16ab89f597e116119c6c0c61ead45a8f591f8e095028480e4722ef6a7f,train
raw/apple/fresh/FreshApple (188).jpg,apple,fresh,local,v3_8d1a6cafc63515f6a4b051bc1a6f785a,685dfb853baf191ac25d00c244f416830dddc6b1fc68944fcfab6015c49f8f0f,train
raw/apple/fresh/FreshApple (189).jpg,apple,fresh,local,v3_efd617aacd54848d28113d42457807bb,895f2c03e0f701423dfcba19c1807dfb3d69a9f74c2d78d573e5e5276c718e17,test
raw/apple/fresh/FreshApple (19).jpg,apple,fresh,local,v3_4612a64b8e42b335dff41cb690763c52,d5ea9883902d24d8129c5dd00dcbf2276e69b904dbef0e88b75505828a719f72,train
raw/apple/fresh/FreshApple (190).jpg,apple,fresh,local,v3_747f2f89d08a78e22149453c519a2afa,e545133a888abe7c2e9a958288f54c56d674c95d6ca1230ac39fb74945424a92,train
raw/apple/fresh/FreshApple (191).jpg,apple,fresh,local,v3_6e7f4832f1a5e6e7f49cdd90a319a53c,cd479653a143e2e345e583b5a36d1ef2c172a16891209a958da779010d2042be,val
raw/apple/fresh/FreshApple (192).jpg,apple,fresh,local,v3_c10fd56f84942a5ec62e6d24f6753198,19db7a4e7c5419d489c4645c04b73b90ca8f835e09fecd73c67d5f7e67d7d662,train
raw/apple/fresh/FreshApple (193).jpg,apple,fresh,local,v3_23080f2979553ab19bb4761883de838a,ffee765555665c5572fcda9efdfcee1269cdf2bf3fd47a290530fc7cf1a11cfa,train
raw/apple/fresh/FreshApple (194).jpg,apple,fresh,local,v3_a91b9b60e3ed5c63116a488861c065dd,866fa4994861e7283c2db7f5a486372cf6738d12245f778803e1498456ea3798,test
raw/apple/fresh/FreshApple (195).jpg,apple,fresh,local,v3_32cf8173bab51c857d7e1fb8445a29b6,7d4fdde7cb5daaf89164f19abc4c36652b8ac1af3980b4d6e4690721e21c5329,train
raw/apple/fresh/FreshApple (196).jpg,apple,fresh,local,v3_9c7442774551fef8e273a2aa0ab0dff0,160eb85a35c29281855eba3377f617f843299aeb34c55247889b6ce4895693b5,train
raw/apple/fresh/FreshApple (197).jpg,apple,fresh,local,v3_2031bca90e5f264a24e7fcb0815e283b,63a0f7f8e98b8a9e3b36372ea6780381235ff8fe9e328e9414bcf481da9bbc17,train
raw/apple/fresh/FreshApple (198).jpg,apple,fresh,local,v3_8c1ffb85e6dbf732625d2ef611cee798,beb3af6f6b4e8c73fb391cfc73a8482c0a0389e2e527e9c290e5aa16ebf0f735,train
raw/apple/fresh/FreshApple (199).jpg,apple,fresh,local,v3_f979e006f164b6de0b8ce0e866d49944,a495b5713d2e19802ba7816466671d66c2eb0dacd4bbb884e966c9625516ef61,train
raw/apple/fresh/FreshApple (2).jpg,apple,fresh,local,v3_e89e54739c089f184ca42bb5a1063708,700a3c000a46cca8ee68cd0f9d83c0a9cd0dcbdb2b0e02b86f52bb9ef586beec,train
raw/apple/fresh/FreshApple (20).jpg,apple,fresh,local,v3_8e97b26fa90318670458330dfee974fd,8b8d56fcecedea624d206894220005bfbbeb1262559abde6632c51fea6f65757,train
raw/apple/fresh/FreshApple (200).jpg,apple,fresh,local,v3_a9ffdec4a21945fdc936f6cfaab45c3c,72305aca5756d3aa509607eb858ad2008896058ea2f793500dc56a14b0fa40b3,train
raw/apple/fresh/freshApple (201).jpg,apple,fresh,local,v3_ea3753f47de172c5938c57ea95b204de,84b4fc63a56a7d00ca4ff377c649774331c0c8ae14a43340d25a156460890aeb,train
raw/apple/fresh/freshApple (202).jpg,apple,fresh,local,v3_4d551e83fd09a3fe9a5822a4c270ee4e,d856112fa423067333c6e42ca82aeaddba45f74d41228eeb940a84f0f45060aa,val
raw/apple/fresh/freshApple (203).jpg,apple,fresh,local,v3_d8e6b50dd15fa8cd9edd0d1bbe37ec02,1c88d07439cab5fafabd20c3fe701b2e80abc4e5984e8ea7c82305b2c27f2353,train
raw/apple/fresh/freshApple (204).jpg,apple,fresh,local,v3_c84441de0b557032b409e6e64e491fe6,08dafea24a17bea0eb3479e9db0fbb0e6e91c9b3e7e23a054f568e349106628d,test
raw/apple/fresh/freshApple (205).jpg,apple,fresh,local,v3_7354f4d9b082e0974786fd3d71ca45dc,e89b0aeda089277535e14335b07c32bb29fdf83551fab60aa92359d41c6be9e5,test
raw/apple/fresh/freshApple (206).jpg,apple,fresh,local,v3_de1624a525761c6830a8580253af5cea,ee25e00aae36d9b668890713eca8cc61525b2e542dd8f65213825e7908f89faa,train
raw/apple/fresh/freshApple (207).jpg,apple,fresh,local,v3_a0bdb60aec08f128b24f0d6db49a7d91,638b22e052d3582feb8311f637b143fb2aef3f088c6ecd185d5d0900cf760642,train
raw/apple/fresh/freshApple (208).jpg,apple,fresh,local,v3_1d11208011655da5949d85693e3567fa,e3b75984f530e3a59445a850e220528789f79667bbdb67991214739ba8e94658,train
raw/apple/fresh/freshApple (209).jpg,apple,fresh,local,v3_d38e344b1b3faa82a3e01e3a4bd87ae5,74d90d60052fc43e57a09d535e0b09a622ac5caf72f9ae96ec98c9ceaf2f876d,test
raw/apple/fresh/FreshApple (21).jpg,apple,fresh,local,v3_ca04412b32e3971dfec4359548c12a68,ea15c0ee0901a52d97db6b5057ce5b69ac39a75ed5a2e5a62fee51c27b4910fc,test
raw/apple/fresh/freshApple (210).jpg,apple,fresh,local,v3_a4d783efa17a0b8f1b1878b98b136f18,664ecafebf1f490d9c4aff38cebb11ec1fe3f0a9b1af694c6650be7282223da9,train
raw/apple/fresh/freshApple (211).jpg,apple,fresh,local,v3_b5658d2d259094d370acedb0bc18bd72,cfb6c37ab1263f0c16563c38c63272200eedfbe92cf2b438ca53921af62a8226,train
raw/apple/fresh/freshApple (212).jpg,apple,fresh,local,v3_c2557e564100250b0ad36cfe9e02f85f,d0501e628a2c983bdcc62a1355bbc71ca7246147422eac6b9b4c7cbaab1584a7,train
raw/apple/fresh/freshApple (213).jpg,apple,fresh,local,v3_8b11a2deab42481d34f0d23c4930ff39,a677e87bee6fc42c98bca045519aa51b8236514180d327b3c495b72a78d80df8,train
raw/apple/fresh/freshApple (214).jpg,apple,fresh,local,v3_7fc7636c66a6693f0f439615e70b7fff,e72a8547dcecb549afd2a95a2bf378019bf73a4fa101aa1a90ab50de79fbf522,train
raw/apple/fresh/freshApple (215).jpg,apple,fresh,local,v3_cd4680a4ae97e158122d9d9b07ae3d33,be9df2077c2d92e725feab919c17bed2a0e2e640590cb0dddeaa76a86a858fc9,val
raw/apple/fresh/freshApple (216).jpg,apple,fresh,local,v3_8847ed764a77ad1c2a4704880d26b0f8,663aac478afa3f22ccf5bdf841fef0ec9ead3cfa30ab52d86afd1298f83c2b22,train
raw/apple/fresh/freshApple (217).jpg,apple,fresh,local,v3_10fe6ae8471eaf66410cdba5a2cd5229,e35bd8b2786c88c955542dbf3886760ab008190d00d514e0b5a94eba25f4c2f3,train
raw/apple/fresh/freshApple (218).jpg,apple,fresh,local,v3_3b365d31366633967d20c361e4f13d0e,8d9405d84a204db179581f38db282dce015431caa50a03b1795191fb607b9b13,val
raw/apple/fresh/freshApple (219).jpg,apple,fresh,local,v3_4876439cd17338b650f71f4ca1740cb7,a6cbc23d778bd087f6207b8697c1f6931b020c2ed58b5045852797945a8df91a,val
raw/apple/fresh/FreshApple (22).jpg,apple,fresh,local,v3_b1949cb887b1b86e4584a83a6b2d1044,2a77812e763d9203a23aad5e240d7e4b3d7dde1923939edf2c2aafc2a108886b,val
raw/apple/fresh/freshApple (220).jpg,apple,fresh,local,v3_ac868b7ee5bdd7d12723e6bb759c7a35,27787965685335de40cdb2f802f595333173deea3d8154afa625733d0f73196c,train
raw/apple/fresh/freshApple (221).jpg,apple,fresh,local,v3_a275fb8ad277dd3e3f6d2a198763703f,f30b86aba1f87dcd60de28aa8722f8ded72826c4b584955d6e92751c9127ec4a,train
raw/apple/fresh/freshApple (222).jpg,apple,fresh,local,v3_b68d5db61fdb62f0dbeb859895c6ef6a,839ec1e053cfe9cc9e647e3f72fde6468ee49a4405cc52272b708d54a37fbd5b,train
raw/apple/fresh/freshApple (223).jpg,apple,fresh,local,v3_f4683b3a50ac0240a4c7081ddeab9f42,8cc6b44b4fa031bdfb3be30e423be739f4d6465353b2bfcd3c10d929b022d679,val
raw/apple/fresh/freshApple (224).jpg,apple,fresh,local,v3_6ba14a513c164f606701b9f358f6edb3,e30514064eb45c996b4e96006f61e7b894bac4eda3c01bc98fd11412f5f253b1,test
raw/apple/fresh/freshApple (225).jpg,apple,fresh,local,v3_6ba14a513c164f606701b9f358f6edb3,cd40478ba1582cd51ad6607189e1e32a722c0aa03a4e0c383d11c8b4fd9c4f38,test
raw/apple/fresh/freshApple (226).jpg,apple,fresh,local,v3_6ba14a513c164f606701b9f358f6edb3,9db419704c96db2a5783946885d838004e12e9a42bdf065b09a7e4eaa9b70862,test
raw/apple/fresh/freshApple (227).jpg,apple,fresh,local,v3_6ba14a513c164f606701b9f358f6edb3,a4688732d20a7d035ae70f954db401072bb2724a512d00a89c63198d16e4d1ba,test
raw/apple/fresh/freshApple (228).jpg,apple,fresh,local,v3_6ba14a513c164f606701b9f358f6edb3,13e963ec0fc3a1105174af47973c2661ded68b4bfa11dd3ad9ef4c75115a448b,test
raw/apple/fresh/freshApple (229).jpg,apple,fresh,local,v3_6ba14a513c164f606701b9f358f6edb3,7614d5a8800a460112473790ea528dfbd159a0f55357eb5b012034473201b972,test
raw/apple/fresh/FreshApple (23).jpg,apple,fresh,local,v3_26dc54a89141aa500170164f44b3e5f1,c7096eee3c6815ec0441402a0b0f090823fa336ab6d50273c6a52b08d6f0cf30,train
raw/apple/fresh/freshApple (230).jpg,apple,fresh,local,v3_6ba14a513c164f606701b9f358f6edb3,015133ef33462cf134c75047573b987bdd6becc7785f69d84fb894f37f031433,test
raw/apple/fresh/freshApple (231).jpg,apple,fresh,local,v3_620d559a43445e0bac52a0191f4f39da,807df261d77edbcb03e9fef3c93dbf0613382a97a9e723f9698c5a8127beebfe,val
raw/apple/fresh/freshApple (232).jpg,apple,fresh,local,v3_620d559a43445e0bac52a0191f4f39da,a31f74a9518a5d381cc1dfb5cd2da1b82d70094581a9130d039cfc442f7edcda,val
raw/apple/fresh/freshApple (233).jpg,apple,fresh,local,v3_620d559a43445e0bac52a0191f4f39da,59c5d55919b7fb47dba1913efb69c118a53bf17e6f9e0ef025f1cccbf57e2ba3,val
raw/apple/fresh/freshApple (234).jpg,apple,fresh,local,v3_620d559a43445e0bac52a0191f4f39da,f239377d4bf3a5b77598a5ac2723428f5c61f8130317836c37079d0af217b3bb,val
raw/apple/fresh/freshApple (235).jpg,apple,fresh,local,v3_620d559a43445e0bac52a0191f4f39da,6d88a695b3f805a5b2c452f2c85ab79a6a300d310184f54d019d3479976d27a4,val
raw/apple/fresh/freshApple (236).jpg,apple,fresh,local,v3_620d559a43445e0bac52a0191f4f39da,2e4ba84a15bab7aca95ecbf3c7cd60a8154e3f9d1329a29c01c25be038d27fc0,val
raw/apple/fresh/freshApple (237).jpg,apple,fresh,local,v3_620d559a43445e0bac52a0191f4f39da,93c2559bdb9d950e55f19c095ba1036f6fcc8aaf1856c060f961146103ebb8d7,val
raw/apple/fresh/freshApple (238).jpg,apple,fresh,local,v3_620d559a43445e0bac52a0191f4f39da,4f9624a6eba81f2d645726fbdea2a7648983d42f4a274b06f970491e6e652975,val
raw/apple/fresh/freshApple (239).jpg,apple,fresh,local,v3_620d559a43445e0bac52a0191f4f39da,b7e97c4028b8e3005c2a3b78cbff19d2f0a8a6b17f9417af4c5726e71bf17a58,val
raw/apple/fresh/FreshApple (24).jpg,apple,fresh,local,v3_0dfd100bea7b92d73413f8afff351f4e,e5802cb4f6531d4e0c9b2da3bb67f445ba0f7d3113ffeea4d514492d629dffcb,train
raw/apple/fresh/freshApple (240).jpg,apple,fresh,local,v3_620d559a43445e0bac52a0191f4f39da,d966641788d9c38723c016712bbd974d21674aa35034eaf65adde605ad03ad70,val
raw/apple/fresh/freshApple (241).jpg,apple,fresh,local,v3_620d559a43445e0bac52a0191f4f39da,a53b6bb1ef2ec9dc968ab058198f54b2af0fc3e73d9d7aeecdb3ca1329fcfd50,val
raw/apple/fresh/freshApple (242).jpg,apple,fresh,local,v3_620d559a43445e0bac52a0191f4f39da,3f945d086f821099cf824f58b2181821dec811eaaca9b6d892b7a578f3974f7e,val
raw/apple/fresh/freshApple (243).jpg,apple,fresh,local,v3_1975ff99c9fa972c1f0588b4ac29a27e,1ae0c8fa5c252f122c0257ea168b6517843b73efb4bbcb0006d6c84e2c8dbaab,train
raw/apple/fresh/freshApple (244).jpg,apple,fresh,local,v3_1975ff99c9fa972c1f0588b4ac29a27e,e4a008a8e9d71e666e3c1d26f398c75c85473f3a0a296fa4f5813f0eb12ed90c,train
raw/apple/fresh/freshApple (245).jpg,apple,fresh,local,v3_4bb6df194973554ca1b06d9c23ee3f50,7d43fe4a5940563561c0e7bdeb1ab222a119d4b51d03fa37569bd3927acbc016,test
raw/apple/fresh/freshApple (246).jpg,apple,fresh,local,v3_4bb6df194973554ca1b06d9c23ee3f50,8a6c84dee10bdd3060d470a87fc33209e11a7f945dc9a64aa319d34b28a29bb0,test
raw/apple/fresh/freshApple (247).jpg,apple,fresh,local,v3_02d983324fe9181c13168059447439cb,9e01ed4bc351cf33120eb39ada07bdb91169c80141bf10a1a8d368cc6c234a93,train
raw/apple/fresh/freshApple (248).jpg,apple,fresh,local,v3_02d983324fe9181c13168059447439cb,17a84da3e32e96a6c3254f2c072c7d4cc85793d6dd48e15b184880408a536f00,train
raw/apple/fresh/freshApple (249).jpg,apple,fresh,local,v3_02d983324fe9181c13168059447439cb,f98ae2515e419117de70fdc30b169cda0a13cbffbefa17b8f8c5069c64c8f63d,train
raw/apple/fresh/FreshApple (25).jpg,apple,fresh,local,v3_cea6397f6f913bce90013a47a6e93461,1c2231540953cce36e1aa8ce23d0e750396019be1a89c91e3c01439d0a8b196e,train
raw/apple/fresh/freshApple (250).jpg,apple,fresh,local,v3_02d983324fe9181c13168059447439cb,9606f7f69e22b92e7aab0f4d87f5b9f111002d15b7a2f1919c42eabdb816e6e9,train
raw/apple/fresh/freshApple (251).jpg,apple,fresh,local,v3_27db5ec5cd5935c6b0bbac81a60ae2c3,79c6fee89a24c0e0d9d30632283e58ed35b97359e951c0d013e7070722336e80,test
raw/apple/fresh/freshApple (252).jpg,apple,fresh,local,v3_02d983324fe9181c13168059447439cb,ca2c529f8558ba47142e8553029e9523a66c6e7c4f20ac9deeb562def66eeafc,train
raw/apple/fresh/freshApple (253).jpg,apple,fresh,local,v3_02d983324fe9181c13168059447439cb,c5ac9501e82ce68820585a976f7534cd7d51d581bc6d80179e745d44f4b8ebe9,train
raw/apple/fresh/freshApple (254).jpg,apple,fresh,local,v3_02d983324fe9181c13168059447439cb,d49a1542d5dce0817b48e85d4b9a842f20b5f89749960fea5fe18bd51354e6e7,train
raw/apple/fresh/freshApple (255).jpg,apple,fresh,local,v3_02d983324fe9181c13168059447439cb,1fda87dbfbc8e81b97f76086215bb823003c7b7b55ae82c91113da88df89b070,train
raw/apple/fresh/freshApple (256).jpg,apple,fresh,local,v3_02d983324fe9181c13168059447439cb,4b67b3242716ebc1895bc5438b9bba087d80e35fca3a8af9e34e39b8c831c9ee,train
raw/apple/fresh/freshApple (257).jpg,apple,fresh,local,v3_02d983324fe9181c13168059447439cb,e9a523f65feed1c49bf084551bfec76fb0dca41856f1f839458ce214a08cc734,train
raw/apple/fresh/freshApple (258).jpg,apple,fresh,local,v3_02d983324fe9181c13168059447439cb,3b04ae2b3f82539ed2f36e268ffa7552dbf9d344072a61557c9c050684fd64a3,train
raw/apple/fresh/freshApple (259).jpg,apple,fresh,local,v3_02d983324fe9181c13168059447439cb,956eb14fbf4b42d31bdfccd6abf64b55734256a4b7c0b74cdd7acecaeda4eff8,train
raw/apple/fresh/FreshApple (26).jpg,apple,fresh,local,v3_041b966f2127ea50e28e3bc6e0e4f6b8,1ee12158795ef38219e28622beaa4e098c1f9fa70a38b4dc0ff8c788ca6d17ba,train
raw/apple/fresh/freshApple (260).jpg,apple,fresh,local,v3_02d983324fe9181c13168059447439cb,40a15aed78f7310f776e965eda2ff25318a92f0a80d418ccb324717d47b9529d,train
raw/apple/fresh/freshApple (261).jpg,apple,fresh,local,v3_02d983324fe9181c13168059447439cb,be2c7e7ab4a1e735857df204155b45b7ae7dceb77014c2c58cef3dabc8765690,train
raw/apple/fresh/freshApple (262).jpg,apple,fresh,local,v3_02d983324fe9181c13168059447439cb,73f0e68aa9c360e9b896f0e8ece73e5054761a9041b85628266644fa7341ec74,train
raw/apple/fresh/freshApple (263).jpg,apple,fresh,local,v3_02d983324fe9181c13168059447439cb,de42a93f133331210934d470661ad86da607cf163e71dc3be45331de96524c81,train
raw/apple/fresh/freshApple (264).jpg,apple,fresh,local,v3_02d983324fe9181c13168059447439cb,6ed084e2b6a29a18014b20c7e2ebd709c5873de97fe9e5c62d222ab565c65d4e,train
raw/apple/fresh/freshApple (265).jpg,apple,fresh,local,v3_02d983324fe9181c13168059447439cb,7d654c2331672b088bd1c895253df3e2dec0d42d3e0fb5405bb91b84290af3bc,train
raw/apple/fresh/freshApple (266).jpg,apple,fresh,local,v3_b5658d2d259094d370acedb0bc18bd72,246cd19cafd29b62d24f60dec37e668f2b2b8902ad78f23bd4bd8cb2393a29d7,train
raw/apple/fresh/freshApple (267).jpg,apple,fresh,local,v3_73fd428284ce5589ca74fd2d728cd11d,98ba7e274d22129225f70599ded0167c415e35bf75864a8492fe2b388a7c6789,train
raw/apple/fresh/freshApple (268).jpg,apple,fresh,local,v3_136decc813265a721b37bf9361e00824,fee3835b7ca6b470590160a4411a42c13183d406d602a0263d8e9b8591c3e4f3,test
raw/apple/fresh/freshApple (269).jpg,apple,fresh,local,v3_a5cafc1a9ecb0592b59ed39728400d06,8492f2c38f5125725f8da287323b4ae52761e021282ce6c9023663d5e274a43d,train
raw/apple/fresh/FreshApple (27).jpg,apple,fresh,local,v3_f69afddd5a42b7b504181ac9f3749077,90d307bf07d63f4a3e345a2c3114e0a5308955d79256ac1bf11b08345cced7b3,train
raw/apple/fresh/freshApple (270).jpg,apple,fresh,local,v3_0ac1c11ee899a2c28c2430c078bb39f2,a427f52ac151996229d2781438d70285c5dbf7d76451482188aba9dbfe9b54f6,val
raw/apple/fresh/freshApple (271).jpg,apple,fresh,local,v3_607bf3e5c4fbda8390b3de5414df01b5,11798cb910e554e6a4331fbaecd1dca347948469fcb8c950c47d9615a122a631,train
raw/apple/fresh/freshApple (272).jpg,apple,fresh,local,v3_d0324efd30b86cc54cce36556ee83b3b,70070e49744e869d86519fb66f92a0ec7d35589ab720b8a6af13fa9f74cc86e3,val
raw/apple/fresh/freshApple (273).jpg,apple,fresh,local,v3_dd1d75c8e76574c9bce4b96975bc1f6d,32379bd4323a189757b920c35b10cc5c523dd92a80d00809540b47a08fc9bbc1,train
raw/apple/fresh/freshApple (274).jpg,apple,fresh,local,v3_71cf4ce618bde23182458e2f7b05d001,0e5af55053e57c4135542e004085bc2aa192f9de8c47d0cbfeeac0d67ca3cbed,test
raw/apple/fresh/freshApple (275).jpg,apple,fresh,local,v3_d5c3a1e358f10adbf7ddd4daf9e9e889,f97d56d7fe8f78b14f54df3dd78ecd260437178886427d9b2e3c232ea997cf1b,train
raw/apple/fresh/freshApple (276).jpg,apple,fresh,local,v3_a9b741dfd7968b81bca93c0b243742de,7d54cdeb63cf52c583ec926be4f3b26b02999308913447c66ed069dbfd2427d9,test
raw/apple/fresh/freshApple (277).jpg,apple,fresh,local,v3_1af91607dd347b08c3f67b05045147b4,18b1338da9f2c72140d33181572ae8f1dcdd4b7204140e49cbfd3a9c80c1810b,test
raw/apple/fresh/freshApple (278).jpg,apple,fresh,local,v3_cd7c49e9586f000514906802992c59da,8cbb4966c40ac7ac93ad6850730caef9581f052189297310a91ac1bfa1bb9dea,train
raw/apple/fresh/freshApple (279).jpg,apple,fresh,local,v3_c4a89345d42c308ec109724fac43f442,cb71f1737760bb634f3063d213d63d99fbd4f0f55f2e56061e1124cdc48913ee,train
raw/apple/fresh/FreshApple (28).jpg,apple,fresh,local,v3_3f940487c1db294227be15bc1d6c8f7e,2550c6f5411959484c1eae7a8491db80b7315badcd3b1a459e6196d79e6a4f3c,val
raw/apple/fresh/freshApple (280).jpg,apple,fresh,local,v3_e4f2a2f5f3c1a4cefed0a23de3107aa0,5ebdc2ecf063456e3f7e8a5075b15aeea560c0bb17c2dd67c15e60915218388e,train
raw/apple/fresh/freshApple (281).jpg,apple,fresh,local,v3_a095a0ee7249c2deb8dfe61d3d4949ce,8fb454502fdff5eac9b8ec2c08e35f8f962c3ed616f6ef2d54519156d522942c,train
raw/apple/fresh/freshApple (282).jpg,apple,fresh,local,v3_e4f2a2f5f3c1a4cefed0a23de3107aa0,3c4768df99e08fa94f6b3f8314e0b15c7d2afc1e5afac39d4a72cb5140d14802,train
raw/apple/fresh/freshApple (283).jpg,apple,fresh,local,v3_e4f2a2f5f3c1a4cefed0a23de3107aa0,818ef15b9f5c91741793152c389965ab9e773f0316c2acd8815f28ff9230eea5,train
raw/apple/fresh/freshApple (284).jpg,apple,fresh,local,v3_e4f2a2f5f3c1a4cefed0a23de3107aa0,cbb91175c6bb4e6e2012ca465cfd316f5455fc5f348de10b6804ed4053fe4910,train
raw/apple/fresh/freshApple (285).jpg,apple,fresh,local,v3_fe55fd44eec840476bc934774c6d0f71,3ee94cba8f98c526052abd213081ab36aa88a81cca6cabfa6753c7d18e6ddd6f,train
raw/apple/fresh/freshApple (286).jpg,apple,fresh,local,v3_fe55fd44eec840476bc934774c6d0f71,6a615d670d3963dc6c3928aea6e4289c101243e63f6023425ed65b8f95069fc9,train
raw/apple/fresh/freshApple (287).jpg,apple,fresh,local,v3_ed19d84633b3ff9c654ef24a574660e7,da36b306f3065572ad21d3fc008f503393971ca1b4eee7e752434436bb925b9c,test
raw/apple/fresh/freshApple (288).jpg,apple,fresh,local,v3_fe55fd44eec840476bc934774c6d0f71,e18999de251931e1d38b42455bee9f2519e3ff8571f0d7d6c31746273075ced5,train
raw/apple/fresh/freshApple (289).jpg,apple,fresh,local,v3_fe55fd44eec840476bc934774c6d0f71,f32f7da9c716a5b4ca602c09713d87d252678655d496f7c73e3da50251f9effe,train
raw/apple/fresh/FreshApple (29).jpg,apple,fresh,local,v3_19065a061eb408d2447445ee8fdefffc,415ffbf10faabe0ba35e0a10d7899f77fa1f8e560ec963554017b53832a8a0b4,train
raw/apple/fresh/freshApple (290).jpg,apple,fresh,local,v3_5c3b861f6ee195f68a0a38266f7cf6a6,41577fc0fdc165744c2cbe46a29d8fa5e41bba2ab97233145f131f9660606292,train
raw/apple/fresh/freshApple (291).jpg,apple,fresh,local,v3_19c44638bc59bec3450199e8662acd1c,587eb1cfba164c4c32876d44260d25a1bb9267ec0ee701933bd27f53bfa327fd,train
raw/apple/fresh/freshApple (292).jpg,apple,fresh,local,v3_19c44638bc59bec3450199e8662acd1c,c51fb50f465192922a1cb32af56cf79046abe5772fdb81578a171af5baed6268,train
raw/apple/fresh/freshApple (293).jpg,apple,fresh,local,v3_cac856da9576d5f6e4c9b11bd8bdd6b4,2379a1ca3a50cc060e646ae0dd8cac689905c818929999105bd688a2cf8f0a03,train
raw/apple/fresh/freshApple (294).jpg,apple,fresh,local,v3_29163d06fd136fe9730efe08dbb37ba1,6f0ccf3cf9b83eb1c1e22829e73a0cf4290a85b06ca2d6f403e6921a053c3ffd,train
raw/apple/fresh/freshApple (295).jpg,apple,fresh,local,v3_d51717b4de25bf85c42e28d059403a94,d5698cb71c44b3946b49f3b34e6cab24e667958e4415ae696e25ea66143dedbc,test
raw/apple/fresh/freshApple (296).jpg,apple,fresh,local,v3_c5841de0d008e7a47024c8bcb00db630,a37d283d50a68cc9d5bf84682ea34d84a24638e726335308b437f199433a4edd,train
raw/apple/fresh/freshApple (297).jpg,apple,fresh,local,v3_c5841de0d008e7a47024c8bcb00db630,384a9b64b10686c1eed5847ebb6a9811ca6711b4316b71f32ebe91a26d0afb63,train
raw/apple/fresh/freshApple (298).jpg,apple,fresh,local,v3_db192f65f26ad1a71020a5d5903e4909,08671e960413c91c287e0fcca91c6d05e557da0239b95040fba8d217e2d7f602,train
raw/apple/fresh/freshApple (299).jpg,apple,fresh,local,v3_c5841de0d008e7a47024c8bcb00db630,5c46c0380d65811601f345c58afbcd64ca4a6ec044db9ec83fcf6550bdf30938,train
raw/apple/fresh/FreshApple (3).jpg,apple,fresh,local,v3_45c82cc24760287430d7a03d67196f0e,ef6ce7cc4c7df2179d7e708609691672bd96ad397dba4ba99b314947a33c10e1,train
raw/apple/fresh/FreshApple (30).jpg,apple,fresh,local,v3_b457995b505f993544244ce825f93654,e53da60ecf18c8f479b939326f056d2dccd59b727a7389be003b35828c89b871,train
raw/apple/fresh/freshApple (300).jpg,apple,fresh,local,v3_16a3d59917344700ad16d7ded04ffe91,ae6ed3b97083ab91cf78af76ba61c182127c828391ff235007463215ad347969,test
raw/apple/fresh/freshApple (301).jpg,apple,fresh,local,v3_02b75ab06bac19bfbd42dee2d96ffacc,f90fa9dc8ca7fe235ecfe44425b1284ba86141be76a38e70eda10240fe447b9f,train
raw/apple/fresh/freshApple (302).jpg,apple,fresh,local,v3_d9b7434df792126eaf385efe34af4bd0,2c0ede02abb4ebfcc0d5d33f9d68e7706b0af8af157db8bc223e83a06c58ebc2,train
raw/apple/fresh/freshApple (303).jpg,apple,fresh,local,v3_e76de0cee928f6874d206d290a3def9e,e2f94fcce08177449eb31f1a8f31a7dd4152fbc9c6a91f843b0708cd7beaf620,train
raw/apple/fresh/freshApple (304).jpg,apple,fresh,local,v3_430069843a71e10f6d3cb6c549615a0c,16f14a759ecb07c755c86ed39c54c5a053e050d86c3a5c2a9a6e53c46de6e9db,train
raw/apple/fresh/freshApple (305).jpg,apple,fresh,local,v3_f511a635e7de5dd9a55d1930f67f5837,c5fbdda1e81bd000a13175528f019cb2bb0db9b1e34ea4ce0307932ed286e0a3,val
raw/apple/fresh/freshApple (306).jpg,apple,fresh,local,v3_272899313e26fe9d45310b868e991091,02ed6b98bfabf91c52612acc9e07c719c120d8ca9d6fde199c620d46defa0ae7,train
raw/apple/fresh/freshApple (307).jpg,apple,fresh,local,v3_28845de3be48935927167acc402ec281,e6fef5c5233b1366b034a16823c4cf6ec666d1ae1a501c9886b9b7d63ca96c77,val
raw/apple/fresh/freshApple (308).jpg,apple,fresh,local,v3_a48afb5466628ac48cd30959b418fff2,a5575017779a69f2ef33d56969248f5113297b59323666c535d05f5cbbc3893a,test
raw/apple/fresh/freshApple (309).jpg,apple,fresh,local,v3_86f806c84ba35323760270987274e0b9,3d48335fb590cc9ecabbe8ec40599116df435f090fa6ef2c66ca928d05f01dcf,train
raw/apple/fresh/FreshApple (31).jpg,apple,fresh,local,v3_72b8543fda0b058cba874cdb98cf9a56,a00dc7e5fcaff0096e5412556367f554bf8c1852a1b3404802f0e2c9501ec226,val
raw/apple/fresh/freshApple (310).jpg,apple,fresh,local,v3_14d5daddf37fdfa67251680533c226c5,c5940a43131ae0ce1931eccf9a90c334a2a7e919ac23962db5801b22e1922163,val
raw/apple/fresh/freshApple (311).jpg,apple,fresh,local,v3_ac29674dd08da918f5da2b834f98e6a1,ceb74c532d3535626181905c83a3856180e241540f5df2061ca5635bd2c2de25,test
raw/apple/fresh/freshApple (312).jpg,apple,fresh,local,v3_10cf4bc972f0d41a250f0017f4ace23a,2ee2e58847a711cf23222acad1cbb96f8811eab028b3d4523bf30429e8f0a52e,train
raw/apple/fresh/freshApple (313).jpg,apple,fresh,local,v3_a48afb5466628ac48cd30959b418fff2,4b33c22ed85bb53b636fe89cc2c73e1c53dd9f97824674698df1b69d45b4a275,test
raw/apple/fresh/freshApple (314).jpg,apple,fresh,local,v3_2df674ed7115ff8cbf112a29a0789bc4,a4de2ee1e74c5a78fcb33cf566afe862316cc8084898d0f0c58f8be196fae0f2,val
raw/apple/fresh/freshApple (315).jpg,apple,fresh,local,v3_f7e1a863bc469cd5913ac82f91a93a7c,16a80e9f010b48e26374514dda540168034679246bfde7faf3448bd9fbfe8d44,train
raw/apple/fresh/freshApple (316).jpg,apple,fresh,local,v3_ad55852eb7ec96e1ae35cadf7662ef68,45457c700eb7dbb0af5bebd68bbad0dd9285f8a00a084d54dbe9df16f4abc2cb,test
raw/apple/fresh/freshApple (317).jpg,apple,fresh,local,v3_fb6e70832e4ba9d220075286538b4c1c,660ff2323c379be366210384fbcb3f8b598e39624e56b0b105e1549068d23a7a,train
raw/apple/fresh/freshApple (318).jpg,apple,fresh,local,v3_1cdabb1af02bc65f5b8f147774f5aa6d,a919ea89909901d9a2222fb999e395538c9d8b4894d07d39649042a9504dc2a0,train
raw/apple/fresh/freshApple (319).jpg,apple,fresh,local,v3_1b3de152486d81cc28f60ead7a5eb862,0c6378294fb1f8c0a9f53b68000029bc3db7134817e65fb2e541287e1c99a672,train
raw/apple/fresh/FreshApple (32).jpg,apple,fresh,local,v3_4fd1714a38f69dfb2cfd36be12623970,34c392f738c53670e1cc97c1d4b4e9e8aad98127676f4b8b810121d13c4d0cf0,val
raw/apple/fresh/FreshApple (33).jpg,apple,fresh,local,v3_652c2797c9c388362bf36da55b2d5219,3b11fd5201a490ab61248b1ace382c547a36676efb7d99de88de38a19945876f,train
raw/apple/fresh/FreshApple (34).jpg,apple,fresh,local,v3_c1f314a1ddaff7a79517bd746d0826d0,670224cd3b73e04345ba969217cacecdf393bbfe4d09d48104d99339241b4218,val
raw/apple/fresh/FreshApple (35).jpg,apple,fresh,local,v3_df98c85937baf535c0bad5413a4a3340,ff9f44e111c82f5ee4d9305446ba96b9eef62b9a017def1e9965e0b90f6d37f1,train
raw/apple/fresh/FreshApple (36).jpg,apple,fresh,local,v3_8d4f9fd2dd534ffe6ded46e57bebf66e,6649b9842cd41eaf648bbe9fa1b3a481e79668f3d290e5a665f93d63276743f1,train
raw/apple/fresh/FreshApple (37).jpg,apple,fresh,local,v3_bd5ffd15825b1387b8bea6ab8e2cce90,923741917ae6ce37648acb7d04ecb5ebb82d006d4f60ead8bd0a74e5ecf54606,train
raw/apple/fresh/FreshApple (38).jpg,apple,fresh,local,v3_291b7c16ab6670fcf48c7f897f4f6773,49290b7edb3fa05166a47fe0898cea85328ebcc2beef4dd3fb9a688da9db16f4,train
raw/apple/fresh/FreshApple (39).jpg,apple,fresh,local,v3_ede01c64f43f02ec0bf73e0a77a1dc43,235368443c784f1c674c6464e8640a7b889cb27918094adaeb92eaaa85d185ae,train
raw/apple/fresh/FreshApple (4).jpg,apple,fresh,local,v3_248be45da35316a5c4f911715850c8d6,99a5200fcbd05fcd51f7b91770ce74db17ffdc4ac3748f4491a6b3b853a68fb4,train
raw/apple/fresh/FreshApple (40).jpg,apple,fresh,local,v3_e03810866d0752de23f64cebd9c07757,f71170d280405eba69e9962220f5396709cc5790c2202974d20fbb11278a2add,train
raw/apple/fresh/FreshApple (41).jpg,apple,fresh,local,v3_8b6fed2eba957d78f2e4d6ef7b47fff6,fa4b6a49446fb2c35607798e84a75a4f39ae2079a5578136ed3f7d7461e676c9,test
raw/apple/fresh/FreshApple (42).jpg,apple,fresh,local,v3_7bc0282a3c9e34f03ad65fb1d4750221,6ad51d5a2ec9023d809530996b66743bea2a69c110a4d2a64f75bf3ffb49f7ac,train
raw/apple/fresh/freshApple (426).png,apple,fresh,local,v3_1a2cf4c56e8377953cf097e2a448b9fe,feefc7cfb85230626228dea420c089c8e3d2f2225f7e21e977f74762a7ca327c,test
raw/apple/fresh/freshApple (428).png,apple,fresh,local,v3_78a5e99d6e87878005b7fce264ad3c73,7281ee5fe74ea6945a846d3e1c3ae5aa80037866966ca2e509f4db1acc32a3b2,test
raw/apple/fresh/freshApple (429).png,apple,fresh,local,v3_b2ff4234d347eb76d20997ac5da230f3,01dc642c3c93f9079e66861ad3e9412cd282a862980fe2ffc98532d58e7e2eea,val
raw/apple/fresh/FreshApple (43).jpg,apple,fresh,local,v3_404270a7f46e4ec32dcbf2242c9784ae,def61024208195463cffb3d447064cd7378d490952a7ecd373ba780672948214,val
raw/apple/fresh/freshApple (430).png,apple,fresh,local,v3_681c47810ea8dfd7785b9f09c1ebb7b2,e2d985fcf79e9c799d2d11f7f5c3e2e3f5d7b0661b74e7ead3b7ffd98599512a,val
raw/apple/fresh/freshApple (431).png,apple,fresh,local,v3_b2ff4234d347eb76d20997ac5da230f3,53b8879693d13a45e0289bf3f79c4e89035c2aab4a5044bfa4187523cdc6af9b,val
raw/apple/fresh/freshApple (432).png,apple,fresh,local,v3_43367fb2ff679c87f6bae87ff18a4b7d,2b7e308c40163f59b917ae841fa3356d424f7522bdfc790a9fe2dc2bfee8927d,train
raw/apple/fresh/freshApple (433).png,apple,fresh,local,v3_b2ff4234d347eb76d20997ac5da230f3,73dea28bff389b5584a79c770ad542805c24cd1034f0c1079ec983d1f072877f,val
raw/apple/fresh/freshApple (434).png,apple,fresh,local,v3_b2ff4234d347eb76d20997ac5da230f3,8ca402217f8d399a1f5842a04bf6472b985cb6c6a4059def1275fac245c5ec39,val
raw/apple/fresh/freshApple (435).png,apple,fresh,local,v3_43367fb2ff679c87f6bae87ff18a4b7d,3929f4ce879f63fcf4eb4e9038724730768fdea86cf7bfbbd29c8db1d2ead53c,train
raw/apple/fresh/freshApple (436).png,apple,fresh,local,v3_1cb970910a27bdeb07609145a6812ff3,2e4c0a35f1065109835e85e12dc51ffdaad0750caa17f4d0f49369fd4587bd65,val
raw/apple/fresh/freshApple (437).png,apple,fresh,local,v3_b2ff4234d347eb76d20997ac5da230f3,30ff3735902ff8870bd085ed21490df5d3b64f38ef445d7f4fe34fdb51283dd9,val
raw/apple/fresh/freshApple (438).png,apple,fresh,local,v3_afb52804867392a1f89f044ecf496533,266a2e53d44dd1bb64953e712a9d019b776d3d0060873c454d704c9b0d232733,train
raw/apple/fresh/freshApple (439).png,apple,fresh,local,v3_43367fb2ff679c87f6bae87ff18a4b7d,83b79a903e718cf4ae64832828f97c500aacb23bfcae075196452513216dc276,train
raw/apple/fresh/FreshApple (44).jpg,apple,fresh,local,v3_6c33eff9009c2a26c9e7adb31044c8ca,29182f5dc5a55e3d97d300ba04ab85b62840eb5ffbbf945682b0c968568a9211,train
raw/apple/fresh/freshApple (440).png,apple,fresh,local,v3_b2ff4234d347eb76d20997ac5da230f3,64c27325c5501bd93d18a7ba0024dfdf67e963c93def8ed184088d48231e57a9,val
raw/apple/fresh/freshApple (441).png,apple,fresh,local,v3_fe6f5cdc7f17dcf43e9392ec4346faff,411e2dcdc45748dbab2994364f62d7ee844dbeeddffcf37594d98854b2bbf808,val
raw/apple/fresh/freshApple (442).png,apple,fresh,local,v3_44fc6754f741a7c7e79de7254729ef70,186e90489707ec7bf771008416ec49be7c8b6c1fcd3f9a5eaefaf8c38808ecb7,train
raw/apple/fresh/freshApple (443).png,apple,fresh,local,v3_d386767102cdae9f883515ea89129351,e1dc0718ceffb867cd081ef7dd9eb8c0c435d862568c8208a9b5903ea7e5db56,val
raw/apple/fresh/freshApple (444).png,apple,fresh,local,v3_10218b1f108c8e022e9252dca6de3b18,aa87c8dd04a2790a5259dd0d84de07efddf3f5459f3b98bd20a3e4c07941e89d,train
raw/apple/fresh/freshApple (445).png,apple,fresh,local,v3_700e9411fed30506f89c2cf1146c721a,8fb00f216527ecb6a86985c3dbc2a53fc7cd87e030e9dcdedc172eabcef2d524,train
raw/apple/fresh/freshApple (446).png,apple,fresh,local,v3_b3549342201f8fa0e939762a1c0b1293,918967f20ab92b300f9bd4695c99cd5fa7ea2f41ccf39976709bffaa38ee239a,train
raw/apple/fresh/freshApple (447).png,apple,fresh,local,v3_b3549342201f8fa0e939762a1c0b1293,d9450fa3df2c82ae93048343f22b8cce87113464cfffb87445855ff355cc8fa6,train
raw/apple/fresh/freshApple (448).png,apple,fresh,local,v3_ae95a4bf495f1b5aca933074c453f778,04ead66ea02ea4489656d7c847d4d1b405327dde89d42080faa6241416e1001c,train
raw/apple/fresh/freshApple (449).png,apple,fresh,local,v3_afb52804867392a1f89f044ecf496533,d858ece5c8b9288c688089c8eb443427ceea439ed2c2a18550eaee14f7c5282e,train
raw/apple/fresh/FreshApple (45).jpg,apple,fresh,local,v3_7f654f4686c3383fcec78e2f82a7685b,087fdbac3f45b5ef28e656529214896d85022235ba6fbe50d58fb7fd7ecb6535,train
raw/apple/fresh/freshApple (450).png,apple,fresh,local,v3_ae95a4bf495f1b5aca933074c453f778,c5f936d659dde7f2285a2944b81e0506e64332107f8cdf5372fdd9bd788cd37a,train
raw/apple/fresh/freshApple (451).png,apple,fresh,local,v3_ae95a4bf495f1b5aca933074c453f778,700dc2a87d479743a60aa017f6708fed41b8ceaf993df32d57b1d28c4880ad87,train
raw/apple/fresh/freshApple (452).png,apple,fresh,local,v3_1208a0081d09bdeccacaff877bc71fbf,7ab8c1ef94d832e9baf66e05919063a095b61637f1cc3bf7fa011308c329211d,test
raw/apple/fresh/freshApple (453).png,apple,fresh,local,v3_27860455d47b68ad945919e9757aadee,78881109f075a4e3f615aafdd0d6cac7da7e9f5c12f748a2537df53f4a4d5036,train
raw/apple/fresh/freshApple (454).png,apple,fresh,local,v3_5107fa39c603bd77a5ae8428b8317374,e92fd699fb897af7c7574772569be60d26c6ca741a18d741ee6ecaab59a3dce8,val
raw/apple/fresh/freshApple (455).png,apple,fresh,local,v3_98cbc941886bdefbb02abe07464a5ffa,c935cf5c5c33d36b84ccd7d10ea531d6abc74136058e965e09adb4795ac00354,train
raw/apple/fresh/freshApple (456).png,apple,fresh,local,v3_72880f58730056633dd616dde079c3cd,bdee8f509799df90bc8fc1aead794e24f4ab998fc73bd82b8e46618a4f11e284,train
raw/apple/fresh/freshApple (457).png,apple,fresh,local,v3_745a30312c5d5d23eea33ed4f16e5b59,1ead9f7316198c4e2b3b97ae53dcc80f57423d2f4b105f16d4c2ae22d4031ea7,train
raw/apple/fresh/freshApple (458).png,apple,fresh,local,v3_0655f80e60894dbd1591da98fe54df54,565c68a5a49e2ca26f4a7d81cf932f26248ff6437701820d2362081ca4bb536b,train
raw/apple/fresh/freshApple (459).png,apple,fresh,local,v3_745a30312c5d5d23eea33ed4f16e5b59,08dc0961a95e2bea6b8e04404a5bc68175665ee8ac41a27e5776d8b46b332d81,train
raw/apple/fresh/FreshApple (46).jpg,apple,fresh,local,v3_c5d8d4753b0efbc7877bfc0a23ebc853,b4679a38ed527da96559025bf0e42e3106b8dd3c6cc15f371ed60ba7b1250b39,train
raw/apple/fresh/freshApple (460).png,apple,fresh,local,v3_531d2e523392955d812531eb02133e27,0e1f82fcb955c5e5e470643550620d7fba67b625409db3f66578a3099872a710,train
raw/apple/fresh/freshApple (461).png,apple,fresh,local,v3_745a30312c5d5d23eea33ed4f16e5b59,1a55d913d039d981818210173bce384513d327300c3c641c4b594955170e85e0,train
raw/apple/fresh/freshApple (462).png,apple,fresh,local,v3_847c5f1a9ab38987440f5420c3e1c971,3558a584bab626ec0a668bb1dab9a05fc0e0e48989d5b2c60024667e2d814121,val
raw/apple/fresh/freshApple (464).png,apple,fresh,local,v3_dbb524eb07979bc9868c2e1455c94ce3,7afb1fe94f8f9382f7e4224cb63939d29af07799efbc9763d31d277c509302ce,val
raw/apple/fresh/freshApple (465).png,apple,fresh,local,v3_f505a47a05e82c4cb26a2c73a9fdaf52,206f9a885f544b8f272f7a3ddbf982de5087ee8d09c857de366e98e623ed468a,test
raw/apple/fresh/freshApple (466).png,apple,fresh,local,v3_7f6efdb2cae21ca42c78c6249414b5e7,68f4b8096c7d3e06e5e7ae0008e41a4811b0c3bff0e3d6b3efe5974a2de3f630,train
raw/apple/fresh/freshApple (467).png,apple,fresh,local,v3_f505a47a05e82c4cb26a2c73a9fdaf52,46b7721ea3ca9130bd62de7235d47d2b6052870dd83c84bbb6795900a0d9c8bc,test
raw/apple/fresh/freshApple (468).png,apple,fresh,local,v3_a64be880dd3c972c86c83e861816392b,bbdc9f4d16c870e793eb5fca25c1bcc376b20303e7ac847691d9621c321ce9e8,train
raw/apple/fresh/freshApple (469).png,apple,fresh,local,v3_384642b85281c75806124a5da811577c,e6bfe9e7c112cfbe61476404ab3dc9c57fdc9779df8496faf806dc9af662731a,train
raw/apple/fresh/FreshApple (47).jpg,apple,fresh,local,v3_723462a1961aa93ac4f0290aa9981758,3c2166961497fe136454e8c10449a1bf3ce1666e169cd20f874646151ef98a53,train
raw/apple/fresh/freshApple (470).png,apple,fresh,local,v3_d9e6e8d61ca2aa9426348024912434e7,8a7e04fb8b118f523d2523925d96f358eeb339d581d78d4e2bd698aa1ec21a36,train
raw/apple/fresh/freshApple (471).png,apple,fresh,local,v3_8b8f6f6ccbec2bc8377f70e403abc63c,663eb3a385c9610efff6e03401e5120074e06301aed44890ea8e8c50a058eba8,train
raw/apple/fresh/freshApple (472).png,apple,fresh,local,v3_384642b85281c75806124a5da811577c,7fac50c8c7e45292a68fdb31396578926bb142f2c6989d445e81f95927f07298,train
raw/apple/fresh/freshApple (473).png,apple,fresh,local,v3_384642b85281c75806124a5da811577c,9abb296c521f4450ecc08fb3b85fbf8a2e3e49ec862d5895551618795ab650e5,train
raw/apple/fresh/freshApple (474).png,apple,fresh,local,v3_44203f917c9a74fd427c421e379a7313,4e51f6b8f0e5e233d31c0abe04a013c6bb388d97fe5c7eb4bf37e29285e8c66c,train
raw/apple/fresh/freshApple (475).png,apple,fresh,local,v3_dd022fb93c4e514b2a0458315c9c0376,c353efff00c71e7df994bcf5509bbb9e290811c4dd3c2f07927b6514832977e7,train
raw/apple/fresh/freshApple (476).png,apple,fresh,local,v3_ef4a3a9d35790c01834f40fafbb3656d,54e4162ed3d7b20362300912cb93406fad08a21d197e32a853acb8bb84ec4930,test
raw/apple/fresh/freshApple (477).png,apple,fresh,local,v3_f92172a60dd3f9392ae904dff818221e,d2cc16c321431116bc5be7b13ebc4f3ac2702fdef8fab0cd5cb01b3b1aa33d10,train
raw/apple/fresh/freshApple (478).png,apple,fresh,local,v3_56eb4aacba2ffc0336a3c5d9901bc949,5b5a6ef8396f40d59d58eff2d87baea899cf9630d3c147035d20264de703094a,test
raw/apple/fresh/freshApple (479).png,apple,fresh,local,v3_9d495c37090c9010b85ae162483b6ab5,1be2c79053c88da0a7f42017a0bd41f9e627496eaef37adff7641a188db8647f,train
raw/apple/fresh/FreshApple (48).jpg,apple,fresh,local,v3_b4b1e3c5508b2630a69187a3194e1bee,164a25f17c7cbb8d1b4ad4f84a3e1bc1c0146636fc99cad161f05a8aea0fa84b,train
raw/apple/fresh/freshApple (480).png,apple,fresh,local,v3_5723c1332429795f0f4cde0586c9291e,55c68f332444574a34719feeb2b1cf202dde045d7288deadd3944b05219c5c98,train
raw/apple/fresh/freshApple (481).png,apple,fresh,local,v3_d2d8186d9574a110d406b908bf55d3cb,a6a2f4e5aa96c067649608253af36eb165e7118022818cd66f146cc7cc872e81,train
raw/apple/fresh/freshApple (482).png,apple,fresh,local,v3_4296965dc2df037b138814ddbd02fcc0,8f7eaae64dafa09a2d3a0007befed984e15e3293f554d3f258fd8d460b9026d5,test
raw/apple/fresh/freshApple (483).png,apple,fresh,local,v3_70b5cc4a437c5065919cb9323f44ad14,62b9b20cee9993d41324ba3500b9790b035076a0d919cef901ad3a427378ebf4,train
raw/apple/fresh/freshApple (484).png,apple,fresh,local,v3_d2d8186d9574a110d406b908bf55d3cb,31e8045f7202ec54ba164ee0fe956987e753dd96df183b3ea29b1a1245a667f4,train
raw/apple/fresh/freshApple (485).png,apple,fresh,local,v3_7ee1861264ca3e8891a0b14f0b030ee2,719a918e5d77c5050f150315c5cd739a3a91a8e16252e64eca3b5b8e303d1a50,train
raw/apple/fresh/freshApple (486).png,apple,fresh,local,v3_fc404dc6cf3a0eedf9eaa8cc8ca27ba6,95995d6ff3ca72445ea274b52ad9526c2270a666dacc48972f7f3083b3f05538,test
raw/apple/fresh/freshApple (487).png,apple,fresh,local,v3_fc404dc6cf3a0eedf9eaa8cc8ca27ba6,4e7fc3b951e19aeb28f259b1176a50f04370abda2beac506f06f5522271ddef4,test
raw/apple/fresh/freshApple (488).png,apple,fresh,local,v3_fc404dc6cf3a0eedf9eaa8cc8ca27ba6,480c2a73446339728f440f3c050cebc8302093d4eee6884ffae612eb89ff8b52,test
raw/apple/fresh/freshApple (489).png,apple,fresh,local,v3_3dbc2d34e589c40e7e084c41daa827de,ac27a4038eba70d29c495ffe4701262465355196e49974ddbb40509b06cc41f6,val
raw/apple/fresh/FreshApple (49).jpg,apple,fresh,local,v3_e1eeecdd4dc082b7628ffabb2e56fe4d,1550bba76977206bcbf0f372b53c44e007cd215155432742f4966cfec88ec80c,test
raw/apple/fresh/freshApple (490).png,apple,fresh,local,v3_09df950eb02fa63402d9ae2534c7d5ef,25ea9510b196857a0b9d99177c1c62a0453f1a62a9d7460a013fa363d1762f7c,train
raw/apple/fresh/freshApple (491).png,apple,fresh,local,v3_c88b63397d66a580ab8a7dcb53ed0e0a,e5ceca899be7273a50119c9ecea25c0ddbff78aecccfba0937d3ca7f85b13811,test
raw/apple/fresh/freshApple (494).png,apple,fresh,local,v3_9fc8ac2285007b4696dadb0ec81649d8,b927a049eab879f186e86ddcbd7280c920107fb039c9ae5ec5197d5db8d9c2c8,train
raw/apple/fresh/freshApple (495).png,apple,fresh,local,v3_f77d8774f475c6fb24ba699e03ea77ab,219f18e0dc41db7d9637907140c022e2760b8d165a30d2559326367a541763b9,train
raw/apple/fresh/freshApple (496).png,apple,fresh,local,v3_8ef9a19a24340dd58da73fb39f17154a,ece96ed4af94d805863c08fe7b52908aa170f07d41876849af9135d2470a2997,test
raw/apple/fresh/freshApple (498).png,apple,fresh,local,v3_283ca1c7a0465f4f249e8b41c0cf75d0,eb322006a82d54742edb681bc72c1086660343ade91fef1a9f697aa9d11dbf71,train
raw/apple/fresh/freshApple (499).png,apple,fresh,local,v3_f8a4e30982ad2887fe9196de4a4133f2,39d75e54f3ed00a13f8bd514ffc249f1584e5913fa14625eb927f0f709c60683,train
raw/apple/fresh/FreshApple (5).jpg,apple,fresh,local,v3_6c745d7865c87fc3760da10f395b6bbe,e1d114a07642ade950566d6b1ab8c260f4f897cb1c9d379feac09e195cbfd01a,train
raw/apple/fresh/FreshApple (50).jpg,apple,fresh,local,v3_a91ce0551729983c39b7ea09f854e3da,986d62ebaa407e20dc03f3b1feb7a3aab738a42ea0a64b6fb662cf97a3c2a154,train
raw/apple/fresh/freshApple (500).png,apple,fresh,local,v3_032b106283056dcb7506ce7aabd2e8d5,f54b58ab07ca39c944efe4286622517ae9aca62859847fecc485ae86eda748b8,test
raw/apple/fresh/freshApple (501).png,apple,fresh,local,v3_d309156b27bf20afa359f2c4ee3844e9,81675ebc1e5a6c8582c46e8261670b7999ef8deb5b9a4bf4206502d2c5ad2fb7,val
raw/apple/fresh/freshApple (502).png,apple,fresh,local,v3_850061e1d07b9f3dd35af0c9987c7c85,9e9fec022dc7447d8b6a9cc87f48df2d9bf316b1b64524486d3e86adc34bb45d,val
raw/apple/fresh/freshApple (503).png,apple,fresh,local,v3_c8dd8aa1d928938764608df6e0da393c,d1b92533274fa685bd567c83e1c81c640bbd68dceebf07a6e2041b51f325d8e5,test
raw/apple/fresh/freshApple (504).png,apple,fresh,local,v3_21b376c35f0a75892f5aa274f9d5d17e,f3eb33aca702468d1de4d9ea8827386eff1980ee5c3ffc1248ef474b5665088c,train
raw/apple/fresh/freshApple (505).png,apple,fresh,local,v3_f104f59ec96e3ef5839a4d6722a22429,4c983103718495c0adfa31213011847c86326cf2148da24ca24b156afe50cd86,val
raw/apple/fresh/freshApple (506).png,apple,fresh,local,v3_f5c355d05ee37910cf6b9b65bb6afe1f,149453c95e45e923558d07e78378eb77cf9a84ffff27e264305109d7663ea129,train
raw/apple/fresh/freshApple (507).png,apple,fresh,local,v3_705768c2529b451dc63377c2fd45a0b8,612f44ea63f33d01d497334f566f4d6a6bce40e3b268bc80e023997b6a2b021f,train
raw/apple/fresh/freshApple (508).png,apple,fresh,local,v3_f0cf92b16f612f37ed715a423f98cb48,da863166c44dc63ecdbfcf2eaf869d6ceb35ef53b8f66797b4e7126d897a4d43,train
raw/apple/fresh/freshApple (509).png,apple,fresh,local,v3_4c2caa7c42ef35927a7a6dae3aedbad1,a3931a3982c1f775f242151e1b032a5b12ad8ef2a09ab28453148cce775a0e98,test
raw/apple/fresh/FreshApple (51).jpg,apple,fresh,local,v3_699b1d58f97318a5993909570dbce8e6,f8eab9b27646e87f526f56e4a21187476a56281ee1350f0b4897d51f008fce5b,val
raw/apple/fresh/freshApple (510).png,apple,fresh,local,v3_4c2caa7c42ef35927a7a6dae3aedbad1,62f0a9a3f3bd1a187f37fc197df7a99dc66eef3f1656f8f4eb7358c54b090afb,test
raw/apple/fresh/freshApple (511).png,apple,fresh,local,v3_b1bc30ef0f6f529ba9478a246bb2fbd7,6ebaf45bc248f5704b2e138fcc3325eda04308ccb6adfe8f377f203664ba2c2b,train
raw/apple/fresh/freshApple (512).png,apple,fresh,local,v3_b1bc30ef0f6f529ba9478a246bb2fbd7,8010ee50842ec2bb08396931fefd161271503b4809a36cb5712868398890b58d,train
raw/apple/fresh/freshApple (513).png,apple,fresh,local,v3_600f5dfebc21ca30fcce77cc33900e08,01b28b46957fa19d291e4c2c8c9db4f5212804413b0f4978f39804208886c90b,train
raw/apple/fresh/freshApple (514).png,apple,fresh,local,v3_4f6fa787b5d4467a178870c69dbbc90e,385a3ad119d0cae87f45505fa46dbabbb6ff5d09bbf119c88a96032cb416f243,test
raw/apple/fresh/freshApple (515).png,apple,fresh,local,v3_4f6fa787b5d4467a178870c69dbbc90e,57d3e9ce310aef9ad5077dcbf0239c9ac545ce5aa8c6586450667c61cd58b670,test
raw/apple/fresh/freshApple (516).png,apple,fresh,local,v3_4f6fa787b5d4467a178870c69dbbc90e,1c13b1221af469f5b58d9b65b14c0d6b4278146de4b722038ac6c573449bee37,test
raw/apple/fresh/freshApple (517).png,apple,fresh,local,v3_92367f1e20bcff8b3876ffdd35e251d4,14edd7842db4c435469de74f49c0fa5dab43f3da95a8daf90609ed03d4652edc,train
raw/apple/fresh/freshApple (518).png,apple,fresh,local,v3_600f5dfebc21ca30fcce77cc33900e08,1b01ea66297b26cc542dc37efe1aa897423559d1e8170d5d08c569d99f9ac205,train
raw/apple/fresh/freshApple (519).png,apple,fresh,local,v3_9fbe0b4e86677674cdbb439ab3981060,dcbbaa73c29b051653e7742fce1c0befcad5189ff0029c170f89cd604db1a4f4,train
raw/apple/fresh/FreshApple (52).jpg,apple,fresh,local,v3_c6ffc9432b6e33d8a84a6ca920baac8b,a65ca0aaa58c4143aa499bb45d31f9f1ef0bdef481a52408534ec7096752d976,test
raw/apple/fresh/freshApple (520).png,apple,fresh,local,v3_9fbe0b4e86677674cdbb439ab3981060,21d34cb613e12e8604893380e1f991b37e7ce42eeab78986278ec10f8f0d68f8,train
raw/apple/fresh/freshApple (521).png,apple,fresh,local,v3_9fbe0b4e86677674cdbb439ab3981060,88fadd93419fcd59c1638b8ecbe75082202b4526b5f0c4be764bdd7ee4c35cf2,train
raw/apple/fresh/freshApple (522).png,apple,fresh,local,v3_275fa6a2dce056136b530b5dcd6c77d2,aa39647188db6768b41523585822151a7d8aedd89a154e6544890783752ca372,train
raw/apple/fresh/freshApple (523).png,apple,fresh,local,v3_5cbab368d5acb314d4f26a84facd6930,62eb03389cb80e84f2b3d959a7dfa29fa184854d0e5a4d9cdd791ca524e2eb16,train
raw/apple/fresh/freshApple (524).png,apple,fresh,local,v3_ba13d7dce98069fc3b4f46e282f43324,61b5170d0877513804e68fccf1930c71b62a246abc3896b491c266f5d3b0aa38,train
raw/apple/fresh/freshApple (525).png,apple,fresh,local,v3_b793659de3335c217fe9fe46e73c8e0f,6eecadb074082e8a3b2563bb47c53e8c9d97b02231aecee8a296f0f2f9c81749,val
raw/apple/fresh/freshApple (526).png,apple,fresh,local,v3_9486b2b84ab0994c4839877c63c10fee,1df8a6a65b58c61fdc883bf67e9d20ae504fe698cc26d967e0f2f192b2b67ce9,train
raw/apple/fresh/freshApple (527).png,apple,fresh,local,v3_426eadbda4efdbb1b6c36ad63c8d9bc9,92374151eba6ee1d6de69b4fdfe155c297db4e9c113f277987b1b9bebf692189,test
raw/apple/fresh/freshApple (528).png,apple,fresh,local,v3_dbac797ebd862d9dc28b9ef086cf0925,943b1c2f10a7980f498783ee609e885978823b7f85c3eae1a3906f5f8e3dd3c4,test
raw/apple/fresh/freshApple (529).png,apple,fresh,local,v3_04bab28c6f4898b5b0416f67af7b1f6d,a90eb753cc7204c704ac6471c65fffa35e83285bcc386b6b44e7ba478d44f83c,test
raw/apple/fresh/FreshApple (53).jpg,apple,fresh,local,v3_ed96e721ba981d52b0863e1707524a2b,6ec75936d2a539700ce523c18b0ea577fc834aea80142d16fa5dea63a150ad60,val
raw/apple/fresh/freshApple (530).png,apple,fresh,local,v3_26f6960c0305196c56a05490ea0262c9,757c9bc9d52c17211b3ce335a2ed72d2b40ce484c9b19c348107b60861fe035b,train
raw/apple/fresh/freshApple (531).png,apple,fresh,local,v3_d0465cefe3e982ebe13b11e373b9f6a7,9b92ab9a5ec2e9c9226f5243ef21dcb6e04518a933c916e10ba576375337c8ce,train
raw/apple/fresh/freshApple (532).png,apple,fresh,local,v3_9bfaf7f6c96e0a82f7a301db47a0f235,c80a80130c01547ff77e75bbd47220378414d8cc2c251463bcf5051d924e89c5,test
raw/apple/fresh/freshApple (533).png,apple,fresh,local,v3_6a8e34c1f3e3b8f12c707bb36b53f5fc,475459043b42a907e28227a7cc5e08d3bf78dc7900d2fc1995138f19df90364e,train
raw/apple/fresh/freshApple (534).png,apple,fresh,local,v3_1247dd2eda72e3e3151bf26f478cbb05,933420f6fbeb11fea50c1bfd3d4426b42b8d84f762d4d270fe0d8e7f7a4642fa,test
raw/apple/fresh/freshApple (535).png,apple,fresh,local,v3_c67d7735f72ae226377d79fa38734256,b7b7ddade5471220e2bdfa7725093ac4e274978c688eb90e92f32bf34d9c30f4,train
raw/apple/fresh/freshApple (536).png,apple,fresh,local,v3_113ae089d569da64e3752fa598ee90c3,2303a60943b19f93af92163fa1f2438866f8a31c702ec4348698aa55d5c94e9d,train
raw/apple/fresh/freshApple (537).png,apple,fresh,local,v3_8ef9a19a24340dd58da73fb39f17154a,37ee2277b66ffc0fd4230d981ea39eeda92581c7818a934abf22921ae2618dd0,test
raw/apple/fresh/freshApple (538).png,apple,fresh,local,v3_8ef9a19a24340dd58da73fb39f17154a,7c8ca5cd00f730212328f09721a159676c80f422009b155f557c0222924ba62d,test
raw/apple/fresh/freshApple (539).png,apple,fresh,local,v3_6f1781b2477ac7832d0d027e5367b1c3,623a8494d36a50c6d3833bac2c49c556a888ec78f91194a24b9870e9c1645527,test
raw/apple/fresh/FreshApple (54).jpg,apple,fresh,local,v3_c821fea5a80b72d00bfd11adde654478,e81d05cb01898e401ce6201451ca1ef8f98cafdd7989e41875e0e724d10fc306,train
raw/apple/fresh/freshApple (540).png,apple,fresh,local,v3_270ae162ee4a773abffc24e25fd51dff,5a90cbdcf53ad88e3dca48f074d2a00f3898e750f9ae04030becc787b2512b21,train
raw/apple/fresh/freshApple (541).png,apple,fresh,local,v3_342429457c0ff0df2ebbe5bea935c9da,3d4cc595dbd865f6b794217fe34bb0a6912bb7f6040d3ca9719f45abc0ec38cb,train
raw/apple/fresh/freshApple (542).png,apple,fresh,local,v3_8ef9a19a24340dd58da73fb39f17154a,b62432eefc04aee2750a764505caa2b982c75dc4e5641ef1efcd98059b9308b7,test
raw/apple/fresh/freshApple (543).png,apple,fresh,local,v3_aff0bfb808900705ccb8bee39d2eb344,731de92de22882baa6cb60de694c980b1104e1fe65debe24eff7f3a4305257a6,train
raw/apple/fresh/freshApple (544).png,apple,fresh,local,v3_7d12eaeb2efa7e6052d96428bd5c3354,ddb608b922d20ee8469806db4a50c1e447a422fb5330d0539c49a9117fb7cca3,test
raw/apple/fresh/freshApple (545).png,apple,fresh,local,v3_43367fb2ff679c87f6bae87ff18a4b7d,15fe9a87b1a3ff64481123a3c906116f3a3c3d5b16111e1022a84ebe12066da4,train
raw/apple/fresh/freshApple (546).png,apple,fresh,local,v3_9b54eb238a2d5b3751b48cf3052b1942,460f91a061e221226ddeb1ecc09f0418fb65d038cfa7cabfd8e7e96bedd07aa5,train
raw/apple/fresh/freshApple (547).png,apple,fresh,local,v3_43367fb2ff679c87f6bae87ff18a4b7d,21b3bfcf90af9a8d765ce01052212b2f06829ef097d4387537e01ba2865a586d,train
raw/apple/fresh/freshApple (548).png,apple,fresh,local,v3_9b54eb238a2d5b3751b48cf3052b1942,fe583353ee84769358db46fb4878a2ce00a2acd29997bf4bd46e254c059d2bef,train
raw/apple/fresh/freshApple (549).png,apple,fresh,local,v3_43367fb2ff679c87f6bae87ff18a4b7d,80d5fa5c8403ab45afedca31879911e463a3aca714d1c1b06257884cef7e0320,train
raw/apple/fresh/FreshApple (55).jpg,apple,fresh,local,v3_127c16d99c4a8bd301b2b3b8867ca94b,3216a7f68a038327b64ffc440280c9664213679cd5b516ff9655b6cb9eb8971b,train
raw/apple/fresh/freshApple (550).png,apple,fresh,local,v3_ec5667048bf526e5c15ef66f950863dd,f4e2efb22b50b404792728234cac0d4a0817210c1b372d36b1ecf3afdb023d57,test
raw/apple/fresh/freshApple (551).png,apple,fresh,local,v3_9e73efa4f71907b1fa3792827c93e34c,b3e9442166a3e7cbcd9642a0bdb6882ee6ca3649e9fbfed4a7304d6839ebc05d,train
raw/apple/fresh/freshApple (552).png,apple,fresh,local,v3_64201ea23d10aec5f916716263e9be03,0388095d1a98a9d8581955e1a8ccecdd0e497b3ac02e4e0a7f18a0693d39db8b,train
raw/apple/fresh/freshApple (553).png,apple,fresh,local,v3_ca75f61bbd50297bd085e2ac440bbad3,c983c237b7054079c15c18305cfa41dec48e3e2f275d987257529c3a4dd296cc,train
raw/apple/fresh/freshApple (554).png,apple,fresh,local,v3_f36769733517709f683a5a8cd3d8821c,177310e0bd0744a37b4c4de397ef255b79869b18f93ffa5e4ddaacdd32ebd5e2,test
raw/apple/fresh/freshApple (555).png,apple,fresh,local,v3_72c949f9544253b7a3dcf258421b9090,7e65ce2c9119f1d6628991e9b4cdbcd11dc6d8ffe17e51a1c3119198ba3ec775,val
raw/apple/fresh/freshApple (556).png,apple,fresh,local,v3_f9698960c0b2c210cc11363c2e4bc4c4,ca25f3b1392299efffcba34ded279d597a9847c33e116e2d8b8e3c4f6c66911f,train
raw/apple/fresh/freshApple (557).png,apple,fresh,local,v3_bcf4d2400fd9b534362264acbe50a984,4ac69e62f17f1f18e9cfb24d865c698812723be588ff44183321fe84c01c0cc9,val
raw/apple/fresh/freshApple (558).png,apple,fresh,local,v3_1ed1656f3b7fac4825615b0aa1b8ab63,6e8be871e3673c22a47e0afad1b6490522edd9b43f483b9fa38ae74e8ad5fd27,val
raw/apple/fresh/freshApple (559).png,apple,fresh,local,v3_0fe1455bc6d26ed8fc9991c67df77788,8c8d3536da6e68841595edaa86a0fd705e95fbfb1c71c88334c96dc1ad98f54c,train
raw/apple/fresh/FreshApple (56).jpg,apple,fresh,local,v3_57678b5c42b0b0e5126fca7bdc063a5f,af4dde88a8b819b4b7de0492e105fc2d50541aeec48df13e69f991915370c00d,test
raw/apple/fresh/freshApple (560).png,apple,fresh,local,v3_024f73ffd302775d3f1b8a42f05ee990,901a4b146636d20059454be14fc9a89586ec8b776fafdaf101451def6ed1a9ee,val
raw/apple/fresh/freshApple (561).png,apple,fresh,local,v3_024f73ffd302775d3f1b8a42f05ee990,d6c90dec106af3a92d25cab7ffd2cad839a2a44c1d0efb212cdfe0e721d1d802,val
raw/apple/fresh/freshApple (562).png,apple,fresh,local,v3_1dc32e4d77c3e74cc7e6a1c2f6de0fbd,e184e828667f3e8d3fe651500dfff97f0788564f089dbcb366a598d15e8f2f76,train
raw/apple/fresh/freshApple (563).png,apple,fresh,local,v3_3c3f7dd73bc5b7388385633b5973bd61,113bc3b690239556a36925d5011f8c0462bb274d7405096ac41ecf035adf41f3,test
raw/apple/fresh/freshApple (564).png,apple,fresh,local,v3_f5a066b8ccc5f33051606624c5c56364,fcb6a93fc885748f5bc49b49ca6aedb45f5a1bdcbd545ad53c063880bdad3013,val
raw/apple/fresh/freshApple (565).png,apple,fresh,local,v3_f5a066b8ccc5f33051606624c5c56364,97415b527ed8520fbe375c5d49512fa273de322adcbb5810f4d58615a6921cce,val
raw/apple/fresh/freshApple (566).png,apple,fresh,local,v3_1b33cff11680932ca78a47501ee63bc7,27b9df91e7571b5dfc08ebd3ecb7957e4330e05d0d75394f4966ff87689c0307,train
raw/apple/fresh/freshApple (567).png,apple,fresh,local,v3_be3059c719bfb0a0d34bac92d53e0b19,d663e1a7cea5b2f6c74dcf1c0e1cc3cebd20b7742531b7135905674c81d75ce3,train
raw/apple/fresh/freshApple (568).png,apple,fresh,local,v3_780e376c919d2a67a200eecb1df85d45,f250e25434e0108ca47faff4397e8a8887947bd29aa6f5efa14ae2be4ac884d5,test
raw/apple/fresh/freshApple (569).png,apple,fresh,local,v3_f7c2f4504893d3a401cc1c98443bf1ad,b6557f57aec308ae2cb11babe60b51e9d36f257fcf503545599f7c9baa450bd5,train
raw/apple/fresh/FreshApple (57).jpg,apple,fresh,local,v3_6a99c766ee94bc11b42b1c35d2db46e5,d3af8ab9a9c1014baf416d19a04d640902029a07cffdfbbc724583ae55fc46cc,test
raw/apple/fresh/freshApple (570).png,apple,fresh,local,v3_edd5beae115dcbc53aacfb170064981c,b6ee4dafce2bc3284794fca13bba13d367ac160ff7ee141376881e0f29a44de3,train
raw/apple/fresh/freshApple (571).png,apple,fresh,local,v3_edd5beae115dcbc53aacfb170064981c,a54eeaf107633dfa572c23d629bb9343b6d187a21100f5187b3517a2ab0cba6d,train
raw/apple/fresh/freshApple (572).png,apple,fresh,local,v3_98e7aa85af80010de9c27b85f5905af3,2ea5352fb31d2e5398864ea112ac6758576c99cead8d1ae6934fab6171816b6d,train
raw/apple/fresh/freshApple (573).png,apple,fresh,local,v3_dc72fc54e80a8562bb8e989b09e301d2,8981a0c1cfc4ce79ff21e404ba863002fad4d14933405fbed6822a9de94bcd53,val
raw/apple/fresh/freshApple (574).png,apple,fresh,local,v3_75b3f9cfd1410641f1751468e4c62da3,23cd980a1d2e1f1d3d1d4ceba2a2b891b8e96ae763e81d049f8d63c63ef19fa0,train
raw/apple/fresh/freshApple (575).png,apple,fresh,local,v3_75b3f9cfd1410641f1751468e4c62da3,694486cb4a37e42839fff97ea0f3db345ec632195b788c720a229ce88e9b03a8,train
raw/apple/fresh/freshApple (576).png,apple,fresh,local,v3_1131f455d5fb93a182672c5798e6f491,97c01226c54227d99d639ea8c5fce55f7c09fb87fd2a657f1c8ca8ee1f381152,train
raw/apple/fresh/freshApple (577).png,apple,fresh,local,v3_40c503c9857127e09cbe226fd57146ff,31ffe7616ffbbe609fa80b288f76c365a1c2a63b6af09caaa71eb7641ea57507,test
raw/apple/fresh/freshApple (578).png,apple,fresh,local,v3_dfbcf68e2c56965eb778d9a771eee9c2,aae81146b01b824627287da33927feca5b0a57095120a97104d28a6391bba7f7,train
raw/apple/fresh/freshApple (579).png,apple,fresh,local,v3_937a2618d4770054d3889335f8774528,2cd9476b2dacc6154cb956a72f7b55935b5655ec2ac23831e60547e0b43fb427,val
raw/apple/fresh/FreshApple (58).jpg,apple,fresh,local,v3_4124dbf6b78ad6225e756edf98873ead,1ae96677fa6388491a587aa630744c8b5899a428720b7e0a15cfdd596e2a92de,train
raw/apple/fresh/freshApple (580).png,apple,fresh,local,v3_13ce4fb08436759bd8bdb500f299cc78,428dcafce8eaeea0d861251700a24f7aaa15c5e1b0e21963b2f221dae64d3cb8,test
raw/apple/fresh/freshApple (581).png,apple,fresh,local,v3_0ef2701afd65eb1c97e155a5cea9d5d7,1cb0e262ff86f9c9d4d140956c59a4ca2e769253f333f688c8ad3fcef2008210,train
raw/apple/fresh/freshApple (582).png,apple,fresh,local,v3_9a2aa230d7dd62214b63ecfb35f462f4,287f49e0c93e0404034735f722c3c12a9cab594d2b0485702ecf47feb16f4de3,train
raw/apple/fresh/freshApple (583).png,apple,fresh,local,v3_5bc411b5e6502df222baf4a129038d86,dbf961dcc41cd25d4ead53985271dd12ed31cf3e5ed9ce36b1f231c819ddf177,train
raw/apple/fresh/freshApple (584).png,apple,fresh,local,v3_50573cc7c7b75b627419a71779df91af,5ee3484d941bcc9176f0f6969ab9fcfdd87edd832004f7c63d6cb97da8439e40,train
raw/apple/fresh/freshApple (585).png,apple,fresh,local,v3_394640bf2ddc921b7572ab7994df0555,276d1a4ee1ca5bb22f6f6e5b284b67930682a96d3c7841bdce17e23ecab09929,train
raw/apple/fresh/freshApple (586).png,apple,fresh,local,v3_6b6cbb35858404638eca0f7414ace2c2,e2f36de45cc3d9a05408676c5dc5bd2fc7a35e3cc9554207d55bc41c6b1150c5,train
raw/apple/fresh/freshApple (587).png,apple,fresh,local,v3_2831891739745c2e7413e2e08bf9bde5,c7a2f6e7fc5b246f76fbc0404e31c4f0f8353397d738f52388ecfb8e4cb628fd,train
raw/apple/fresh/freshApple (588).png,apple,fresh,local,v3_2831891739745c2e7413e2e08bf9bde5,597c8ab0026e8a170d58319e8f34476beb5bd3aa41dab970c15a1cd7bb574263,train
raw/apple/fresh/freshApple (589).png,apple,fresh,local,v3_2831891739745c2e7413e2e08bf9bde5,6feb211e302244e0e680f964633ab08fb7a96d613bd1be32ba15713e687929e8,train
raw/apple/fresh/FreshApple (59).jpg,apple,fresh,local,v3_b4b37ad08899f5292b6dfb370f2d94cd,04eeb768e72101d41870b03b6d89ae2fa83dcbfbf7b280fa0468c96296ad17ea,train
raw/apple/fresh/freshApple (590).png,apple,fresh,local,v3_5b6e3c32236b3434c6e564ab6e649c0b,39a0b9b15bc3cb24f893135bafae23925d99b8bded030685b2fa37ccb195cf56,val
raw/apple/fresh/freshApple (591).png,apple,fresh,local,v3_bda97d2759d9f043ee42b5dfc0b6b534,7220700676a1fbe90c1fad4a3a9ef1dca442e20e8b9ef2c64b7441cf07e49790,train
raw/apple/fresh/freshApple (592).png,apple,fresh,local,v3_1f19a66ffce64c1ab76d63c479aa1b1d,7359481290c9bade052ae54ff6f5d7449d87b55279308a4c8e9e1d36a689480d,train
raw/apple/fresh/freshApple (593).png,apple,fresh,local,v3_9df4b3075aef201a61bc4d1255939acf,3183603c657fa35cd378145e6bb3b15582ffa57290fcc9bb417d40a1375ee6e8,train
raw/apple/fresh/freshApple (594).png,apple,fresh,local,v3_81c6473a5f2fd11ded831ad4077e3082,1ee4c911c9d4cbda4aa1a0efadcf0b4d1435601b568291879ec2a9928a6332d6,test
raw/apple/fresh/freshApple (595).png,apple,fresh,local,v3_f1eb146d774ee0c5611f7f2bb60e1d92,c71c75233c0544521656712644a529af4d33adbe8f2caf2cab4940781a4add7f,train
raw/apple/fresh/freshApple (596).png,apple,fresh,local,v3_f1eb146d774ee0c5611f7f2bb60e1d92,bc5477407fa3b84543566d7cff8615f54585dad19c45ccef49252c7bd9079698,train
raw/apple/fresh/freshApple (597).png,apple,fresh,local,v3_85436ea9ddcdc8effbea9a8f63a06278,cd17ca7fd30f08d35d845878151faafee9265411376ee66f0634baf4de884054,test
raw/apple/fresh/freshApple (598).png,apple,fresh,local,v3_d20ef878a10219ff2b81706571cb2b48,cef99678e3c915a2df8bd3c510c4087c90c758d724f40569260abc883f3191eb,train
raw/apple/fresh/freshApple (599).png,apple,fresh,local,v3_e1d1bd420ebeb7f9eb14d11578ae083f,fc14511afd5dd2fec2135cabdd0a79a45dd45d1b52c74833056b6b547e6ada49,test
raw/apple/fresh/FreshApple (6).jpg,apple,fresh,local,v3_21a56a995cf0d488b67943fb333dea12,6c72c29dffd8e49b8f62e62978a2573a680e29c18298128031170a5a3948b357,val
raw/apple/fresh/FreshApple (60).jpg,apple,fresh,local,v3_a15126507fc22369c0d4e31a67236a06,e7dc06100e70d521394c6f8f67ebcdd4449bdce574d6d960cc789eb61d8df2f4,val
raw/apple/fresh/freshApple (600).png,apple,fresh,local,v3_cb9c24d33d67d31d297d6ef77e434165,f135dba7def1c88cd721e6bab6bc9ff049419aca4429281cd6074e8576ae9815,val
raw/apple/fresh/freshApple (601).png,apple,fresh,local,v3_cb9c24d33d67d31d297d6ef77e434165,19cac63529873fdc7dd0eea617e546feab3e9e01dd689551fcd0326e01b4f32d,val
raw/apple/fresh/freshApple (602).png,apple,fresh,local,v3_3c90b57df27ab863b78411a5359e3df0,5683479cf00e0e04c45c3679c672d498fc31a01aa67de3f993f53dcb5d92af13,train
raw/apple/fresh/freshApple (603).png,apple,fresh,local,v3_3c90b57df27ab863b78411a5359e3df0,f1800855abc5c41ee87822e80152acc81081c97761329bad2b2da518faf3808e,train
raw/apple/fresh/freshApple (604).png,apple,fresh,local,v3_84e8c00477b510da5c85a4ed5b9c2daf,06f8af8ef2f52fcc91d177c9391ab30c4cace09f10721009ec4c250c1556ccbf,val
raw/apple/fresh/freshApple (605).png,apple,fresh,local,v3_306849f0c2ef3eece9f01a31feab919b,1b8beffc50467700c8223536df2cde593fb5e7ff0401d4c9cf3f79c515594ff9,train
raw/apple/fresh/freshApple (606).png,apple,fresh,local,v3_8f1c1d9d0d3b7d25e4f4331bdd0e0b3c,48816cedfe4ed3b04bf3ba5e69228f9295b24229b9587df545884f86b38d7ad7,train
raw/apple/fresh/freshApple (607).png,apple,fresh,local,v3_5c911bba1ecedc00214e786ffee55823,51c732aceb2a248dbf71b62f0a0936a89523d213ad6ab8c93a178199dc2d92b8,train
raw/apple/fresh/freshApple (608).png,apple,fresh,local,v3_5c911bba1ecedc00214e786ffee55823,f3b333ff4566c191fe2787a76f96d7f67c610f3bd2d5c5eab2dbbd890bdb152c,train
raw/apple/fresh/freshApple (609).png,apple,fresh,local,v3_99850b9dcc830ba4a5c08065b29e82df,7ae64f38ef1f0e9a962c16441cccd111063b4d5c2fef4e3e2cafd37a3e2382a7,val
raw/apple/fresh/FreshApple (61).jpg,apple,fresh,local,v3_18c414348273f7b2588c754f77285188,f737b3fc7a2c7015fca7476afa14c856de2ecca7dcb2a39e11182ce5a30784e6,test
raw/apple/fresh/freshApple (610).png,apple,fresh,local,v3_6606083301b54621fe0de97a6a55b795,fa0d908b326b838d21410e9bfa920da2b41b9ccc19f107fb7a495c9da207ae92,train
raw/apple/fresh/freshApple (611).png,apple,fresh,local,v3_833bfc91aa6c8375656e0c71ae88d0ee,62795c0c514aee39684b3837bd75d0f43ab144073e642eb03c5ae35587eebe80,train
raw/apple/fresh/freshApple (612).png,apple,fresh,local,v3_0eea05ce8efe729070988d3d351a7ec2,22b744e4615c64986022d0041da3d7a4ceda27dc6c9927ab6285cf0c37a02aa2,val
raw/apple/fresh/freshApple (613).png,apple,fresh,local,v3_9974059f6041a960297fabad8700f326,c83e8d854e7896fac979b246489abe536bfdb05f8563501afaa68fea917e67a6,train
raw/apple/fresh/freshApple (614).png,apple,fresh,local,v3_4ac72d9b5c230a318c569d74c32796db,54aa0043471cdeb37e62ccde7abfab8a50c06092928e768bd1fa0ff59901c9ec,train
raw/apple/fresh/freshApple (615).png,apple,fresh,local,v3_30afc2ad2aef98213b5176d5ea0af4b2,b0c848a4ce179e1ac7352d1f8c16c4b469cae6d7626de34fadf58614a015a1c0,test
raw/apple/fresh/freshApple (616).png,apple,fresh,local,v3_cf9a37dbff0cd02d397a95bf80000ca7,b126346b1eb8b5dfca198237cd908bcdbee60fc1fe4190363de20f9c1103f01a,train
raw/apple/fresh/freshApple (617).png,apple,fresh,local,v3_cf9a37dbff0cd02d397a95bf80000ca7,4d0471a97bea98672176e7c9d6025594f95397d4ff5d1b950e9ac81f94ca0e97,train
raw/apple/fresh/freshApple (618).png,apple,fresh,local,v3_37c029e1f548c017504f18e1afd78ce2,8fb91cb5cd6b38bf0b12658e0fda03eec082f7ccffd01c3a013a5d3d1c38a5b9,train
raw/apple/fresh/freshApple (619).png,apple,fresh,local,v3_9e21704a83a6efd1b976bfd34113c9f6,a9fa607011e57900392d13e20c025032e495714e6d82e681da41d52922263d74,test
raw/apple/fresh/FreshApple (62).jpg,apple,fresh,local,v3_98f3b4b7a89541f7661afdb947204086,fd19e8b1811aa0531b73ccb63a12de8295a97ab228768a7e86bd3caca9febdd2,train
raw/apple/fresh/freshApple (620).png,apple,fresh,local,v3_f73f9f0e583733f7d028cde174f74723,b52cbaddf28546da2bcd2b072d51ee484e7571104ecf136e0b5f2efe46f1e401,train
raw/apple/fresh/freshApple (621).png,apple,fresh,local,v3_d7a98c64b51b1e2318b887fe2ef2d5d5,2eb8f380437d756482a9f6f64a4b7b8b1d0661d4056859a94ea1ac0160d0f2b2,train
raw/apple/fresh/freshApple (622).png,apple,fresh,local,v3_0f0bbf93392f6d36d346f25d5a3e0eab,33e34b33e057900a4929e35d18dab3cc7963b9d6235f7e3cb3b06ad6e60fadf8,train
raw/apple/fresh/freshApple (623).png,apple,fresh,local,v3_118bc683902e5d9e488d58e7473c3a5c,dd20c6a182fa32c514389bcaaf5ae0becd14d83b60f710d465f02f10c60d6b41,val
raw/apple/fresh/freshApple (624).png,apple,fresh,local,v3_260c3e14c75d95c1eebe952840c61782,8008cfcb429a47dd0c1f0e5b3d33ff4f877d61d15bddfd9e10843d718647b0aa,test
raw/apple/fresh/freshApple (625).png,apple,fresh,local,v3_097a77afd1ab4d731545c1832faff010,678c78acaa7451c25b8420e21812d2bfcc383b36cef2fcc5e8e1ad51f0b3bd26,train
raw/apple/fresh/freshApple (626).png,apple,fresh,local,v3_134c011b39dc7bd900283f33c50c4e1e,84aec048f4285a0ee0bce103d643235be113a07a563c12266ce56892cfba0d5c,val
raw/apple/fresh/freshApple (627).png,apple,fresh,local,v3_d90e5f657c2e2ed4cdea99205e47bb3f,e58a4383d53a486278aba8835da5d16aaf47b87da9769f0623692d0cee8c0291,train
raw/apple/fresh/freshApple (628).png,apple,fresh,local,v3_f15cc5e29484a98d491843afaa0dfc6e,cbfb6b507c22d84e52f9e4e7463e4bc5397a854cc91ef8ab8fbf5597c5534f4c,train
raw/apple/fresh/freshApple (629).png,apple,fresh,local,v3_7670ef54af9d4a978300ee5e2a75a35d,7d459b2aa32e8b893fff02c8c77c50d1da0938dbc835443d116a4a9833417cd0,train
raw/apple/fresh/FreshApple (63).jpg,apple,fresh,local,v3_7eeeddf2fcbe8fb9fb2fa808290cf2c7,066793ce404479e4fe5d855d0b22d907da3e273447c68c5dc0f289128e026a62,test
raw/apple/fresh/freshApple (630).png,apple,fresh,local,v3_aa15278c7937d8da99048d0918a1c6f1,641ac14155a1b5dc2e0dc9796463bac381318ed761def229923266ede9d20047,val
raw/apple/fresh/freshApple (631).png,apple,fresh,local,v3_d8842a2f1e50269de0fa6ae4444c3d03,e18a4a481ede09850626de740cef927f2d79dd5fe34e03a788950d97d08083b8,train
raw/apple/fresh/freshApple (632).png,apple,fresh,local,v3_89991d1a810c5629fc2aa1fdff1fea20,de2c5c4e97d53536f04f7c22f77c339986b716ec2c7f649fc06d9ad150ae7a9e,train
raw/apple/fresh/freshApple (633).png,apple,fresh,local,v3_72a9df1dc9a839d4fd71a36853ef3ffd,45e91900871d79774307b6136c3bbcfb0f6e8820461b4dddd944b3d885ab29d6,train
raw/apple/fresh/freshApple (634).png,apple,fresh,local,v3_8d135433831cfdae0c2ae8a6ac078fee,6141b1dd6aefbf0924d98dd20ea493a2bd0995191d24049963b5c276f65c0552,train
raw/apple/fresh/freshApple (635).png,apple,fresh,local,v3_aa761f3d9501bbe2781339224fe3b65c,aa1305fe1f12b32ea0eae70c4f932229c8f4a4d40859596c03b36f43ad94fd22,train
raw/apple/fresh/freshApple (636).png,apple,fresh,local,v3_f7d88485ca8dd16ff5c59ad54eddf5f8,f53e6ca7c45202abd9dd9301a2e05eb831b08db722d1514f720e061e59061315,train
raw/apple/fresh/freshApple (637).png,apple,fresh,local,v3_0d155037c3cbb6e84d86a6a53655d304,7ff86f0b57736501619229bb8ed9aa51eaf6d0c6630d98a0a0613a56e63aaec9,val
raw/apple/fresh/freshApple (638).png,apple,fresh,local,v3_d3bf4fe5b69003dd19f2b43e60be0cc7,82c150f4eedd27caf12ab0c4f20dc66f4043cea6357f3e482bb1174d8b751e34,train
raw/apple/fresh/freshApple (639).png,apple,fresh,local,v3_7db8c053653e69680b830b49fd621cb5,3d2d13a3bf7860388c3361753994987732498aaa98ee711f801503cee5a27918,train
raw/apple/fresh/FreshApple (64).jpg,apple,fresh,local,v3_5fe62f63e09e94e10d6fc748c1b63c33,78a9f9e2fc3095aafda4c07432e2d4a7580117effb5864b67b020ca96ec4ced7,train
raw/apple/fresh/freshApple (640).png,apple,fresh,local,v3_f8a6d673f02aa8747156a80d6af2e802,f4f48e9b30dc1f32c1df8556a2a2c8a303ec45c66bff471ca77220a7162e8464,val
raw/apple/fresh/freshApple (641).png,apple,fresh,local,v3_db811cb230e317198a4e86d41e3b02c4,cd66c4001da4401cfb94f014de6249ce7837aa051002340014ec6c83644ee1f2,val
raw/apple/fresh/freshApple (642).png,apple,fresh,local,v3_212cd940ac4417bcb15fea9ae28f80ee,a1edaba7e8d3ebc0b50fc5bf45e889c1afab83d2d34317646d383a89bf4637f1,train
raw/apple/fresh/freshApple (643).png,apple,fresh,local,v3_c01a49184938ff882de74e9650a759fb,6eb5ae71fc3436a06d6ad2ef662a1fa5e289be2b40633519830770e030363ddb,train
raw/apple/fresh/freshApple (644).png,apple,fresh,local,v3_f3483f7885219e5b3ba275ec8b37ade2,31fed4653b7f9409e82e465466c2038b50557aad081a96efa75e66cd9aa7a62b,train
raw/apple/fresh/freshApple (645).png,apple,fresh,local,v3_6e1e6e2caf7168eba6e5ded84ec63097,7197ce82b3ee1ff4333f0be3e944bccad5de0bb80da5e4b73ccd5ba512b88fd9,train
raw/apple/fresh/freshApple (646).png,apple,fresh,local,v3_f9126f374e99dca9f6b90dca50725aff,a7c91617c5a2ea66068b0edc9cf9a607563ca3061047cbe1566e3d179bf57b63,train
raw/apple/fresh/freshApple (647).png,apple,fresh,local,v3_04367bf2c0f469e08a30933411c4cf51,07491de8308f6473c13f54b5646d7d1e9660f54ee792f3f235e74ab0cab549b0,val
raw/apple/fresh/freshApple (648).png,apple,fresh,local,v3_a0624192decb3092adce5d225a6cb1fc,135e5b09b0e068afe6f378a33bbe7defeb1c24b04def6113d92c68741de5fa52,train
raw/apple/fresh/freshApple (649).png,apple,fresh,local,v3_ac6bd775cc818cfee2f1b6c57ee44ff5,714af6cead05b9dfaeb079f22a96b3b72ef39c267d388bcd44168416f82dc8ee,train
raw/apple/fresh/FreshApple (65).jpg,apple,fresh,local,v3_ce2dc1338d0b7b61fff1b56e02235c91,b5b80ac06c13b0b264f9bb3ffaca46ed5b4d6319acd9a9d335cc05b77ac857ac,train
raw/apple/fresh/freshApple (650).png,apple,fresh,local,v3_89b77d871d2b63d86dd98ff08d58a84d,983b6108afb19beecbfe10966f5143fa1ec7b3db4d4a3bc47f707ed7a47872e1,train
raw/apple/fresh/freshApple (651).png,apple,fresh,local,v3_8e59a690fa8b062eac00351e7289b31a,d0918f083c47d68a7d78fbe0efecc4632cf976860865929111eaa0a152824b9c,train
raw/apple/fresh/freshApple (652).png,apple,fresh,local,v3_0f21729740411209300a73ccff73a7e0,559593eef99985095e82df90663d27b71af924d01de481798db3ad70ef6c38ce,train
raw/apple/fresh/freshApple (653).png,apple,fresh,local,v3_d08eac3fb5f902189fec6b92679fb88a,23740618111f9dbb41a4205c2c018679d92053d6b31fe6dd18203ae96905485b,train
raw/apple/fresh/freshApple (654).png,apple,fresh,local,v3_1ced8d8bd5025d4851d2fd4b99fb825e,d3b6f2b4b16ecc6aa22fab3bc0f85b89d69f166ed299791712385726e4d32ae0,val
raw/apple/fresh/freshApple (655).png,apple,fresh,local,v3_68771dbfd56f378dc5a946e055f92561,80922c938acb62eb9d82a3e331f8ca740509b8ddc1ee2f23835e31ff3e34cc54,test
raw/apple/fresh/freshApple (656).png,apple,fresh,local,v3_e7996ee0e577b856819d1d1e1e2d3ce6,6ad04a23c5a00b22c44760b76bade17cde239b0fda9d4978a1ca98b20f900411,train
raw/apple/fresh/freshApple (657).png,apple,fresh,local,v3_d8ce7ae0273050d5bd72ffbf5bd97ac4,8064c933bd2d802707febb080ab525625a17a2acffc6f671fd0717ffd723d01b,train
raw/apple/fresh/freshApple (658).png,apple,fresh,local,v3_b3d4a04f1210f4714f419b560522b14c,9f5f05b4825122fb683d0ba43958bc34f3b9d2cfa3f824ab3b32382ae1c9a00c,train
raw/apple/fresh/freshApple (659).png,apple,fresh,local,v3_c2a7b86734ab1748457c6d79e3219b80,b8567259ef80a84836eeaddf681da32d6030d03dc4a2321e899acf11cd50e64c,test
raw/apple/fresh/FreshApple (66).jpg,apple,fresh,local,v3_34bab7330f0784707d927d2d627a66d1,42fe6f41d7cc0decde4c1a90dce71a7636ce70d31aca5d978a695ebc56485e2f,train
raw/apple/fresh/freshApple (660).png,apple,fresh,local,v3_b92fe9dc72b4341c328bb7e4d0c5067f,5450dfe6a1180e98f8b1da2f44ae17ad1a793d9944d2db379107a5ce4634f96d,train
raw/apple/fresh/freshApple (661).png,apple,fresh,local,v3_03f5393459649fc49db0710fa620816f,3de62680d1415c1f49cb4db937829f0bebdf923d6e75ba5c5c71f9b4e928f31a,test
raw/apple/fresh/freshApple (662).png,apple,fresh,local,v3_b92fe9dc72b4341c328bb7e4d0c5067f,1fbce3537f46efcb7f3046bf2e496dac7586a38930f5216d49bd829baad72bab,train
raw/apple/fresh/freshApple (663).png,apple,fresh,local,v3_7ccbf93283c4d83ef9f125cf40aa7bd5,242ae486d356a033ee58e021c96d20e94d30ffb5c7bc013a373a85516174dab7,train
raw/apple/fresh/freshApple (664).png,apple,fresh,local,v3_4e6a27f848e3c094e89688fc4568a969,4d4e5a213289dcd5b638e221f40be7f5ea130fb7108e69a3eeebdc27c3fa2aba,test
raw/apple/fresh/freshApple (665).png,apple,fresh,local,v3_00fa9159054080fb36540d3aeb59119e,8f4b0f9097734cf801979f1048b28640b9baaacfc8ad8832da4d8c282d2d1ea7,train
raw/apple/fresh/freshApple (666).png,apple,fresh,local,v3_ca3748800abc6eee1ab742dc46368a2b,5ba8b34dd93ef65fe156218a2eaf392e9598831e77136d72871e9673b9703e81,test
raw/apple/fresh/freshApple (667).png,apple,fresh,local,v3_380927b7c8534ff41087591df65a13ab,413e1809a05c6cc78dfeb0197947dbbb8cf3c9b4669090bc6cef6ee01fd660e4,test
raw/apple/fresh/freshApple (668).png,apple,fresh,local,v3_6a598c66363acdce6cab796eaf539d76,52663427647e44e925e21b10f69d1214810077ed3f23a1f82ee556ed79ae81c0,test
raw/apple/fresh/freshApple (669).png,apple,fresh,local,v3_f9243ca5dfeacf7f41edc14b98e296c7,23c0a1349d0f947c9372308ab7c022c6c8e085530a84bfce89813ced9c3d5870,test
raw/apple/fresh/FreshApple (67).jpg,apple,fresh,local,v3_9b6d6da8af664503b601133b2b499f62,b57026a012256b5c61510ae7eba24f246467a42b44f97fbcdb4a4c2ca301b45d,train
raw/apple/fresh/freshApple (670).png,apple,fresh,local,v3_2dd554d7c4d804b2c87a299f13973cb0,2d260fc3b42df63219a510969ec6aacab2bb494e146942c72bf181b732e859aa,val
raw/apple/fresh/freshApple (671).png,apple,fresh,local,v3_99655824d655bacf06b6311b745d693f,25ca701b925ddb53c87ed4c064e3956e2aba57fa51309fc3d86155b9c05511df,val
raw/apple/fresh/freshApple (672).png,apple,fresh,local,v3_953ad0af375715f24ff15a73bec111a1,628044867b5451064440b245855ca7f20abfb11782cb001060936eba019d98b6,val
raw/apple/fresh/freshApple (673).png,apple,fresh,local,v3_2ad812e6bd5082840f913c4a9d5a0919,a8e581f0e31a5bbb7cf4629e538c019d4ca4f25373b861e2219d715eac97b1d5,test
raw/apple/fresh/freshApple (674).png,apple,fresh,local,v3_cf6d6e3c9ae1179551791787bc0f24c5,ddaebe1a3c64575e897ef33a958f0d8d378821cc0a48d070e609f33b6a9adef8,train
raw/apple/fresh/freshApple (675).png,apple,fresh,local,v3_966475e1308e123af7d8cedf28a1217d,94e7abc3ab60a2e5fea5847b82fb88f8dcd2e8718bab6760abb11a78c3fe371a,val
raw/apple/fresh/freshApple (676).png,apple,fresh,local,v3_16465f9853b4370cef27f7473b1ae395,c8fa73af6d908011ec7e808eff177d99a9cf63df6ea595ebfe47a9844f57c02a,train
raw/apple/fresh/freshApple (677).png,apple,fresh,local,v3_900682b842e0f346c0b90adc3e3ca364,09d00bb1bb35fc20ddff6e3cb30f8496c5bc49da43e7680876446ab235719107,test
raw/apple/fresh/freshApple (678).png,apple,fresh,local,v3_32772505fe135ac2a5795e0a6cb493dd,0922c5bdac4b19fa244abedcc6bee16cd728186a56b6fe4b53283c11b6298a34,train
raw/apple/fresh/freshApple (679).png,apple,fresh,local,v3_e7509dd1196af145b9cbbf50c6921cb7,c11bfa2c080b3336abcdfb791703657dae9ddf46ed1bec0b1ab327cfada04553,test
raw/apple/fresh/FreshApple (68).jpg,apple,fresh,local,v3_a31f94424e30ac732c24e9ba31b145d0,038a62f2f3cd0f1cfabb230d8f3c62b5b02e9b86d5a386628e5c519be8ca07e6,test
raw/apple/fresh/freshApple (680).png,apple,fresh,local,v3_d658bac29e1e139d974751b02f99d709,4a3878816fb6c320a5abddb2146c83b4112c5059c7c2c5729a70cfd9b1f9e7f0,train
raw/apple/fresh/freshApple (681).png,apple,fresh,local,v3_9a37cd591d9a654c37c84fa520c9b1b6,7f49195268a62dc956890e9c4f7fb1b3cdc22adbc4ace6f3abe4444387a9ef0a,train
raw/apple/fresh/freshApple (682).png,apple,fresh,local,v3_912938153464a5a2f0ca3450759d6254,d0e989d80d12bb4df09e839b84be4d67aa88194f59944057929c714a5d22eb77,val
raw/apple/fresh/freshApple (683).png,apple,fresh,local,v3_e1439260966cca9b332e5111fc139271,db94f3a40e736d99c1c3fce975bf729ff35444cf8edcd540fbff5479f6c8b35e,train
raw/apple/fresh/freshApple (684).png,apple,fresh,local,v3_339c5f86cfb55447e0bb76cd36f932ff,b4f1f96a95cc84a60240ef321537f651a6d40fc7c29c8a2f6f0b4e94a4e1592f,train
raw/apple/fresh/freshApple (685).png,apple,fresh,local,v3_b3be8273d5c96b1249468694b2069831,b1f08dc3f3fc38b9a56ac37dcfc36bf9654091df13c555ea843a03b2948e005a,test
raw/apple/fresh/freshApple (686).png,apple,fresh,local,v3_459a621c6d0849d2749692596a789288,cc8d885a7b6e0c52960ec85e1756ffb5e50e641bb1f85b203980ceb59f28c7aa,train
raw/apple/fresh/freshApple (687).png,apple,fresh,local,v3_22f81460b01a3629f9dfb2a0739da9ae,d70f3fedafcec6679ac5846d027295cc6875d59f531de932513bbacbc37d86ef,val
raw/apple/fresh/freshApple (688).png,apple,fresh,local,v3_fe5b914e3cfd4064539d3e6cceb641e0,0e7d8118faa06de06ddac7ef8fef07a034b167c937226889f6c530d0f6242fad,train
raw/apple/fresh/freshApple (689).png,apple,fresh,local,v3_d44a67113c3e54d89a84bf09f8b03789,35a7c64be97304f5524a867c0fdca05742851324957ef0766ee82b0b73ed64a5,test
raw/apple/fresh/FreshApple (69).jpg,apple,fresh,local,v3_90bfdae382bd5e54abec08738e0aa968,cea7da17269e4db3eef1350a128a0c5e10495cc1395e653864037e6575012893,train
raw/apple/fresh/freshApple (690).png,apple,fresh,local,v3_708ca2484ca06794e8caefdb6c5bd92f,783ac3918ab1cd1c4501dd4a5ac0adfcf1c0d4eca2327a88957d59f1d329e7ea,test
raw/apple/fresh/freshApple (691).png,apple,fresh,local,v3_b31630a9010b5719ff9156dea0ae25f9,b4703615ace998af91c9ffe4b4315da40ba6cef7e6cb4bd20006cdbe3de440c9,train
raw/apple/fresh/freshApple (692).png,apple,fresh,local,v3_d27e9b5cc7c1db27a9fc21427209bb7d,4d3251c2ca8d381a6b94bfff67bbb2867d29bd5aa0edde181f4cfbe1f4280dec,val
raw/apple/fresh/freshApple (693).png,apple,fresh,local,v3_a9593fa483612053f05f8f112bd09906,fd700a6a8fbe81c9570d708f417d7094ac8a11fe189e7b648ea86e5d21abe797,test
raw/apple/fresh/freshApple (694).png,apple,fresh,local,v3_34fec74d5360bcc9955d6bfbd5709458,5ec3c20fd27cd4886605c263e62f9c94dad8686268907d7054fa0da7b0faa96b,val
raw/apple/fresh/freshApple (695).png,apple,fresh,local,v3_6d38590bde4047438e0d8543062ccb52,b7b961b8bb085b21a11f44afdcedfca11fad1dc6ffaa13a11308dec2fb36cf68,val
raw/apple/fresh/freshApple (696).png,apple,fresh,local,v3_b5a645932af2bbe90eb8b99bbb2c7ff8,722232f006243f8bc41d373b667127701c14bf8a7bf2ae2650eeb96de14b8625,train
raw/apple/fresh/freshApple (697).png,apple,fresh,local,v3_d7a062aa98472895ac6cbb91cf223a6a,408166848a7fa43d445019a6993b2d5509958bcfca812294e7d1a5cfb6e47946,val
raw/apple/fresh/freshApple (698).png,apple,fresh,local,v3_ab6ab02f5ea840f9e1606a58a4de4dde,ed1cf4c14f72dd59680f8d1f205d9a3f52059b738333a9eb83fa2abd05673ee7,train
raw/apple/fresh/freshApple (699).png,apple,fresh,local,v3_0c09c41299b1e85cdc6faeca5aa3eb38,9ee57d3d924b99ccb5d7990427f56e90b80d900560def09fa78a9f3551ae95a5,test
raw/apple/fresh/FreshApple (7).jpg,apple,fresh,local,v3_e4da7fd0e4135dcb5ea7b64c6bcbfa1a,fc35ed05f152acc167125dbf4791a3aab0002d719cc11860aaa105c3596b126d,train
raw/apple/fresh/FreshApple (70).jpg,apple,fresh,local,v3_f932663c6e06c7186c03fb2f3a360712,8991ee1bcf50174e982a2aedfdbb637976000e3186d50a896469de18309d0abb,test
raw/apple/fresh/freshApple (700).png,apple,fresh,local,v3_9b2226182e92687b70da3e8bf9fdf532,0c3c09c9b8e076649c24ab5b5651effa0d62db124c9fe9b655b50218b7407335,train
raw/apple/fresh/freshApple (701).png,apple,fresh,local,v3_bcf2f22778d408d0eaa50208164b118f,9565b2c14cd581620cd284304139206ca842979e4aac272c4ebf625ca8667bbe,train
raw/apple/fresh/freshApple (702).png,apple,fresh,local,v3_7fdebee7d68c857cb3f480c0021cc8e2,2c2127e70152c70ed4d6908d09515c6cc1ae169f945e57ed04254ff8c7872479,train
raw/apple/fresh/freshApple (703).png,apple,fresh,local,v3_00d069a007cecf31919f460f4b24eaca,c05916d0b2f40de08df06ad85d1e4be2f268e00ae2d73816ea2a05bd3f596b84,train
raw/apple/fresh/freshApple (704).png,apple,fresh,local,v3_00d069a007cecf31919f460f4b24eaca,29e76643d571fc5dc8d134d1d00ac9c5013b7c6dfc47178e828cf6d4fa16ae0e,train
raw/apple/fresh/freshApple (705).png,apple,fresh,local,v3_79e2a4155711c6304a13e3ddff967621,f9b846b9b5fc4d7e9265da6c854e309eccedf9fe342ea68a2ea46f10c8761298,train
raw/apple/fresh/freshApple (706).png,apple,fresh,local,v3_e666520239410248d99347df52fce9bc,9f5ea7e0d492a3575c689226ba038e56d44e24dedb004d27a668f27dd556af5b,train
raw/apple/fresh/freshApple (707).png,apple,fresh,local,v3_f6e394adfdc73c7fc35b2bbfd023dfa0,e938a3023e34c6f0e6f843b72d5351126409bb238046f114e45465fa179edfbc,test
raw/apple/fresh/freshApple (708).png,apple,fresh,local,v3_c91c58f7f6b10995cf842c3c6a5347f1,dbc5ce57861e68bc4b1e8f6348dba4f43b235090c80da73d43b318362775eba0,val
raw/apple/fresh/freshApple (709).png,apple,fresh,local,v3_c91c58f7f6b10995cf842c3c6a5347f1,91744138ea621054e28614445cc366bc15f07fdb18c0ee4f51b164d491c46e3c,val
raw/apple/fresh/FreshApple (71).jpg,apple,fresh,local,v3_f159c87b6e282ce5571a292f408a85cd,4d1e98e9e76eede6324d006b5b3cd14b364f1cb0f0df62245a3d457edd463cd3,train
raw/apple/fresh/freshApple (710).png,apple,fresh,local,v3_79e2a4155711c6304a13e3ddff967621,40bb206e258e38996018e0ec723435f16b39cdd22988e7e9ff3ab4df60a85e6b,train
raw/apple/fresh/freshApple (711).png,apple,fresh,local,v3_8d54db758416b13fe0c45d58e58a09f7,c962ebd2da20c4ce979e0df2ef6106c80176fadd42debffd19ef238e56315467,test
raw/apple/fresh/freshApple (712).png,apple,fresh,local,v3_6671ca2b4ac30f36d39defa92323d24c,be0cff13d3fa36f49342a8b104f5d6f414c343284341abdf6c7a559995410cb5,train
raw/apple/fresh/freshApple (713).png,apple,fresh,local,v3_e7b19018416e69b49866078c4a37adde,b08b49b1f30efb2c5432ca59c9b9181e1cd45fa04cd8df191628a188f87b8495,val
raw/apple/fresh/freshApple (714).png,apple,fresh,local,v3_4067110c5d7f1209f931afc5d20de8c6,8e2f7d7ac081f4dc23acf26a6d571c116546fbece90bf8740cab6e69adadd244,train
raw/apple/fresh/freshApple (715).png,apple,fresh,local,v3_7cc8c40d348dcda5ac7c43b0f0d815dd,8bb822fc0b1c3592f40ab6b31fc610e0a86720a79bfaff44fca79cb497e8ad57,test
raw/apple/fresh/freshApple (716).png,apple,fresh,local,v3_a50dea950d2970ee4d31c636358395d9,01c0885c19b57d8e9987b3b2225916c56b980d27747b11e4b572a46550aa287b,train
raw/apple/fresh/freshApple (717).png,apple,fresh,local,v3_85ca985ba0d91d032523bcf9278b4dee,6eb96f183f385a93ab1c093245bc7c9d3ebc22233ec159f7e90f33f48fb349a2,train
raw/apple/fresh/freshApple (718).png,apple,fresh,local,v3_f82c49de6a6ac2a283c87a54d0e1fb1a,752a3d15d57d7491825330937c714e839a449246d005b40d44b3786024d25d05,test
raw/apple/fresh/freshApple (719).png,apple,fresh,local,v3_f858560a6f3bdfdf7d6f9e38161aaf23,fa3404114cd31335e5a9fdea9bf020a1cebe7c092bc9b82b9742dd2c8d7ac4cb,train
raw/apple/fresh/FreshApple (72).jpg,apple,fresh,local,v3_77f82cfbad1c6c2f4ee97faa05feb138,bcfa3d47f2813a1438a11e09ffc5f0580d5313ccf96384725daf59f48a3e9d20,test
raw/apple/fresh/freshApple (720).png,apple,fresh,local,v3_f0553032ba9ace06917074a0aeb714fe,b54d8e1094b709097cf5b3f918e6fb22713c22dfa7bd3e4965a162e787dad620,test
raw/apple/fresh/freshApple (721).png,apple,fresh,local,v3_2b9192d7887fdb977843ad8e4c82c763,aeec4012be344d2bf40fc7ccae5dffcc50d0943b7fb85a02ed5c0f61f2f982e5,train
raw/apple/fresh/freshApple (722).png,apple,fresh,local,v3_50e1d0930c966b79b6c8692afcf12195,52eaca41fdded847a5f84ecd64833370999abbac8c919977cacb7eb382a608c9,train
raw/apple/fresh/freshApple (723).png,apple,fresh,local,v3_6efc5610c8e1fbdcae786c972ab82783,390ca2a62ad06e81fa28aac372b9abd584c2b80d29a4a04df96190baeb941202,test
raw/apple/fresh/freshApple (724).png,apple,fresh,local,v3_ffb231215f1bcb2541a433c357fd5240,657b2e24528d16456eeb77af53ff35dc84da1f06abfc1d272edc5ebbb5554c6a,train
raw/apple/fresh/freshApple (725).png,apple,fresh,local,v3_ade6866ed71bcfe20a7e8ca7290a4cad,6fd6b0057a553522744030dafaf67d8f6f7c5934fbfe8fa40f7e869d5a255c31,val
raw/apple/fresh/freshApple (726).png,apple,fresh,local,v3_ff64c863ee992bbf7d3390425d42f62d,6665ba3385d0f1001aee43f3bed2a9f2753fddfb6ff7959e104ea79742f4eb41,test
raw/apple/fresh/freshApple (727).png,apple,fresh,local,v3_66b8a5552ed1e1db2f4b3a09af2681ac,8c98febc7124dc7e9b70c8d11cc02ca218fda1a2d45644cb3306a9ab211d50f5,train
raw/apple/fresh/freshApple (728).png,apple,fresh,local,v3_dea06cbcd57d6b76dc6e92562d65f346,266c595117ca55a2e38507e33bb92c8bb62e55f8271724844062e61ed9ce549e,train
raw/apple/fresh/freshApple (729).png,apple,fresh,local,v3_dea06cbcd57d6b76dc6e92562d65f346,3ec307e5e1ffe1128ff5300f06f2bf10d2adcca88e3f7553c58d6eab17d680e6,train
raw/apple/fresh/FreshApple (73).jpg,apple,fresh,local,v3_6a3892d5993a4b40813fc58e968993e5,a6d636a2b176933c80933795c56d8dd3dbc236aa0b7703aa16723b549364e113,val
raw/apple/fresh/freshApple (730).png,apple,fresh,local,v3_4c0fc25e07684f45406437dc7afedb43,4112e3c6eb1a638a0ca6d3f4e854033c3ee79803dd7f49e48bf2f29e2e2102e3,train
raw/apple/fresh/freshApple (731).png,apple,fresh,local,v3_f4ed781a7e657bc8a1660500bc6d92eb,0f193ae1332ace4d98d4851c02d5c879fc82c62ced3b1934ca97a55f14b4d22f,val
raw/apple/fresh/freshApple (732).png,apple,fresh,local,v3_b8e996968f4dd64e72e5e5b8d129f696,caafb7dbc180753dcc26cd7afda8c7f8eb385cfc86fb325dbf004cd33e9154a4,train
raw/apple/fresh/freshApple (733).png,apple,fresh,local,v3_2764e45ccbe111f1871667e6ead8f182,f3b62b3319e4510d0e9592c47c2dbdd57e69b9735b002d6e16f4a76603d5bffc,test
raw/apple/fresh/freshApple (734).png,apple,fresh,local,v3_2a7b5758059806ae8904dec386a5f486,7ad782fc12a7f09ccbbccfdb41c6fb2b923c3380aa32551e6d00580a0e38be1c,test
raw/apple/fresh/freshApple (735).png,apple,fresh,local,v3_fbbf69019ddf1d6236272a0ea7713934,fa394dfe73c924a44bf350f34cf4beba5c4b90b7ed3d81112b4a8c5682e40350,val
raw/apple/fresh/freshApple (736).png,apple,fresh,local,v3_da872d79b94d10320ae8dc5483d13921,09daa91974cd88153c43747f47140638228c24ad94db13f7129e56e23a9af166,train
raw/apple/fresh/freshApple (737).png,apple,fresh,local,v3_da7a0616c07f05195fe9580293929a23,71aeed53c49c51bfb7427b8e0f44c40be045fd8911bf64e71389dbccaaec96c4,test
raw/apple/fresh/freshApple (738).png,apple,fresh,local,v3_c95600209cea0c60ab189afdb6279c9f,1c6341befdd1bb2bde8b8a382e7e8059947a55aeb43503f5ba0c4750a95ec58c,train
raw/apple/fresh/freshApple (739).png,apple,fresh,local,v3_eb334346829e06292acdc0273eaf220f,c9b8c4cf6773a33b484599cd18fd943e774c6e5e158b2afb6324be68c0b6f4e1,test
raw/apple/fresh/FreshApple (74).jpg,apple,fresh,local,v3_52688018aa4dcb02840e57699a385746,568a6f5a62420d606124fa0182068f5e65a2771c9e599152d52c2a2d342821d1,val
raw/apple/fresh/freshApple (740).png,apple,fresh,local,v3_013bf86a3b74befbb76b722fe3d3510b,e1294528aa5a147887e34b604d7238ee892e52a06f950816277af54363ca1635,train
raw/apple/fresh/freshApple (741).png,apple,fresh,local,v3_3134d4ba7361ab91b001fd83e0c8d6a4,2f2c6d6b74a8ec38aeb0dfe36323ea4b84519277bd05d6b2bab2984eda7f8297,val
raw/apple/fresh/freshApple (742).png,apple,fresh,local,v3_e0cd4126d9eb011b3b2e350ff0c7c850,5ff15a8df2edb68e417075379be00d6fb146bdfb6b50d6fd96f038813d85b3ca,train
raw/apple/fresh/freshApple (743).png,apple,fresh,local,v3_0db87ec278cc56a0776ad21cd33ff877,933e6c73f5c57b85f52061983b78fcf527dfc0a6c3f707102ff564d4ad3f227e,test
raw/apple/fresh/freshApple (744).png,apple,fresh,local,v3_9c8f717133b8bd0f5e5d529838093310,1ea9a60833bc15c919a29ab952ca28bf61dcb018859df275302e64bcfb95791c,test
raw/apple/fresh/freshApple (745).png,apple,fresh,local,v3_bbd54fffe9b4e7280e9c0402218bec05,55bedb9fa9def802b893b05d22b7261fbf0c637fcf70f5c5425883ea050f488e,val
raw/apple/fresh/freshApple (746).png,apple,fresh,local,v3_e33dce5d5f40d08ae3fbc87a9dab1f5c,9dc3049427511335949f622b2f2453b29935b43eacb3c4097b6b6f048a989871,train
raw/apple/fresh/freshApple (747).png,apple,fresh,local,v3_3a8cb204145042cfade19ffac699a52f,0861aad2c4ac61387ec82cb6af55c6128cb1d8d0129c2aa9f3647fec0c42dd16,test
raw/apple/fresh/freshApple (748).png,apple,fresh,local,v3_f322b12d5df88513cddaf7bc74cbb893,ab61f9c44ebea57174c0461fa5543299850a0e350a7a4ea4247375ad1f2ff9a0,test
raw/apple/fresh/freshApple (749).png,apple,fresh,local,v3_d037596b8692240b43f8b437fcd32ed4,b9da519c931106aa3cd82f7bd07d52b31a6b10828a7adc980d48f01e3f4c6a74,val
raw/apple/fresh/FreshApple (75).jpg,apple,fresh,local,v3_9d84e8ba70dde84706fdb99b129b13ac,20eabca6a9a14e9d30b9e320cfad47f374db83650ad59b238c029d15205ad8b3,test
raw/apple/fresh/freshApple (750).png,apple,fresh,local,v3_8248d112c322af355832144b832885ad,5f93d049fd145ed4e3e97373f9617d446a63ccdc3f7099d0f13c310e5b5893d8,train
raw/apple/fresh/freshApple (751).png,apple,fresh,local,v3_1aa1b68fc41259cdc6f23a887f099642,b954391e9a33cb0eb14c639d0cc00cb4dcfbb0fcb56c37cda8ccac245b9e0fe9,test
raw/apple/fresh/freshApple (752).png,apple,fresh,local,v3_c04f6c2b888160d7afc9b7a706ecaf38,482997084abd4afefd96d1522bb7398204cf87df8ff44dcad00d116fa96e6ac2,val
raw/apple/fresh/freshApple (753).png,apple,fresh,local,v3_26d3229fd593d39e4641b0167d1bb90c,705c00c279df23e5b05bf1c845dea03afd62f85542d679ca515fc815144fc5a1,train
raw/apple/fresh/freshApple (754).png,apple,fresh,local,v3_7da1af16f648ad120334e4132bc46c83,ed9a200e4891e0f65ec94eb30f66b6019d2177bb42fc43da06e866a769636e03,test
raw/apple/fresh/freshApple (755).png,apple,fresh,local,v3_7da1af16f648ad120334e4132bc46c83,d36d4a8781295283eea40d306ecb0b5f9a6c18405e4ac71c7332f01f5b09a42c,test
raw/apple/fresh/freshApple (756).png,apple,fresh,local,v3_16fbce7f05f539e52638b49b0a9967cb,cc26303c803ea250e77cc4b501d96b64f39a34d25289a06d4daa4caf3588fcc7,val
raw/apple/fresh/freshApple (757).png,apple,fresh,local,v3_ac8d9a3cc4239a2ff48d4912b599f51b,922768b9b41b39d696435f63b0e2a48948014c1af2487800f24531537bd00b49,train
raw/apple/fresh/freshApple (758).png,apple,fresh,local,v3_cec5dcdd35ee4c57a5391257f70e33cb,18b941524dd6107b60c990d022960abe912ee05501452faf0a38f016b290f4dc,train
raw/apple/fresh/freshApple (759).png,apple,fresh,local,v3_cec5dcdd35ee4c57a5391257f70e33cb,28ee8ed260f5fb598f17b27cd73b26cfeeb4c41683bf536787b853d1be28b2e0,train
raw/apple/fresh/FreshApple (76).jpg,apple,fresh,local,v3_c7601a2372817c1a9419486b8959000d,c6c4167a84adb087b343a66c46460bccafb003723001d70279fe4413b2b3e521,train
raw/apple/fresh/freshApple (760).png,apple,fresh,local,v3_9dfb2c1ef817b2ffea0423210f4ca08f,71a82971b4c7afbeb7c5376b3946a06f27f58678ef105035e3977318394e0146,val
raw/apple/fresh/freshApple (761).png,apple,fresh,local,v3_030e0ab0c46a3f927589dfbd28c72c5a,b83240e3a6ee59434a3754b916560d85d4a69a2dd295ec90e063045973cb6e03,train
raw/apple/fresh/freshApple (762).png,apple,fresh,local,v3_2cfa7a5bc126047c1399b477c30f8b67,2a445ddfdc2684e91c94276ea21181eafc61e1a8a13af52f09b13455381de4f6,train
raw/apple/fresh/freshApple (763).png,apple,fresh,local,v3_c6cd1a5614edc74a7e3cd2d7c687527a,d844b8147947c7a5f76061af75d3f220b41bc900ccab1680ae9945f0d73dea5c,val
raw/apple/fresh/freshApple (764).png,apple,fresh,local,v3_db3e9980924039cfc034d06634a47d5a,df73fd2ae83c3b8c3fbd453f3cf8533213fd1a54de03f1a9bcbddff36e97fd18,val
raw/apple/fresh/freshApple (765).png,apple,fresh,local,v3_52f9e6660f013aa6de4ad8292cb0e9dc,47c0e9168d0cd0a1f144ddf28a28f7f25cfab28c29012461dc92ef50b98ccfd4,train
raw/apple/fresh/freshApple (766).png,apple,fresh,local,v3_98105d0e4949b5e33862efb709996fe5,e91716cdc258509838681368c7cd301d875e649dcdc88664da52ff9780825a6b,train
raw/apple/fresh/freshApple (767).png,apple,fresh,local,v3_a62aa7666d7e48b66b2742032ce924b7,db191fb538fe162e74bf13fd63d8266983352a1aba8de75548876e9def892aa3,train
raw/apple/fresh/freshApple (768).png,apple,fresh,local,v3_81a5688aa4cfa1de9875a5f83241748b,d9b3249794f1cdea8df19d064008ccea6beeb26a717b21cbf9c0e59b66dfb147,val
raw/apple/fresh/freshApple (769).png,apple,fresh,local,v3_34cae1bd24863a28568338b5f42b9d9f,bab3a11e1b516bfde1c2f15fbd190b48cff00da6a6dd696aa95e3ae5598b65dc,test
raw/apple/fresh/FreshApple (77).jpg,apple,fresh,local,v3_cc82f96f13c8018931714f4be8dec8af,a290e890c330a1503e17c6f9a480e5bf110de0ed7a39df88c47c1c8c0f0dabc7,train
raw/apple/fresh/freshApple (770).png,apple,fresh,local,v3_f3d123dbd4839ba86d63bcb937bf0e04,7e92ec5599c134f331e59fe859c7d292dfdf84797b90b205869ac97b4cbe6e56,test
raw/apple/fresh/freshApple (771).png,apple,fresh,local,v3_f11d3b4a4d4bff585a37821c89d6638c,f38ca1970d902b51c2fc6cddcf88ab262d44cf8d1d5673cbe845437e9fa19a5d,train
raw/apple/fresh/freshApple (772).png,apple,fresh,local,v3_102a75f602d6b4fb59401b114d2e84b2,0baf9d878b5b48eeacdceaed2ef5f4e32d2e951d87fab35bf5eed01a025cbcd5,test
raw/apple/fresh/freshApple (773).png,apple,fresh,local,v3_ab39f64246399ea1cf593112df6e29b6,3446e8706f829c4e2362380266ca949ed385685ff519494b5954a2d2fbe5e46e,val
raw/apple/fresh/freshApple (774).png,apple,fresh,local,v3_e8036376bd4306902d5bd13de2a7fb3a,5bf3e9d5910e81cb194c78aa603ec84ee7224ef8c17f9cabeab322d85d2d95c2,test
raw/apple/fresh/freshApple (775).png,apple,fresh,local,v3_d4b2050d32ec4c2451a5b3ef6470b907,537a229231915e0da60d8df6e3861fd3c515094afb25ba5f636db5eea981a5a1,test
raw/apple/fresh/freshApple (776).png,apple,fresh,local,v3_0c8d98e5d1ebbc3bf4622ef242ed2d4b,eec157c462110fb25e34ae2008a6f3b24fe60c69f0910bf1a1b88060c2c4d918,val
raw/apple/fresh/freshApple (777).png,apple,fresh,local,v3_0fccb42dac7783e2c31e6a5023ee6b62,5d804caf46d679d0a6bde1c66d9e07a4bb0773e803596d62fc034c8d7eb0fb25,train
raw/apple/fresh/freshApple (778).png,apple,fresh,local,v3_6b4f4f19fd8dee1eef60a2afafa6fe13,1282482d06d8f1100e02ee1f4fe0e853784bc6581987742dcddbb93cdbec61c0,train
raw/apple/fresh/freshApple (779).png,apple,fresh,local,v3_57748fe6a3e8d111de2bebbabaf5b1ab,5ec5029318d278e427fc08627446d3b54bba8646cc11562e335eabe1fac63c7e,train
raw/apple/fresh/FreshApple (78).jpg,apple,fresh,local,v3_08e01edd29d2e1559f7425c4d0600499,e6a7479102d796bfbb9b532495f561934801c4ab0f02d0555285eaf6734c1db0,test
raw/apple/fresh/freshApple (780).png,apple,fresh,local,v3_d120c3cff895e2422ae2cffee905b2f3,e1fb5d8e7b141f03ebbcd02c1b31450f9400839acc30dc9d3449e20e69221945,train
raw/apple/fresh/freshApple (781).png,apple,fresh,local,v3_06cc915a2adec4081b59efeeff5a8c1e,776c6f8293490893bcb00a5844eda079d3ac071e145e5e8280b16e93612e7578,train
raw/apple/fresh/freshApple (782).png,apple,fresh,local,v3_4697f684369c6f2ddc94363801f9c902,45601653a81c0b564f1ecab15543f7593f55d471f0d78d8d9785b9edc71b1aa5,train
raw/apple/fresh/freshApple (783).png,apple,fresh,local,v3_fe596b040351e7b123638fcb2d27f4d0,f8933a21e5136e1dcdb186df260edfb5a67ef28216acf1702fa9a26353a98afc,train
raw/apple/fresh/freshApple (784).png,apple,fresh,local,v3_9b9869a5f51591c709752eeb22178cfe,29d614158c97fc0f014a6143932df019d80433bdc6dbbf992bba36993eee8ec5,train
raw/apple/fresh/freshApple (785).png,apple,fresh,local,v3_a66dfc1141feb9d4466531ae3b686902,2c8f392805877f7a09b4db04c50a8ed12b13b2a956e112674bd5cc1deb86e363,val
raw/apple/fresh/freshApple (786).png,apple,fresh,local,v3_aae6115cfe2cb0fdf7ad1c83f750388f,dbbe04e7619b522c4d518866ed9f4fb18ca57c0d8125f5dfa4bd6dca0a4e50cb,train
raw/apple/fresh/freshApple (787).png,apple,fresh,local,v3_dbbad0a7f491f5842195600c8e0832a3,4645763d3ae1ec23cf77e0c71d3dd9f3fd0c9b54752cf1485c955532008609ad,train
raw/apple/fresh/freshApple (788).png,apple,fresh,local,v3_c0face6a506cf78e02eb27579ffff3d6,4bcd75161ed44d82ad31d36a2485861076f9959b0e9ad061573bfcc36ee6cf01,train
raw/apple/fresh/freshApple (789).png,apple,fresh,local,v3_7c1c11f6e34d0a1a11a7bc4291d2f81e,770bf21a7f9c48bc2b32c7c0c922d67aae342049a106c93ff8612069b0faf971,train
raw/apple/fresh/FreshApple (79).jpg,apple,fresh,local,v3_3ef15932c6b70ca847d31b2d33413688,ccaf4a5e71ea318200a3380e8c0ea8ef2545ea7c4c5ffa0eb9722e6498fb4196,train
raw/apple/fresh/freshApple (790).png,apple,fresh,local,v3_ccbd60d4cbe8b279ae9a7d7452862479,c9598af2b4ad47f0b9658e0323eff7b1ca0f5610d3011d0c8eb0d0a51c319084,train
raw/apple/fresh/freshApple (791).png,apple,fresh,local,v3_4c6568f6021600e0845d1c45f8380210,6e2ed74125d78294d5f149a1ef0e594fc2d13e2a040d89abd45ec89f5935d292,train
raw/apple/fresh/freshApple (792).png,apple,fresh,local,v3_014cbd498c2a58b16466a03f1523f5de,b24b92c26e338897c0831cd5a814b14b8bdd6a6d5c34a89357dcc668f5c5b58d,train
raw/apple/fresh/freshApple (793).png,apple,fresh,local,v3_ad7e54dbb8ae1a6af3c01ad4ac778d95,ddc623cd2d07cf5b9fb8984f46abbfaf2e2d6f13d0b5cb8613e3c68d1e05e12e,test
raw/apple/fresh/freshApple (794).png,apple,fresh,local,v3_c3e9cf81c0d800954ba436f85dcd41c8,decd506fba1065ceb824886e8df8ca7342d4c698af8df921d22f918b06056b7f,train
raw/apple/fresh/freshApple (795).png,apple,fresh,local,v3_492395339ed24cd317cb18329fd9951a,265f94671a95212e42a97d0896497a7591bc98a44e7240de910cafc7b4ec08f1,train
raw/apple/fresh/freshApple (796).png,apple,fresh,local,v3_cf0f0797421b6808494466308cb76af0,8da5073d7f6a2cf18c78c9c9c20cae1401a82403f2c4f2163fd02c8d89e1e50a,val
raw/apple/fresh/freshApple (797).png,apple,fresh,local,v3_8c2f78af83474b325c651984faf35474,c88a500275966ec4a54cd90e68779ddceba197ac540e2c3e487d353e8a2034f3,val
raw/apple/fresh/freshApple (798).png,apple,fresh,local,v3_4bc7d3dbfbbfa696e5aa15c621ef8258,58c1dd86911e730a6d2f16dc0f691d4a032f151203ab010bca53c57f1e8eb2c6,val
raw/apple/fresh/freshApple (799).png,apple,fresh,local,v3_22764ca6260f13bc6246d0862f6b9965,7575dce5a91d9785dc13013bb3942102691fc688066faa72e8319fd52c2793f4,train
raw/apple/fresh/FreshApple (8).jpg,apple,fresh,local,v3_d7eb707d7e59d66cd653d07560e88f33,da6b078755c3706267d9f2f37dab6a5c9e2bc295ecbd1369b0df288e85ff88f4,val
raw/apple/fresh/FreshApple (80).jpg,apple,fresh,local,v3_7bc0eef15af0247984c26a73f49f97d2,a4771585f650aa16ff62fb579f86e632ca46bdca9f5ec30ecd8a435879ee35eb,train
raw/apple/fresh/freshApple (800).png,apple,fresh,local,v3_802b035855cb3bb75fe526e29cef7504,ff7217bc70703c8dc82302c06d81a7285961943dac7c5ab07747c3d6b5512e35,val
raw/apple/fresh/freshApple (801).png,apple,fresh,local,v3_50662bce99e78b022486d2b2e96b8abe,772307394118de2d63112cd3ac9517a0e17c4c6cf90af9097352100210109435,test
raw/apple/fresh/freshApple (802).png,apple,fresh,local,v3_9b3b95dcdae32c5b52ae6468fb303a67,2096c070c875897ff24ab36343f87ef8744c523dd4ffea433dd3b3dc3cbe0a58,val
raw/apple/fresh/freshApple (803).png,apple,fresh,local,v3_82d485f71e1737f3e35d8a2399318392,d0595f42743706a5b0f07945f8464dbfbbfe9a24c32743bdc6bc24f89c287956,val
raw/apple/fresh/freshApple (804).png,apple,fresh,local,v3_ceb4569c78b70c4781ee4018a61e0982,7d047789cf5e9e78c9367ee3263eb53f4236bb6bfe260ac9a0617f36e68fac55,train
raw/apple/fresh/freshApple (805).png,apple,fresh,local,v3_d3dd0559f3ead0cf0610557f134ed538,dcf825755d5b63b3b39fc165c069fd74228e7a6edbd73fb1f2aa9c610668c157,val
raw/apple/fresh/freshApple (806).png,apple,fresh,local,v3_155da7b749a08c977652120c73efaecf,c4d5121e38fbea298049127e70ab6cf297925af426bd26b0cf953e6cb248d06b,test
raw/apple/fresh/freshApple (807).png,apple,fresh,local,v3_a53881ba87e704db5389090d51cf9693,fbefcb44a9e7017961bcaeda6698fb44b55f6734d4047f34b89571da07fa7143,test
raw/apple/fresh/freshApple (808).png,apple,fresh,local,v3_c68878ed5680e6271eeb44b4be0a3032,e936a56908b9a79cf2d48d48bd80371dd4f6b0ecb8bb04f3d0209b252ee6ddfe,train
raw/apple/fresh/freshApple (809).png,apple,fresh,local,v3_5629b9d586be1d8aa79ea1f7dda4dba1,3d69b3e5390e2c3d47827116d9da07977cd54cb32d52c6d4492ada315f191c0c,train
raw/apple/fresh/FreshApple (81).jpg,apple,fresh,local,v3_4a23301ea0385a43380710592157faec,6e000f3d6f8decbacd363b7c6f0ac1ada64c782ef2dbe3a093649f3726188ad2,train
raw/apple/fresh/freshApple (810).png,apple,fresh,local,v3_95a5ef62efedada1aa40cb208e733bc8,7fc77245edacff90f999aee2514d4dd4ce0428ad53cfb815435b10240061fb49,train
raw/apple/fresh/freshApple (811).png,apple,fresh,local,v3_e5fd300dd1acf0c6432598a2b56bfbff,52279b1afb55618495016d13a17f5bbd5bcfd67e1431aabe9254c8cd3e9ed156,val
raw/apple/fresh/freshApple (812).png,apple,fresh,local,v3_a1bbf1c83e532700dc675f9ef9891e34,7b3fbe3357bbfe0fbbeb23b7618ff360003450c0b7d86910e310ac601c1ed933,train
raw/apple/fresh/freshApple (813).png,apple,fresh,local,v3_5ca120634b5d20e2e15694d999a92f66,8db321f2f2a3dbc6d5a547580f997161ad35f605d315296b31fe81e081c621ee,train
raw/apple/fresh/freshApple (814).png,apple,fresh,local,v3_4cbd89f2a822825fb9c0ec90e32a7734,8997cb2b7f168cd8bece06920b541b3259ab1e84a14c1f62d77e9d80f6d34909,train
raw/apple/fresh/freshApple (815).png,apple,fresh,local,v3_d09d10a8d02f7f2178532f953010720a,4ffddfae6ce0d1138e62f527282b5703a3e9ffa98066f9c788c7a1e9e3b2d342,test
raw/apple/fresh/freshApple (816).png,apple,fresh,local,v3_c93cc6ef02e28bc6258089fe33c33854,04bbc7b7d243056568e60787c1b399c9debf0efd27eafc348a72f56938354cc1,train
raw/apple/fresh/freshApple (817).png,apple,fresh,local,v3_e2191e57f7f17f892549c8eb369f5f6c,4a02072ed1a588cfaf0181e67ad1d01570964be1c5f10c55e99afa0763b29e29,test
raw/apple/fresh/freshApple (818).png,apple,fresh,local,v3_5c2c2578874659c0865584032adb681a,1e193182c41177e9f871f49d6aa75fef4dc3292fd6255e331b88562e6f733460,test
raw/apple/fresh/freshApple (819).png,apple,fresh,local,v3_0606448a12cb4a44a259cfc98e58e0ab,1cd5ba6f2e6f2aeea9312d9b8ff317ff0fb1fd11c13742834e20fbd903b2f0bb,train
raw/apple/fresh/FreshApple (82).jpg,apple,fresh,local,v3_34a00ccb42e19d1c92b73a7f3c47c51c,e11d48d80cf26caecae130728a050cc780aa61770f6ae450efa4b67c1864b861,train
raw/apple/fresh/freshApple (820).png,apple,fresh,local,v3_bc6264a2647550d95657a52c5251bb05,f45cfdd66fbb722e901a2c1372d546ba0882ed66d2d2c19ac3b9454187343749,train
raw/apple/fresh/freshApple (821).png,apple,fresh,local,v3_0763ee004802a9ece84f6f182538287a,a04163f893d78826570a5e1157ddf381c22a9fcb2f30693b17a7179f8956a9b0,train
raw/apple/fresh/freshApple (822).png,apple,fresh,local,v3_ee6de63037702c2b6f3bd4d8bcaeb0e2,b7c2a643d202e14b323f168ba5a5f7947b50641f0fc310ecf4fae9d994838faf,test
raw/apple/fresh/freshApple (823).png,apple,fresh,local,v3_7f0f7d36ab5680ce6dd8c91682ccd48f,c093cd7a8d54488793bef4141fa1e765f449e3c91a48f5a2b51d2c4a40a770ad,val
raw/apple/fresh/freshApple (824).png,apple,fresh,local,v3_b68033652be6ceb25568d2877074555a,e9ef1832cafcb98e0e58c486805e7308ae2505d992be2053f38b980dae412a3a,train
raw/apple/fresh/freshApple (825).png,apple,fresh,local,v3_07c84939a1ee19c16e571665e63053a7,820d7aefd72b78b0a1c55a1bb032f20df36d6520fad1a4a3ca1a5a29e661cc19,train
raw/apple/fresh/freshApple (826).png,apple,fresh,local,v3_c08c0d53669d13c977b7801da3c09b02,98b17cf3bab36821519f55027a5ea9e6d542e6125ab0feef18cdd4c3aaabac87,val
raw/apple/fresh/freshApple (827).png,apple,fresh,local,v3_bdac7cc7f6ad102cde8eb2ecfd5e08b3,39affbc3bf1c27fd16be0fb73d8f7cecf94c6f0e317f3c50a2d1892960dc039a,val
raw/apple/fresh/freshApple (828).png,apple,fresh,local,v3_d9ed1dbd38391d0095bb081455ff2446,2cb0a74d750b5207cacac30f9e4ed8e52bd7bc3bf486a28962134a0d9645a258,train
raw/apple/fresh/freshApple (829).png,apple,fresh,local,v3_d0f71a27ebf0daf4a24a2e1268311924,2904b3f8662bd924e2addff65b4edcd4360860c29239364d77bf860ed6c3b368,train
raw/apple/fresh/FreshApple (83).jpg,apple,fresh,local,v3_b78da47648423165037a60ef4eaad109,8f8334464ffdca83e675ca97de094d5cf5dcd56b0ea4ee47c7938507fac8676f,test
raw/apple/fresh/freshApple (830).png,apple,fresh,local,v3_f4270815cec98317c8d7aa12bd4b534f,7cef4b06c748693ac2b20afb0acbd8449812b7ce03f1fbf085786e70f92ecd79,train
raw/apple/fresh/freshApple (831).png,apple,fresh,local,v3_42688593e774f04e7b205032806ea9af,39339f7d8cd96ba567b975b239cd14de5da7b5c0ec25f9e77157d9c3fdd72706,test
raw/apple/fresh/freshApple (832).png,apple,fresh,local,v3_bbb846542d66f8d0997860b890f26ca0,72906f12d5f96ece95c6f844e2de35628344bb1fd7a371aa29138ce1a57e0d10,train
raw/apple/fresh/freshApple (833).png,apple,fresh,local,v3_cbaf1ade79394a74c595986f15af56a6,fc838bb9c9e50ab4ddea88f1335034c1ae6df803a688aa7e570883b0075732b7,train
raw/apple/fresh/freshApple (834).png,apple,fresh,local,v3_31e19c8916a3cc951351edf477cae7d8,891f02fc8df4bc57e8ac095d2e95609ae943ff5bfeff2f56cceb72679b4ee3d8,val
raw/apple/fresh/freshApple (835).png,apple,fresh,local,v3_6a9424665df46ea19f8d36b4bf4be84b,566793ddac79f05a1b82b0b8540d6bc0eb75f0f838d90635a3d91b93f30b6fdf,test
raw/apple/fresh/freshApple (836).png,apple,fresh,local,v3_2eb52776244e500420210cb2c9f88488,ab864f64ddd511ca5a058537d316b005df3d885793406a56ed9c8b3ab9a263a3,val
raw/apple/fresh/freshApple (837).png,apple,fresh,local,v3_2bdee6e3909005cac7bbe9c61db17166,1fe6906adcff7a99fea9099b5086c9ae1dc0611e8f8eec36e06f2c19bff8ee15,train
raw/apple/fresh/freshApple (838).png,apple,fresh,local,v3_dbf482d68b122c31999310dc1f1c1cd7,999c89a9af2edf3c34b5fe464295aa05bc65e9066918c6dc4e01cf8bab2a4e4b,test
raw/apple/fresh/freshApple (839).png,apple,fresh,local,v3_53d9089be8df3bf33677b2a47a49c950,8721b399ac254504ee2ab69ca2a594d23b59f0538dfad1cd6d9ae480e10dc170,val
raw/apple/fresh/FreshApple (84).jpg,apple,fresh,local,v3_6702fa9c5f5e83153226c4e420f0e19f,8ca8b37a5a7967b9342ee06e71df1ef40e884c1a03fb834bb5987fff614820a0,test
raw/apple/fresh/freshApple (840).png,apple,fresh,local,v3_7cd8501d8317bbb29f55cfdc72b9189e,682761c223d5f5f546bf963777abc82b3a2bbe36f9de59d8dd7f2ccdd3688934,val
raw/apple/fresh/freshApple (841).png,apple,fresh,local,v3_40bd1b9a59a2076c509cd74004cb921f,d067a34c41367f40dcca6d171f2a0e2269d214482e16b42c74ec5207112df1a2,val
raw/apple/fresh/freshApple (842).png,apple,fresh,local,v3_d9e4f6137313b8a26ec2a639b1683c47,401d8b4032aca04b901868296f4ee2dfcffa105bc0c7335cbb6f09e3e59385e8,train
raw/apple/fresh/freshApple (843).png,apple,fresh,local,v3_9fcd086cb57f41b3ff9d63075afbfbab,9d7f232c3516b67b8e6ebb0b264e9ad679182cf1a9cc4c286443d02c49b57f2e,test
raw/apple/fresh/freshApple (844).png,apple,fresh,local,v3_8617f3082e84852b87ba600e3d2a978a,209c45ea77c71d3c62957a2b136d89d442fa3fe71241c1160b1a1b4275337450,val
raw/apple/fresh/freshApple (845).png,apple,fresh,local,v3_8075e68e02530dc7f39e5fe707552b4e,3799a709dbd1c20a3d6a9e79aaef85df96566d712aaa088320e00db70ec6ab6b,train
raw/apple/fresh/freshApple (846).png,apple,fresh,local,v3_3ddc781d2fce251a5c3ad3e58fdac84b,c1e3566416e7f62d83e577fea566d95a48fc194128a0f0dcc8065c5598b893a1,train
raw/apple/fresh/freshApple (847).png,apple,fresh,local,v3_5fbea906e6870d7682794f46f9ee1d6b,3bda99d58d9659fcaf616ec6882eb1fdfacba16d468a3976e65f82a04850a263,val
raw/apple/fresh/freshApple (848).png,apple,fresh,local,v3_1817df81ce6fb830ba098cd9e417fdf5,dcbfb49567252efe71c39c0300f125cb49d61700debda4bcf1f04cade26c4031,train
raw/apple/fresh/freshApple (849).png,apple,fresh,local,v3_fa6124c0783fbc41ac2d72569270c6cb,d3c673b1442013edbc54dee11be8e4819aabd12a913382272de13bf9b7e46bf5,train
raw/apple/fresh/FreshApple (85).jpg,apple,fresh,local,v3_1a1e52015f1488f00e4b828d2654ad2c,2426dfe5114c86fa5610cc6697662e9037296d73e031adc1dff351dcbc798418,train
raw/apple/fresh/freshApple (850).png,apple,fresh,local,v3_608ff695d9554388e4f6c7b50fc445f8,cd7d5cb6300711f33ec4746e1201660fe1dbc84f2cb768493a80c3c8c772c61d,train
raw/apple/fresh/FreshApple (86).jpg,apple,fresh,local,v3_d8b5144765790eea274b60e05edbee9b,adc178d6257c9c40f42b6da2cf97abf7fd66f60f4af119267a037e313fbef70c,train
raw/apple/fresh/FreshApple (87).jpg,apple,fresh,local,v3_20f149f39dd94a205730798c3b201afb,c18fa5cbefc3b7aba822a99115b7379011ead593e62b7c72118f54c7e630ff47,test
raw/apple/fresh/FreshApple (88).jpg,apple,fresh,local,v3_cf8b5d612306532c77e32b07fd614d0c,af0e19b855acc7f019ffb04e2de8e465bf42c5db452c49ba72c777e02f58023e,test
raw/apple/fresh/FreshApple (89).jpg,apple,fresh,local,v3_df63d1e6764de04a81c26b84ca0364c5,bdc998efe56a5d627584260d9527d9677d56815786d7ba4d28fe1ec5eb36e595,train
raw/apple/fresh/FreshApple (9).jpg,apple,fresh,local,v3_e8807bcb5af44d0d915f5819d2400646,7828a36d74490d7265ff242eef614c753da51f5c6aafd6d5ef68fd5286e21b9b,train
raw/apple/fresh/FreshApple (90).jpg,apple,fresh,local,v3_2844b817511df28bfb6bcc3d55b76912,b607dbd7032c75c929248f39591f2f4f495623e28b68724a8b71ac6f86ebcec3,val
raw/apple/fresh/FreshApple (91).jpg,apple,fresh,local,v3_a7d2ebee2c76bf1efb5a06b92c8a94f8,58b37aaa5ec63582d16667f8e17ced5ad2617dfc8a2144e9993721f00899106f,val
raw/apple/fresh/FreshApple (92).jpg,apple,fresh,local,v3_3439c1c4dd9add0521945525f6c6741b,d9ea43c975ab2ac761137b63636459055110d91d0193d94ac97135bbfeb03790,val
raw/apple/fresh/FreshApple (93).jpg,apple,fresh,local,v3_362165ba3f947edfe4b566c8e9b031f6,272016e31d60c64cf277c8818a74aeaecdf99fd3a7d296a9e9c7ca677b94e4ee,val
raw/apple/fresh/FreshApple (94).jpg,apple,fresh,local,v3_e29b2c0f2ee1f3dbf6312fd8bb382df8,a4f7754691c6cb2210a5cecae494134c3f0e8a8a67bb1428fca4d54b4377b559,val
raw/apple/fresh/FreshApple (95).jpg,apple,fresh,local,v3_e22171f9bece3ad194b6788f1230b56a,4376ca29a6e7e20ecf43598dc11e21fbb49a53f708e68ee0866a5d549ec7d0d5,train
raw/apple/fresh/FreshApple (96).jpg,apple,fresh,local,v3_67f08714dfd16d511b8ab60145bc6ae9,e94736c451f78b05ce9add24b0a14e6186e25fbb0b934a190f807532f14a44ae,val
raw/apple/fresh/FreshApple (97).jpg,apple,fresh,local,v3_59d41c0b44cca9e10ea224cebf88a939,056db0ccb5a8ec5c9857a132edd7e2d64658487b7ec583f5a1120ce6bb1c3c17,train
raw/apple/fresh/FreshApple (98).jpg,apple,fresh,local,v3_249e261a96aa15225ba78fa097638108,dc0df94bd9cf5dfaf10ac8394db309d56d32112f16fd26dd98244ee25bfcf8a4,train
raw/apple/fresh/FreshApple (99).jpg,apple,fresh,local,v3_0a49de473eceb861c2298913e63d82b2,7572b176a94d0b71495ab1fc1d4e98cac8379ee568460ebbe1060c1e0ba3fee3,train
raw/apple/fresh/Screen Shot 2018-06-08 at 4.59.36 PM.png,apple,fresh,local,v3_cd0773f4598cb935a7cd062dfcdfc17e,47db8aa3c3f68add5963c327f40c363d25f20b29b75ca130a565f2a1356db907,train
raw/apple/fresh/Screen Shot 2018-06-08 at 4.59.49 PM.png,apple,fresh,local,v3_757bf765b3657e46a61fe950265c0dd3,de828aa1d62e40fed05d4243577a11b367227874f2e71abf4cbdb80134cdeeda,train
raw/apple/fresh/Screen Shot 2018-06-08 at 4.59.57 PM.png,apple,fresh,local,v3_99ff019cf9d30295a001525d5b084a10,683ac1030173ccf474cfeb59b61dc0b7a916cbba0ffe62bfdca00cdc842de973,train
raw/apple/fresh/Screen Shot 2018-06-08 at 5.00.03 PM.png,apple,fresh,local,v3_f8206f47d7ab87763ce0791626201ef9,1e0f23255fa91d82d84dbce86e6bccf746e4f5f2f0cb190f3462398d0756eca0,train
raw/apple/fresh/Screen Shot 2018-06-08 at 5.00.12 PM.png,apple,fresh,local,v3_9c3ab98bc324b70b913992a5d6792a79,b7c3a9dd431b66bd18ef973d1eeaa0f04aa8dc0d03cc2edacb54cad1d1be21ae,train
raw/apple/fresh/Screen Shot 2018-06-08 at 5.00.18 PM.png,apple,fresh,local,v3_95885b71eb8b9bbb0a83d465d8bbe529,c0ee3001de2a77174a82ced2528bb5c8be2db35837cc71d9d3acccbc9acffa62,train
raw/apple/fresh/Screen Shot 2018-06-08 at 5.00.26 PM.png,apple,fresh,local,v3_1c4a1b705ac3cfd9dfde5760a61e8042,4f997199d408212c0c4af7fd26985e57921a737670d1d3d3e78040a5313218f8,train
raw/apple/fresh/Screen Shot 2018-06-08 at 5.00.35 PM.png,apple,fresh,local,v3_194f4c5466296225e05b3230e26eecfa,22a3c967f5ac04cd2499d4305b76164da0617f451f4bf9ed99743fbda29d10d8,train
raw/apple/fresh/Screen Shot 2018-06-08 at 5.00.43 PM.png,apple,fresh,local,v3_96ab9c71b319f8d65ee0612f8176f7fd,4e5dbd0b63fa277569bb97115c06116e5af359819ff5a1cba81fdf63adf39d04,train
raw/apple/fresh/Screen Shot 2018-06-08 at 5.00.50 PM.png,apple,fresh,local,v3_8e94f5aee7d743b9c70833b6d80e34a5,e967265ca5c5ebcbfabb3be25d5752f899274a7d3930ff0bf06510b4a7a2be2f,train
raw/apple/fresh/Screen Shot 2018-06-08 at 5.01.01 PM.png,apple,fresh,local,v3_5a7fd3cac98e24bdee269f2da99e9258,13cbddd99860f79cafd80c8f44bad2f131488d7c59262df893a55d935e755885,test
raw/apple/fresh/Screen Shot 2018-06-08 at 5.01.08 PM.png,apple,fresh,local,v3_e8fc436a9e25a014ad7ef2c868d8d013,8107df0a11cb3bc39fc0610cb161f523a1d4c5cb3e73d6bd5e80b0cec1d12676,test
raw/apple/fresh/Screen Shot 2018-06-08 at 5.01.29 PM.png,apple,fresh,local,v3_ac7d0fc935132883435378dd5f9e493e,7ea369deb97bb775dce50e22ac67f890f50993181a08e1cdae9ba815dffa3626,train
raw/apple/fresh/Screen Shot 2018-06-08 at 5.01.34 PM.png,apple,fresh,local,v3_f61d81030f3524def71a7e6ce5a7c34f,1496e4ec31599f90c02b6e64d77e946a42c7382cb48d17716c2a7f693a7e13df,train
raw/apple/fresh/Screen Shot 2018-06-08 at 5.02.08 PM.png,apple,fresh,local,v3_7da66128d183e0e0d0d1026b92daa27c,69448612c9fff82cf2312e95769d22ba8943fc8df3cd194f86db56ca5ef22008,val
raw/apple/fresh/Screen Shot 2018-06-08 at 5.02.24 PM.png,apple,fresh,local,v3_ca63dda88e43822024f617f929be4140,77eaaeb58c798c36f3ee4744aae3aa6cb3a94193cc9a2425906d48410ce7055a,test
raw/apple/fresh/Screen Shot 2018-06-08 at 5.02.31 PM.png,apple,fresh,local,v3_78f683d41e335bb403abbb53e2fd1b95,05ed301c1b5000651f78c47aea742541e3414827052fea781ebb052b3eed007d,train
raw/apple/fresh/Screen Shot 2018-06-08 at 5.02.38 PM.png,apple,fresh,local,v3_ee64c6df3f839ea1353a42e544880558,e806c773ea6feadadd5c403d5b90e21ea0b5ef5e8194ee42c9d88bcc287a8782,train
raw/apple/fresh/Screen Shot 2018-06-08 at 5.02.48 PM.png,apple,fresh,local,v3_e9ef0cd33c53c270397409090210bf5c,493bd98dc1b33853632357b3212187332f011b6f35864141654d6e5833f08d30,val
raw/apple/fresh/Screen Shot 2018-06-08 at 5.02.54 PM.png,apple,fresh,local,v3_b42e634a1d4d2ca219ff5776cd6db51a,fd53d318ba766c219ee76f9c733c9e083ca65fd0fcca7b1aca400be0964b2cab,val
raw/apple/fresh/Screen Shot 2018-06-08 at 5.03.05 PM.png,apple,fresh,local,v3_a0195837fe247558c9f5e71fa28b8e72,5de47680d3addcf999835c369774ae209b370c339b69555832de25505093732a,train
raw/apple/fresh/Screen Shot 2018-06-08 at 5.03.10 PM.png,apple,fresh,local,v3_7ae5a0cb1873fa07235fad0a4acdebc6,bfb4eb75ad9e13c12693857504e29eda0212da3438bb95d11def1a9be2f27c68,train
raw/apple/fresh/Screen Shot 2018-06-08 at 5.03.17 PM.png,apple,fresh,local,v3_e5e009f2385d6fb02cf8d464dbd95837,dd72ce6229b30e8d9623197c708a9908d5e65d96ed298949a35b18d425041da5,train
raw/apple/fresh/Screen Shot 2018-06-08 at 5.03.26 PM.png,apple,fresh,local,v3_a49f0f7fb49903ba80ffa24ba1934c43,39b63bb59da65b4170b301b121009770b6be0e07a91bc78a5f5d697b0025e51c,train
raw/apple/fresh/Screen Shot 2018-06-08 at 5.03.34 PM.png,apple,fresh,local,v3_e98e01a918f75e7ab724f46d1243f6cc,677713e04eabd91af644745759ee92ededcf1633c04e9e738b7d01dd649f3d4d,train
raw/apple/fresh/Screen Shot 2018-06-08 at 5.03.47 PM.png,apple,fresh,local,v3_a99801241a465228e4c2d67a916d814e,d0863900b822453a51a40477008741ab53c46a8a75074470372f0199949cd60e,train
raw/apple/fresh/Screen Shot 2018-06-08 at 5.03.59 PM.png,apple,fresh,local,v3_9be8b7ecd6189842b92bad472d11fa55,ae3430ab5937172027e86f80fc5ef64f770e5c4d9ec5f9234e546c834d59dc2d,train
raw/apple/fresh/Screen Shot 2018-06-08 at 5.04.05 PM.png,apple,fresh,local,v3_2233c970747d5d629fa172d016559cb3,170d21f3284790c38401755cb9275f9edd8070bc16fe6d4c67ff31096d725bea,train
raw/apple/fresh/Screen Shot 2018-06-08 at 5.04.11 PM.png,apple,fresh,local,v3_d927d7f8e37cca3cce171822c42c7c35,76429b6eefdf9a4c126b071a496e16e9a23157e6c9546752fe7f0158ae47dcd3,train
raw/apple/fresh/Screen Shot 2018-06-08 at 5.04.31 PM.png,apple,fresh,local,v3_a22ef9ba20adee55c4b6de9f8d02b7bf,1309be5dd10c70157a3940695e94fa51c6c7e94ebee21cb026b5b763f050315b,train
raw/apple/fresh/Screen Shot 2018-06-08 at 5.04.42 PM.png,apple,fresh,local,v3_87f3a2c8ca6c2f2578cca570392392e0,57b7d32d7f7cd848a9b7748e46e62649b342db0cda080160c4093685429dbfbe,val
raw/apple/fresh/Screen Shot 2018-06-08 at 5.04.48 PM.png,apple,fresh,local,v3_16a3d59917344700ad16d7ded04ffe91,40dfbe8032c612fad35aecf5a02f504f25d141603fadc9c52cf7c07a7b2e3676,test
raw/apple/fresh/Screen Shot 2018-06-08 at 5.04.59 PM.png,apple,fresh,local,v3_74aa2bbb0dee2ae80628f8e19f7eef1f,091fdbdde1082b39fc572abcd82687de6b694b3abd397a9afa9156ea3fa385ed,test
raw/apple/fresh/Screen Shot 2018-06-08 at 5.05.06 PM.png,apple,fresh,local,v3_d9b7434df792126eaf385efe34af4bd0,9856c3744d2e0f034986313533239f2831f4a3aafc6bb25d5563eaa7a503b003,train
raw/apple/fresh/Screen Shot 2018-06-08 at 5.05.12 PM.png,apple,fresh,local,v3_625b37345d74396749543d5e8773aa51,6ca9508eee262483b6f97c34f1c1c0e83109678e45e2c5c6f06d2cfd043f2d13,train
raw/apple/fresh/Screen Shot 2018-06-08 at 5.05.18 PM.png,apple,fresh,local,v3_1d474c15febe127cb1090f1f7316c11b,a5ee926646e6e5049e57a56f59d25026cf73cf291fcfd2e849dde3a0157d97ba,test
raw/apple/fresh/Screen Shot 2018-06-08 at 5.05.27 PM.png,apple,fresh,local,v3_4b9f4023d0cebaa220b743de29092890,4f365f25f198260e7f336cc12fbb8386c61e546b48572e0050323ab5f39cfb11,train
raw/apple/fresh/Screen Shot 2018-06-08 at 5.05.48 PM.png,apple,fresh,local,v3_d1c7dbbf62e69f3205c093d6e9919bd2,4aa28bf47b7b4f19aa818bf8b270c9a5a862705179eb6248ff3805f8ca29a519,train
raw/apple/fresh/Screen Shot 2018-06-08 at 5.06.10 PM.png,apple,fresh,local,v3_8731fb85be65afc3320eb4c2b5939011,15b0da9ef8577bd0a65094c188d87301b8f4c267c4552c30bae902efbc7faa28,train
raw/apple/fresh/Screen Shot 2018-06-08 at 5.06.19 PM.png,apple,fresh,local,v3_83ee64bb02cef95d6df74904eeb8f7cf,41d4031e5634750a299dc7693419f52f2ed4bd2e6ceec41bb3109407208d4ea4,train
raw/apple/fresh/Screen Shot 2018-06-08 at 5.06.23 PM.png,apple,fresh,local,v3_1d710e3951bec17b1440a3c5ffea2345,6b2d4cbd8432b6f6665f74e1e77d0b7bad4a606bfca29d3426d61f6911f0e5e6,train
raw/apple/fresh/Screen Shot 2018-06-08 at 5.06.28 PM.png,apple,fresh,local,v3_c0995dea9fdf73f2113da8d5c6923232,2f2ffbf749783929f911c476b697a28b7729ce125bf48c1ab0b2d51ac94fdf00,train
raw/apple/fresh/Screen Shot 2018-06-08 at 5.06.33 PM.png,apple,fresh,local,v3_ac8034b9cd0dd7059a5a1fcb5f963ada,618483ae6e956b3c6c1776255dc41b5b300caf3cdfb4e2acee43a92d1c9d4385,val
raw/apple/fresh/Screen Shot 2018-06-08 at 5.06.40 PM.png,apple,fresh,local,v3_ae62fefaa2dc0fa84a2340cbd67b2f90,7a7975c6e76a1df94075c7ae3a3d7ea65a1a92c681fc4f333e6cdafb086ef528,train
raw/apple/fresh/Screen Shot 2018-06-08 at 5.06.47 PM.png,apple,fresh,local,v3_bf615f44e3f63b0b93feec43030fea98,8a66023aaf6cd526c42a0592c2a1763f82651971c7a7d382e8dbe992cbd87355,train
raw/apple/fresh/Screen Shot 2018-06-08 at 5.06.54 PM.png,apple,fresh,local,v3_1df1a67a188beb55ead53cd5b30da160,8493f9858d4bd77667782219b47e85161dca006b5413dd21287bcdbe35da5a47,val
raw/apple/fresh/Screen Shot 2018-06-08 at 5.07.05 PM.png,apple,fresh,local,v3_430069843a71e10f6d3cb6c549615a0c,244f531d3bece5fe79ed63134b70d27003c2adfe66070a2dfce287e9a9d72aeb,train
raw/apple/fresh/Screen Shot 2018-06-08 at 5.07.32 PM.png,apple,fresh,local,v3_1f3d9c73301ee0ba402cbc722f84a4be,91f1a6099ad937ad4ed313c756f2dbf7edb24f399cc655890a687cf816d31516,train
raw/apple/fresh/Screen Shot 2018-06-08 at 5.08.05 PM.png,apple,fresh,local,v3_0a17a60dc3afdbf7befe08e60c38a008,aedfe545870e83856f6f51db56ca188d7a0eab60cd4d6585b09c9ded02b44de9,test
raw/apple/fresh/Screen Shot 2018-06-08 at 5.08.46 PM.png,apple,fresh,local,v3_eb0fee7df659c2831d287a5726dde3b8,283aec9053f1a2eec7d642d504b3fb1697607ef894394647484a46b68225c687,test
raw/apple/fresh/Screen Shot 2018-06-08 at 5.08.52 PM.png,apple,fresh,local,v3_6495833a8b4aac3b5f33edea5e69a21a,d68c83b91c930638e2e5c37687c5283b7105b177e742b43c5f1d223818ae24dc,train
raw/apple/fresh/Screen Shot 2018-06-08 at 5.08.58 PM.png,apple,fresh,local,v3_671909101b82047597119303551d833c,6c5f5aaef66d3fd3130ed9a9b5ef837a28481a2a5d73ca675e472016a8950139,train
raw/apple/fresh/Screen Shot 2018-06-08 at 5.09.03 PM.png,apple,fresh,local,v3_f457aa14b76c21a2a29565b7651ed66e,33b4e00906da56eb75161cbdfefc2660109bcfe88620196cf6849316a8ae1b3d,test
raw/apple/fresh/Screen Shot 2018-06-08 at 5.09.10 PM.png,apple,fresh,local,v3_cd0773f4598cb935a7cd062dfcdfc17e,f9f686a2fad6859da136b9103d2aef23ea8cea4706264efbb12073fdc0153c0a,train
raw/apple/fresh/Screen Shot 2018-06-08 at 5.09.25 PM.png,apple,fresh,local,v3_934c5e546847c7528b569967d96b8c36,b349480fd78051ec1c2e4f0df2c854b0fd8afb0d531da8d5ec236c9417e66ac8,val
raw/apple/fresh/Screen Shot 2018-06-08 at 5.10.03 PM.png,apple,fresh,local,v3_9c6eb73d8760e1d200a0ada950141d26,31798b144b78b2be8f2a60b9d90a4cd0f69020fc928a93dca14a4270a04f52fd,train
raw/apple/fresh/Screen Shot 2018-06-08 at 5.10.11 PM.png,apple,fresh,local,v3_9c3ab98bc324b70b913992a5d6792a79,b8074116514557000613d4327cd30eb0e6fdb3d445627eb44f6bb8efb41820ae,train
raw/apple/fresh/Screen Shot 2018-06-08 at 5.10.21 PM.png,apple,fresh,local,v3_039a69a255ee17b0b0a01a716bfb9580,e8c7205d6825fadcac632fc172820e1af586195240dea2455c29d4da2be59f29,train
raw/apple/fresh/Screen Shot 2018-06-08 at 5.10.29 PM.png,apple,fresh,local,v3_8565897732d1a642764dca909b56a459,9cdc3425d66c128c4fcdf606632ba6c397a520eeb6201867179b92df8d9b193b,train
raw/apple/fresh/Screen Shot 2018-06-08 at 5.10.37 PM.png,apple,fresh,local,v3_363ca87758a730e9f3b09c082e07503d,908ac4b4279b0f4ee68a00979150b41cbcac4e3038f1ca0a8f619f5b0c3c4504,val
raw/apple/fresh/Screen Shot 2018-06-08 at 5.10.53 PM.png,apple,fresh,local,v3_075f9e5eaf24fd0a53e32ddec619821b,3b125aef211f5b2239a8de595f7ff20e7067bf873b99e5f4b112f8d34144ebc2,test
raw/apple/fresh/Screen Shot 2018-06-08 at 5.11.02 PM.png,apple,fresh,local,v3_416c2069b40e5baf817cbfdabf2781e0,3025a5c1c7a42ce17fb6d7b6fa06c06b2abafb54bdd3bafae985676fa6deee0a,train
raw/apple/fresh/Screen Shot 2018-06-08 at 5.11.08 PM.png,apple,fresh,local,v3_757bf765b3657e46a61fe950265c0dd3,5bf51e62b793efdec0423eff0da24014f08940d135376896f41ccb2c6c17643b,train
raw/apple/fresh/Screen Shot 2018-06-08 at 5.11.16 PM.png,apple,fresh,local,v3_b4a7f9783769f82b4cf7437032a6472c,ccaa5d0f0a8c50c79c101e909775dfa374afcdc04b8d4581b1786314222552a4,train
raw/apple/fresh/Screen Shot 2018-06-08 at 5.11.24 PM.png,apple,fresh,local,v3_7ce3d3fb2b6184d1a74a5407177644aa,cd959b084b318fde6d5b5a5bf0de3f7c30f7aaefe1d918f792d9a4941bfef4a0,train
raw/apple/fresh/Screen Shot 2018-06-08 at 5.11.35 PM.png,apple,fresh,local,v3_21b9ebc199250725191817891bef0d3b,db51452e8faae3650da80b45e295dcc8890182d4c2c89cebcce62d8f3c8cdef9,train
raw/apple/fresh/Screen Shot 2018-06-08 at 5.11.41 PM.png,apple,fresh,local,v3_9828f533d8e3c9275c12593bf978a211,bb066d19a2cf6f801eedf2f23af4e9e4031e50f2bb9cbef776e555f7df98d4be,train
raw/apple/fresh/Screen Shot 2018-06-08 at 5.11.52 PM.png,apple,fresh,local,v3_a26d5652c433a46a6e63e859536ac826,6f4c1ab1aaf79c1e34b5c0a2a09aa07278503891493a68359f7c284634581353,train
raw/apple/fresh/Screen Shot 2018-06-08 at 5.11.59 PM.png,apple,fresh,local,v3_17c0243e1f0af55037c62449824665c6,510924112957fd79b9f2c6f9a4ea6acd33c630df72e3e5b2dcb9787382600539,train
raw/apple/fresh/Screen Shot 2018-06-08 at 5.12.14 PM.png,apple,fresh,local,v3_e7a5105e84ecda0f236fe7cffed17393,ff663feebb090a4c50aab39a169d8850c2086d10907312202fd48eec81f0bc92,train
raw/apple/fresh/Screen Shot 2018-06-08 at 5.12.20 PM.png,apple,fresh,local,v3_9482cdceddc161831e675fb3afab9c3e,bd0b13371fe1bdf2531ed4df667120671f39deb186552e1ad0b840ea897cdf9c,test
raw/apple/fresh/Screen Shot 2018-06-08 at 5.12.29 PM.png,apple,fresh,local,v3_27edaa7a93d43e11a90185a7fe157d8f,719b60d54ece3851b36a50cdedb9de8ed11e8f019a7dd4101c1837a85f5640ad,train
raw/apple/fresh/Screen Shot 2018-06-08 at 5.12.34 PM.png,apple,fresh,local,v3_e5a05030736db95517fbf4c267995d1e,b65e0c1810fb748468aecd240be92331120d26f4af3a7e986d55582c25ce5d35,test
raw/apple/fresh/Screen Shot 2018-06-08 at 5.12.41 PM.png,apple,fresh,local,v3_272899313e26fe9d45310b868e991091,ce3c864c13ac4066ebe4a6c6063d5c298167cd795d33fec528f6abbfc7d0f8b8,train
raw/apple/fresh/Screen Shot 2018-06-08 at 5.12.47 PM.png,apple,fresh,local,v3_28845de3be48935927167acc402ec281,5355806473337800110377217f41b098d71226d0ef15803a9ad34260559c0247,val
raw/apple/fresh/Screen Shot 2018-06-08 at 5.13.02 PM.png,apple,fresh,local,v3_55fa158c76497db35421f8163dc7194e,1a64133ebd9507cda884c6e7805ffd1355aa80dcab227f6bd76f1add493c0a76,val
raw/apple/fresh/Screen Shot 2018-06-08 at 5.13.10 PM.png,apple,fresh,local,v3_8cf639539f8717634209b076e2a56245,82e453629f267dd1edc54caaccb9380c2b747a6610c05855409a15f98ac49237,train
raw/apple/fresh/Screen Shot 2018-06-08 at 5.13.18 PM.png,apple,fresh,local,v3_5eee879d17cd8467aeea6637d6956eb3,45bdf7a235340dd039a8a5ff9d7875163432e23cf0aa62078bd57dafe37b337a,test
raw/apple/fresh/Screen Shot 2018-06-08 at 5.13.40 PM.png,apple,fresh,local,v3_e6b5d355014f76571eed74410f022b08,4078ec86ad77735883ef90eedf0478a3c543346f25fb3ff37242a1a172b28d08,train
raw/apple/fresh/Screen Shot 2018-06-08 at 5.13.45 PM.png,apple,fresh,local,v3_2079b8569e0c716f5947cbc1162faa33,d31545a40fafe0ce2b91991c9850b76df760548c0113a0a09d144f6dfef56641,val
raw/apple/fresh/Screen Shot 2018-06-08 at 5.14.07 PM.png,apple,fresh,local,v3_fbdbc00be06a559fe21aeb025c2131b9,91d1c059dc03dd0fccb47f332fa8713ff0ea973cd2601a8530e583f1a2d13014,test
raw/apple/fresh/Screen Shot 2018-06-08 at 5.14.20 PM.png,apple,fresh,local,v3_8c587f1eb54c2f4827eea36c4d16149a,1b47fed0cf6727ba38f65cbbf21e02f583ab137d199db1f563c11b935af46ecb,val
raw/apple/fresh/Screen Shot 2018-06-08 at 5.14.44 PM.png,apple,fresh,local,v3_cf88300c35cdc072dec3cadffb72d5f1,cd5fc6fb70388f6b54830ca5d9cd5325fd3e58249d8d3c908fb26d4d94f945d3,train
raw/apple/fresh/Screen Shot 2018-06-08 at 5.14.48 PM.png,apple,fresh,local,v3_2da0d2132f0eae9cb1888e4f34bc2c8c,6cd15a5fc6f6de1f935b57af62431bae9ed4feda25f4d9161e6db2141b9dbc8d,train
raw/apple/fresh/Screen Shot 2018-06-08 at 5.14.56 PM.png,apple,fresh,local,v3_791438e7c56c794b6494259a2cb33e33,34d7c8c9379d0793d14906e552836eda39fee35d5cfa4ad4df87d71b7a38a0b5,test
raw/apple/fresh/Screen Shot 2018-06-08 at 5.15.01 PM.png,apple,fresh,local,v3_487d877b3e2b8a6ebb20e3dd345b6a64,47038752a388d0be07788e201eaa1763d255d4c2fb027597016559274ccef8a9,train
raw/apple/fresh/Screen Shot 2018-06-08 at 5.15.14 PM.png,apple,fresh,local,v3_14d5daddf37fdfa67251680533c226c5,2b9d751b6be0f52581e01a573fddc701ed308ff491116e8e31274cababc61f76,val
raw/apple/fresh/Screen Shot 2018-06-08 at 5.15.21 PM.png,apple,fresh,local,v3_592c69df7d6ecc468d09b2199da0cb42,29461bdd3a74397c83ce90d5283ff37eca4067f3ace70bf343ab14689fe1392e,val
raw/apple/fresh/Screen Shot 2018-06-08 at 5.15.28 PM.png,apple,fresh,local,v3_c2975a0809ca43940ebb401e2f72dc3e,5064dba5826963188077003a90bcf5f189b61853c14eb69bd6db724acc685021,train
raw/apple/fresh/Screen Shot 2018-06-08 at 5.15.34 PM.png,apple,fresh,local,v3_01ad733883339433cc54012f03f6468d,64ac2f6445a2ba5ab1f49dd68e57d82067669e3a73eb888fc1c979e11349a898,train
raw/apple/fresh/Screen Shot 2018-06-08 at 5.15.39 PM.png,apple,fresh,local,v3_57e6dfaf8cb7411ae5a546e270edc855,e8a866e82b1f72ef1bc90d006d1373e6bcb4e6775f203e2445a29fe7a9e0ee2e,train
raw/apple/fresh/Screen Shot 2018-06-08 at 5.15.52 PM.png,apple,fresh,local,v3_adce11b02b63de5457616903320c93dd,23ee7248749030af6e46bfc66afe7d0aa910a30e8377b73835af42f4c590346d,val
raw/apple/fresh/Screen Shot 2018-06-08 at 5.16.16 PM.png,apple,fresh,local,v3_5abcbd72a3bd93cb554cea2996aa8d11,e7bf8b15c0f594820ee366708d9be9f46bca056bc92032f54b75da2f9a24fe28,train
raw/apple/fresh/Screen Shot 2018-06-08 at 5.16.33 PM.png,apple,fresh,local,v3_16b9a5b87ed6ae4a4fffb57350fff475,0ca062d056701e080ebc3c08007e171867711aa84464bcefb61263b9bf617a66,train
raw/apple/fresh/Screen Shot 2018-06-08 at 5.16.44 PM.png,apple,fresh,local,v3_53251f942059f84fb530c36358a1ec04,b99f6960db50851e80ba365e581bc87946965edadcdf98ab08e00cdb53e30eeb,test
raw/apple/fresh/Screen Shot 2018-06-08 at 5.16.49 PM.png,apple,fresh,local,v3_afc2ceae434b08f50abf77f2dffdb59d,13a0b3214be128ee31e8b54fbb962823b7f6788fdbdd977c737f4238b5cfa41d,val
raw/apple/fresh/Screen Shot 2018-06-08 at 5.16.57 PM.png,apple,fresh,local,v3_2ed8b5fc59c76f5870977c5fc5e2f648,022cf2f9db284e0eb1e3134fdea4fb83dc937e9b87339c2e8f6de22749d2116d,train
raw/apple/fresh/Screen Shot 2018-06-08 at 5.17.04 PM.png,apple,fresh,local,v3_9ba7c512e2db81a4559bcde8130c809b,6577146d85963418ea07a927284a55507cd8838814d79c2d9cb5071d92c5d7ea,train
raw/apple/fresh/Screen Shot 2018-06-08 at 5.17.10 PM.png,apple,fresh,local,v3_8f974bfbc64406fe643dd4ba60242864,286cb9d1b186e1cd0c611ce359c8b917aaf54b4f12eec62859ddd7255c6751de,train
raw/apple/fresh/Screen Shot 2018-06-08 at 5.17.22 PM.png,apple,fresh,local,v3_4103ae7dac7e3b7381492a2f96d261c6,d327a05691867caa31d6f5b0a89edda052bdaded8060bcb167e1002503d060a5,train
raw/apple/fresh/Screen Shot 2018-06-08 at 5.17.34 PM.png,apple,fresh,local,v3_11cabfed0f0056c8a5f3dde36deb4e01,98b7d8841b21496d18f2793670b351e1c1ae37ca3d67b75eadbfa86fa6428be3,train
raw/apple/fresh/Screen Shot 2018-06-08 at 5.17.42 PM.png,apple,fresh,local,v3_520a65f445e993ab71e94bfbf278119e,ecfb5fbe82ae2f095bea36f81c8b7c98a30546e7ef0f1017c1d6faf9f41159a2,test
raw/apple/fresh/Screen Shot 2018-06-08 at 5.18.12 PM.png,apple,fresh,local,v3_5b73900c9e763e66bd1465d6875d861e,b45ca150de47034dc1ee6bc44afe3fc6190544b48fb14ad62f4f7c31dffe8a99,train
raw/apple/fresh/Screen Shot 2018-06-08 at 5.18.16 PM.png,apple,fresh,local,v3_707bed44e2b8e141c8607299b6290168,8ce151e05fcda63c870e0a461df043ebada60d3f78aaf7884809e4f5a69921e4,val
raw/apple/fresh/Screen Shot 2018-06-08 at 5.18.26 PM.png,apple,fresh,local,v3_7cf6ed498712f1c548e8cf0edb573a33,5d887d0828c038a414aa2f4c26df7143c6d2e423907ed9d87945fd5194cf7f7d,val
raw/apple/fresh/Screen Shot 2018-06-08 at 5.18.37 PM.png,apple,fresh,local,v3_1f427ebd3698ab6f1c45232b6b99827c,75f442204992bfdb2fa9cd7deeccfb5d3f219a3fcd05e82c4009cead4f90da23,train
raw/apple/fresh/Screen Shot 2018-06-08 at 5.18.42 PM.png,apple,fresh,local,v3_b86e989fbf99e10c94cf5c06d0110495,f52b59db2fa7a22ec48bd52588e32d0d587a9cd13208141a25ecfd10f3fca1e6,val
raw/apple/fresh/Screen Shot 2018-06-08 at 5.18.51 PM.png,apple,fresh,local,v3_17c2a1990a7cdd326ce218c6f641b240,c5e38a35b4cbba211f11a7cc015320485b9a242830424bd4bccfeee0438a2e49,train
raw/apple/fresh/Screen Shot 2018-06-08 at 5.18.58 PM.png,apple,fresh,local,v3_6ca87f83c0f39942a7cc834775cb549d,3c10872148b15415d1d5f01fcfbad6dabbd60afd058caa5846917ce9300f41d2,train
raw/apple/fresh/Screen Shot 2018-06-08 at 5.19.15 PM.png,apple,fresh,local,v3_854c370d6dee6d3aa9c39d2677f758dd,c66b2749216655dcdd944f706c06d0f58b30e552415697f95b12eaea42177b4f,train
raw/apple/fresh/Screen Shot 2018-06-08 at 5.19.28 PM.png,apple,fresh,local,v3_39a0262a9a4416a1b1aea50b3a9b5489,11bd30de8ab2b53aebdc4085d26ef009c14727d4aec46105ef7075177154f882,val
raw/apple/fresh/Screen Shot 2018-06-08 at 5.19.35 PM.png,apple,fresh,local,v3_6636b9c99a0a745a9d574bf84028a21f,066e3bed9aa5db601e80cd8d048260d743307ba943af461461443884c2b8d9b8,val
raw/apple/fresh/Screen Shot 2018-06-08 at 5.19.47 PM.png,apple,fresh,local,v3_db336406810b3e0d03505b25473c90d7,f4f6c4381b0d138d01ef2bf70174d4309b084cb5f003bf3ab4283b86dd5f48d7,train
raw/apple/fresh/Screen Shot 2018-06-08 at 5.20.08 PM.png,apple,fresh,local,v3_6805e8ef630722e8227a73c8970b89cf,3638d3547c9dc05df6f029b7961a2df1c99ef35915427236cb01c99470810e3c,train
raw/apple/fresh/Screen Shot 2018-06-08 at 5.20.17 PM.png,apple,fresh,local,v3_4a6debbba3a909d17c28f36c3075b148,11e1b6f93806c1451d1e07c8bea19929de3aed539399f7a7c7071489a07facbc,train
raw/apple/fresh/Screen Shot 2018-06-08 at 5.20.26 PM.png,apple,fresh,local,v3_60e8196642e6621d00934812e1cbca7a,c067515071e994bc834f9ff9a139a11c071c207217c90d4bf99c791ae02f2691,train
raw/apple/fresh/Screen Shot 2018-06-08 at 5.20.32 PM.png,apple,fresh,local,v3_65217048b4ada0dbc126446dd762ea17,a89a14020f6c7dd63f3755aa018a6c418ce0125a685c582975c752f66d281134,train
raw/apple/fresh/Screen Shot 2018-06-08 at 5.20.42 PM.png,apple,fresh,local,v3_a0ba18e3f47726cba7f3b4a38b763750,6bd24970d65cee8e4ea67dd1aeab548c07d1bdc27792245b2a5246db92134ff5,train
raw/apple/fresh/Screen Shot 2018-06-08 at 5.20.51 PM.png,apple,fresh,local,v3_e3131c9ad2e616609c5e02fdd33849f4,9fb14a2f76704674098d4e2543a65e1033a231c5b9d72e746b1dec605d359ab3,val
raw/apple/fresh/Screen Shot 2018-06-08 at 5.20.56 PM.png,apple,fresh,local,v3_d75ee240b2b8366c2a6fab08bb7fca04,7d96f22875ee6ecb0e039255eb0ededef41d517b72736d88399921650babbafa,val
raw/apple/fresh/Screen Shot 2018-06-08 at 5.21.22 PM.png,apple,fresh,local,v3_df5a3ffedc960c6c8f39806fa602cf7e,d7c81a61c148847429e6e86d14032e38bbc1991cef71b5907cfae62b0dbb48ef,train
raw/apple/fresh/Screen Shot 2018-06-08 at 5.21.31 PM.png,apple,fresh,local,v3_a7e146ca5cf501b3a1e6a3bc8be0467e,1c50e731c84d688666700fc11520877341a2d31ed0e99a8cca2b6a6d753b0b5d,train
raw/apple/fresh/Screen Shot 2018-06-08 at 5.21.35 PM.png,apple,fresh,local,v3_10cf4bc972f0d41a250f0017f4ace23a,2107c358651410fd6529b9f5e6af098712a8f0a9914c0f69440c9d66559299bf,train
raw/apple/fresh/Screen Shot 2018-06-08 at 5.21.40 PM.png,apple,fresh,local,v3_34e772a45caad46f3d99b0a7a90a4790,9603ee1d01bba1481b528409140805141aa3a513fd5b259f2fdaf5c977a627e5,train
raw/apple/fresh/Screen Shot 2018-06-08 at 5.21.44 PM.png,apple,fresh,local,v3_03439fd27af5c22a4222a55f0145b5b1,df684ea78ca8186ac712b5b61b5d1a946c69d966d19c35eb0d5028b6beedcb0f,train
raw/apple/fresh/Screen Shot 2018-06-08 at 5.21.56 PM.png,apple,fresh,local,v3_d7048816263f9979ad80e7581b033e29,111b32b814527165ece0d8587d02d0b2a26e4c133485f643cf5425e044afcb50,test
raw/apple/fresh/Screen Shot 2018-06-08 at 5.22.15 PM.png,apple,fresh,local,v3_d0b4132af33a2abb7502d7ff6ad16620,ba12e43e2a313d19c58fc5d5f2052da3a161169804cd21753fa3d24c08113489,val
raw/apple/fresh/Screen Shot 2018-06-08 at 5.22.20 PM.png,apple,fresh,local,v3_6e850b0bdef7becc45abc3842b46104a,8adaeb1a1d13f54bb64107628ffa0b6bbb82f3f47ea8bc796fa526e26cfd511d,train
raw/apple/fresh/Screen Shot 2018-06-08 at 5.22.27 PM.png,apple,fresh,local,v3_7a796e10949efbe96e4cf1dcbf293238,03ced326b3b6f43695c68b161a50e84dd865754312eaa67b7f56fc6ed10596ae,test
raw/apple/fresh/Screen Shot 2018-06-08 at 5.22.35 PM.png,apple,fresh,local,v3_0a9d4c3c85398eb9a30819c35402b424,ff905b771dfe9c26dd3ad35bbaf9dbd6229d55f75849e912978b167a0bed99d6,train
raw/apple/fresh/Screen Shot 2018-06-08 at 5.22.48 PM.png,apple,fresh,local,v3_2df674ed7115ff8cbf112a29a0789bc4,89b6605e01e3ab8e45a98b2ae6ee4c542d79f3a8359aec714b815bd440103161,val
raw/apple/fresh/Screen Shot 2018-06-08 at 5.22.53 PM.png,apple,fresh,local,v3_40a5e0f9165fe7f5b929e3f1de7dc8b2,c922b7361202265020946267442de4b6c21fc6c30a0d228aca126985c4a1ad3f,test
raw/apple/fresh/Screen Shot 2018-06-08 at 5.22.58 PM.png,apple,fresh,local,v3_ff230baa3bd24efd0e23f013f4e16715,831af8b7aacbb4856ee663c8f0200baf022abdbb70ef1564ef77f24a03af9912,train
raw/apple/fresh/Screen Shot 2018-06-08 at 5.23.07 PM.png,apple,fresh,local,v3_0e7ca9b9d3e3c172fb7dd50e668aa15a,6594a9ee54ba12087ea47c4aee15bd5938390732f3e85d623d948aef313f52b3,val
raw/apple/fresh/Screen Shot 2018-06-08 at 5.23.14 PM.png,apple,fresh,local,v3_d578edcb7ffe026113f0fcb773840582,eea083ad3eb5f3ccb8d31aaa523a4c9893dc2c20551bc82d3fb71429dc4fe937,train
raw/apple/fresh/Screen Shot 2018-06-08 at 5.23.23 PM.png,apple,fresh,local,v3_53708b562fbb49273e5e99e26dc9e6cc,a5b0ebb046988490ec8a941c5f14d50ec86066415211f373310f45c7f4b786be,train
raw/apple/fresh/Screen Shot 2018-06-08 at 5.23.26 PM.png,apple,fresh,local,v3_881b06be2ee3d84c4bf6d8b9bdf357dc,66b4cbdf946a3da969fab121594442961f4c1ba27c2f1185576d2ef7103b563f,train
raw/apple/fresh/Screen Shot 2018-06-08 at 5.23.31 PM.png,apple,fresh,local,v3_199bba494c7892b31cf695f14c63c8c5,5181f85427969c7f0b25c78943c8844e6afe313f9415d04a70c81c16e69d1cc7,train
raw/apple/fresh/Screen Shot 2018-06-08 at 5.23.51 PM.png,apple,fresh,local,v3_91a941f6b3429d5d8821c6cb5dda7c63,f9a00b1877605ebc632923634893b9e54bedd6b07f84fe7882d760ae692c876b,train
raw/apple/fresh/Screen Shot 2018-06-08 at 5.24.04 PM.png,apple,fresh,local,v3_e978597cf240cec0823fd6de7105b9c2,7d8164b5e9acefbfcf7c53e8442a07d7bbec4cb25f98b632f8fe79d3c5a4ac51,val
raw/apple/fresh/Screen Shot 2018-06-08 at 5.24.12 PM.png,apple,fresh,local,v3_a5932de2235a298a10b30b7988c37a6e,a521de34be430c8dde6d29b9bd7d323835d39794b7ffbd6cc5fa6d46ebf94988,test
raw/apple/fresh/Screen Shot 2018-06-08 at 5.24.26 PM.png,apple,fresh,local,v3_20d1d94f08663aea50ea11b517c3a76f,c007ec91e0357daca7870d6b206225760d55afd1d143bdd5d80284aed36898bc,val
raw/apple/fresh/Screen Shot 2018-06-08 at 5.24.35 PM.png,apple,fresh,local,v3_c2ab6e96c3cd96cfdd3ec51598e39660,b14a95217a42189102df11fdbe15486e79e5f174d428f621235e11b15016e3be,train
raw/apple/fresh/Screen Shot 2018-06-08 at 5.25.02 PM.png,apple,fresh,local,v3_67a4db1aaf320a85ea2ff253b42e0557,a53cc2401fe9b99448f2cb4b5c410285c96b70069f422c8a39c806993cdfe792,test
raw/apple/fresh/Screen Shot 2018-06-08 at 5.25.22 PM.png,apple,fresh,local,v3_83d059883b00015e73cba2d7010a1673,3fa3ec6b8a9a7e7a84bf13fe86ea62bc84b08a3b389c472d6b1b97b4b9ff1940,train
raw/apple/fresh/Screen Shot 2018-06-08 at 5.25.33 PM.png,apple,fresh,local,v3_8f5492bd083beb17fdf9d186006e42f4,c79816a0a49ae88117408733424d220a4127bc7f574fa46224958722c038dd8c,test
raw/apple/fresh/Screen Shot 2018-06-08 at 5.25.37 PM.png,apple,fresh,local,v3_5fb7aeac5bf9d2d754654ea65ef5f205,1cf9ee56d2e31bed32224359a0dbfc3a8af6f60d9205e1498edb6ee402a6ff04,val
raw/apple/fresh/Screen Shot 2018-06-08 at 5.25.49 PM.png,apple,fresh,local,v3_78d2a5de5ebe2d13beb8ad11eb1bad5f,7370eab50dd55066746bdd85f48971e7a9eaeb4274b0ffd16d1c8a3b02a1139d,val
raw/apple/fresh/Screen Shot 2018-06-08 at 5.25.54 PM.png,apple,fresh,local,v3_b1c8ab7b8a02a04c7bdd8636c95dad9d,ed7c871369843a8e9d5dde74fee7a8f88c23c35d9d311d9d8de1a772c8631146,train
raw/apple/fresh/Screen Shot 2018-06-08 at 5.26.05 PM.png,apple,fresh,local,v3_2233c970747d5d629fa172d016559cb3,9f54678733de03c8831bd5bb66f78657fbc41fb80185cb8014bc4c660c57487c,train
raw/apple/fresh/Screen Shot 2018-06-08 at 5.26.13 PM.png,apple,fresh,local,v3_2601f23c7d97f721e78b67c7ef4faea8,8ee45027c1cd012980622600f5f73a7e2ec5be8637d3f6e559ae490ba604865c,val
raw/apple/fresh/Screen Shot 2018-06-08 at 5.26.24 PM.png,apple,fresh,local,v3_716d570e68efcf2a99f39ccd9f64fba4,b73f175a3597feac4a51cabcbb7ea2e115340a05275ef7b029d7f768960b5fe0,test
raw/apple/fresh/Screen Shot 2018-06-08 at 5.26.29 PM.png,apple,fresh,local,v3_989e20a85099d6d40b558e9f4669b116,56f8795f78bae2124b6281dcfbf02a02b073abed6578bb3b9e60533e585d0a60,test
raw/apple/fresh/Screen Shot 2018-06-08 at 5.26.36 PM.png,apple,fresh,local,v3_a2cb4552eb4c20e53f098eece1a05ea0,0ed70fcda995abf6bdb3d350b4c8cdec1772622b1a50f3c7dcd7b110b78717b8,train
raw/apple/fresh/Screen Shot 2018-06-08 at 5.26.41 PM.png,apple,fresh,local,v3_5c6d46b4f64addc2f63c4119fa43740a,1d5d5af8c5dc8978f012b0afdb4c3676452c6486ec8d489a86fb988cb79fed21,train
raw/apple/fresh/Screen Shot 2018-06-08 at 5.26.47 PM.png,apple,fresh,local,v3_28ea1f0181ab7dc0edf314ef2b6814d4,6533c8c4ff0fffcd723e3bfd692db9dec5979021a7af800477460e9a73fafdad,train
raw/apple/fresh/Screen Shot 2018-06-08 at 5.26.52 PM.png,apple,fresh,local,v3_290ae29bf6563c69cf58c5b8bbe74475,88da86a902376c2e8720187bce9e8d7d02547654296c610563a607594b928896,train
raw/apple/fresh/Screen Shot 2018-06-08 at 5.26.58 PM.png,apple,fresh,local,v3_b40c9067641adbf0f3e478a1bb6c24f3,67377b00d10d7660fdbb8a8be4055eb85bdec6214f0720a76800def3d201ce4e,train
raw/apple/fresh/Screen Shot 2018-06-08 at 5.27.13 PM.png,apple,fresh,local,v3_e427092c1da7d15aaac29fa307a43aec,4c1b25784ff48df3d5716d43bff9a1e864f93c07c127e459009eb06d03188ad4,train
raw/apple/fresh/Screen Shot 2018-06-08 at 5.27.19 PM.png,apple,fresh,local,v3_b5c0bf1b1b464ccffced337e20b39979,148377dfa13f6160e3367a69d91561c014258a6beef30e92aa401aaaa181c140,train
raw/apple/fresh/Screen Shot 2018-06-08 at 5.27.27 PM.png,apple,fresh,local,v3_4cf5487c6a2bf7c25102f2f408d2bfe9,72aa84969b3dd976e0b1f387fba6a89ecbd73b616686cf62a245bb67970519b3,test
raw/apple/fresh/Screen Shot 2018-06-08 at 5.27.49 PM.png,apple,fresh,local,v3_dfe92252eb6aa5d797eb909a3bab9f46,72e37e3ecf5c26e0441b7330c207f17f0572639c1ffef3f1318f284e4f8fd0a6,train
raw/apple/fresh/Screen Shot 2018-06-08 at 5.28.10 PM.png,apple,fresh,local,v3_cd787955dfdaf1577ee674dbf4847a24,e91ad1c42a1ff6285ac08ac32ef12af42cf4d99574045d0e6182dca533334677,train
raw/apple/fresh/Screen Shot 2018-06-08 at 5.28.15 PM.png,apple,fresh,local,v3_8643e96139f269da2b9c946731c3a0fb,412b356a154cc7dbbd9bff31ef4eed3d48ba275f5aff41ed550cb339b9d13295,train
raw/apple/fresh/Screen Shot 2018-06-08 at 5.28.32 PM.png,apple,fresh,local,v3_7d6dbeef769dd644f4a09969c944d623,4f1b02e718f0ffac7bfef2104ad18ffc5ea752dca826ba0541d035b7379eadbe,train
raw/apple/fresh/Screen Shot 2018-06-08 at 5.28.38 PM.png,apple,fresh,local,v3_034751b62dfd6ad7025c78c0571646c6,e242f5205662932ca96fe3fbfe19bc9f7f2afb97c7bf576871bed6800334ff30,train
raw/apple/fresh/Screen Shot 2018-06-08 at 5.28.42 PM.png,apple,fresh,local,v3_01376df4ba8da8de2c3fa01b43b22e6c,e0be5acdcee1df3d65fe6494b4cc8684dfff5ca1dd6c038fbc175ffba82322b2,train
raw/apple/fresh/Screen Shot 2018-06-08 at 5.28.48 PM.png,apple,fresh,local,v3_efc4bf17e40750674cfae28b04059f12,e6d030ef9a09bdc098e064ad3aab8f6ccb7f1fb86df6b4289e5f3960dde0623f,train
raw/apple/fresh/Screen Shot 2018-06-08 at 5.29.07 PM.png,apple,fresh,local,v3_7057e46152d74428451bd9635af2404d,60acb3565743123a477be6db116ccca00d5663bab1b6fb05f244525154cbe13e,val
raw/apple/fresh/Screen Shot 2018-06-08 at 5.29.24 PM.png,apple,fresh,local,v3_b95fd6cbbc27bdd0e5d82ed3b81be9e9,f59748517f46f6e6f8af529bdba80aef4b1bde7149f11552ded0c19d97662c61,test
raw/apple/fresh/Screen Shot 2018-06-08 at 5.29.31 PM.png,apple,fresh,local,v3_fb6e70832e4ba9d220075286538b4c1c,059639d07228970d12d66a92ef5f5ccb46a4b007a04c6343e0e3e362fc775cf6,train
raw/apple/fresh/Screen Shot 2018-06-08 at 5.32.33 PM.png,apple,fresh,local,v3_d494d986f488576b540cbcbcf539643d,350a052498c59e0e302bd41d55c9e93b95ec014499ee368682e9caeaba97020e,train
raw/apple/fresh/Screen Shot 2018-06-08 at 5.33.05 PM.png,apple,fresh,local,v3_a062c3cb0083d51091f12b760715f894,1a01c5194a6a38e29baff7351e3717b7c3fc138451c01107c97d5995507e761b,train
raw/apple/fresh/Screen Shot 2018-06-08 at 5.33.11 PM.png,apple,fresh,local,v3_98b985edf1322823b49767dc0dbd5218,8967c132bb70b22c2cbd248cc0ebc4e597c21c5ac04ab4c74b76ac72b5157a87,train
raw/apple/fresh/Screen Shot 2018-06-08 at 5.33.18 PM.png,apple,fresh,local,v3_bd3ad05c81f85885dd767eef31f22cd8,6dbfa3ad1b1b560ffa78faeb6647023ce8115ae5565d30b9ef09cd7f854ddfea,train
raw/apple/fresh/Screen Shot 2018-06-08 at 5.33.27 PM.png,apple,fresh,local,v3_db519d0123483d06ca122ff9f84b115f,b4e075873fa08f8a4a35ee6aa2d7033616a3c037e1135f0ab775375e5f602303,train
raw/apple/fresh/Screen Shot 2018-06-08 at 5.33.33 PM.png,apple,fresh,local,v3_6bd67afecc6ec96227d6f2e9b7b657ad,a73f5e75bd874363c82e425726ac42faad04a17ba067aec8e424c3943585d183,test
raw/apple/fresh/Screen Shot 2018-06-08 at 5.33.47 PM.png,apple,fresh,local,v3_958380bea1b65f5ad9a468ce73b41eb3,3e23fb4ef6d7066a3f0cfb1d3de837fa6bca2c6a9cbe8faf04b0131f3c14b2a8,val
raw/apple/fresh/Screen Shot 2018-06-08 at 5.33.55 PM.png,apple,fresh,local,v3_1b3de152486d81cc28f60ead7a5eb862,0d2084b948035729520f6b473f84fa49c5c80dbb0a76b57727ef4f07f497e31a,train
raw/apple/fresh/Screen Shot 2018-06-08 at 5.34.01 PM.png,apple,fresh,local,v3_94ca217665f9e13edd5c2f9d8f08f2fd,43b5f79a0b3742a24dabde172eda1c56a819b56863d5a841278728b7c6f5bb39,val
raw/apple/fresh/Screen Shot 2018-06-08 at 5.34.14 PM.png,apple,fresh,local,v3_c41d1916bd9a2e88a018243763272fad,aae38d22d13d0e8e49ec19631e32d17e352df35cfcb44931be9ed0bb78925e36,train
raw/apple/fresh/Screen Shot 2018-06-08 at 5.34.21 PM.png,apple,fresh,local,v3_0be54de77483a375da5884f08d395aa5,c2911a00ad039129a1ad687b583ade5ab976249000912b5f65eba8036ff9ee66,train
raw/apple/rotten/rottenApple (1).jpeg,apple,rotten,local,v3_2c6b70b8edb98cba6138947284797d68,ce01be3b34480792bcf5208e0191ab7d2756f1530b9dbe8adc3f8b797233eb88,val
raw/apple/rotten/rottenApple (1).jpg,apple,rotten,local,v3_2c6b70b8edb98cba6138947284797d68,d993af7ba3d402b09072f1baec6046236c5f0d8364b6d821ec0b3f8edcafd738,val
raw/apple/rotten/rottenApple (1).png,apple,rotten,local,v3_2c6b70b8edb98cba6138947284797d68,6e19a3836e042a757be2e92930db8b41b50ee4684fa6be4d40e0f18377e29769,val
raw/apple/rotten/rottenApple (1).webp,apple,rotten,local,v3_2c6b70b8edb98cba6138947284797d68,d5526f2a73bd04e015201692361d044b4ef9f41947e913520b27185cd62beba1,val
raw/apple/rotten/rottenApple (10).jpg,apple,rotten,local,v3_2c92ac95b80c71995cf4786553730d96,970c93c830c857f56a2ef29af528efc740597f347062ad6a3fbdbf52d48ee716,train
raw/apple/rotten/rottenApple (100).jpg,apple,rotten,local,v3_bf1a612ffb74c71f04ffb2af6b007cc4,c86aa6cf2b0d7a1c0f17f710ba302acbc31fb1c4d7801d8336f0b0aa20a42dbd,test
raw/apple/rotten/rottenApple (101).jpg,apple,rotten,local,v3_db759933dbac669102fa12b6248d4912,00ab0958efb2edd2bc2a462450493fd2355a7b524e0d07a920505b18ccea8429,test
raw/apple/rotten/rottenApple (102).jpg,apple,rotten,local,v3_399e2ae016bf4ea36da21bf315fd09dd,553b34067a6945493a1735b19e22e984cd278f82b91e542f2fb2480f71a4065c,train
raw/apple/rotten/rottenApple (103).jpg,apple,rotten,local,v3_dd26c822fc71d1d8f4c802b995699820,c80b6ead1a92c26a8dafe61d2086467edad3ce42c7a9b1c7343683ac989fa4ab,train
raw/apple/rotten/rottenApple (104).jpg,apple,rotten,local,v3_7dafa1e6b8afdc775fe2a6f64be0f629,74fb392fe49f151316b870fc0cd39e72772497ac9399c3e1ab415341e9fff21b,train
raw/apple/rotten/rottenApple (105).jpg,apple,rotten,local,v3_7601444e7d557abed2894332f933775a,6d38fea1a8fd45078e09dc52dd8ca6a3167784dae8b6bb99016ce26fc7f06d63,train
raw/apple/rotten/rottenApple (106).jpg,apple,rotten,local,v3_4c6e31b7ad52ef05f6a1266cb6769f84,ef0a136d06a6eaf67c83404a8e3cc68d3002d352ec94853ab5f21f7328e956e6,train
raw/apple/rotten/rottenApple (107).jpg,apple,rotten,local,v3_28606934e7b8248fddcdf30d1fe81840,d989d185fe010d5b4e5370d50805b0445b93a69f5252a3576862696a45c47dc6,train
raw/apple/rotten/rottenApple (108).jpg,apple,rotten,local,v3_1b4b52a0cc243dc2799cf6417147af36,3a0661a677caf66e711efe334b766910bce8713b8e2944012811c2c608f13e23,val
raw/apple/rotten/rottenApple (109).jpg,apple,rotten,local,v3_7c574633fa319e0348c8c949d34e3b38,77a96e1beff1c0f17e21a7f74b9a768d6f2d2049a17d4fabbaa261c768645776,train
raw/apple/rotten/rottenApple (11).jpg,apple,rotten,local,v3_0c7d84008a6714cdfe15ef8d67eae3de,2076a0423abd6e1ce3d80587686d687bf624220d3501a101d329d4447fe4e4ee,train
raw/apple/rotten/rottenApple (110).jpg,apple,rotten,local,v3_ad53b2505ca93603dda3da024d47ecd6,497df77af4378591783392ce38da4d5d7936aeae83bb40140beced7f4f4d4daa,test
raw/apple/rotten/rottenApple (111).jpg,apple,rotten,local,v3_3bca6770b55a2620a0bc9ee12097cca6,fdc19e788367fab75122c3663e19f71a85ecb592d036355f1c7b595084c2ef85,train
raw/apple/rotten/rottenApple (112).jpg,apple,rotten,local,v3_51c9143f334cdf08d42b8a275e38d72a,097d3c9e5ad24ade577a996c71f4697d5bc6d75de770742b497b337208338799,val
raw/apple/rotten/rottenApple (113).jpg,apple,rotten,local,v3_04d49a1b2db351dacfa5f1cd48a050bb,9a47b55dc268fe5b942fe9160864656d6dac9d1882c4d177155941ed75c4e0d6,train
raw/apple/rotten/rottenApple (114).jpg,apple,rotten,local,v3_03a25e64ee649e77fc0fa76789e92e2e,fcc7684ddf0237d75865919783aab802957cce91fcc292c18ade6f02677f5e6e,test
raw/apple/rotten/rottenApple (115).jpg,apple,rotten,local,v3_9ae1e115c09b26d7da452027cf44f2e8,6a53004a004cc2252f4e0385166f6775eb563043cb9b46b311b8f04d260b08ee,train
raw/apple/rotten/rottenApple (116).jpg,apple,rotten,local,v3_11e92ff4b74b35f81b2559ded8bd4c60,21b79aa3d61d915fe85a156b45ffb1fefe2123d61bd7d7331c15596f077d4d44,val
raw/apple/rotten/rottenApple (117).jpg,apple,rotten,local,v3_9e2745e8fd57eaf380b28d48b4e9470f,6b6b8317fafdf8d67579b864b82462371e2fe3e14480a4dc02ece7b42496eb52,train
raw/apple/rotten/rottenApple (118).jpg,apple,rotten,local,v3_68dab3df79a4c6fa30ed46f2618e1d79,bc956abe7c1214d4ab93442512903d3d55c483ab744ff818af1563b2dc460e28,train
raw/apple/rotten/rottenApple (119).jpg,apple,rotten,local,v3_61403bbd52410be1ec458ef4f4959e6d,e05ff6184f05ee66e8f20519f85196f1e451c15edf325fe48b260a08907fcd9e,val
raw/apple/rotten/rottenApple (12).jpg,apple,rotten,local,v3_8313316f7d489a63a68eb58ca6648773,cdda73479bd781e57dd93629660cbea6ad389e84969f183ec44054ac6f0c3c45,test
raw/apple/rotten/rottenApple (120).jpg,apple,rotten,local,v3_522f00b0afe96e1e10b0115e3744d498,4da1013d7ed72252a56eae3991e8850602fc99ea50e6da769b40090f6d2b1365,val
raw/apple/rotten/rottenApple (121).jpg,apple,rotten,local,v3_80d51f8209b067f5a7b2721a6c78bb9d,470808f5e6ec6a9ca88befcdffb329a18ddac9ceee4e97764acffacc1b2e3a19,val
raw/apple/rotten/rottenApple (122).jpg,apple,rotten,local,v3_58b030131efde6aa4646194c12cc0c53,6bf215fc27fa40e34c6d677c17d600636d7bb0563554dba625a1ab9d60af3510,train
raw/apple/rotten/rottenApple (123).jpg,apple,rotten,local,v3_9f6704d6b07635ef30fcf39619b81d8f,d9c8ed7a960ea7778c4d6a204e15a80539ccba6e922349d44cb9a8db6f29175c,val
raw/apple/rotten/rottenApple (124).jpg,apple,rotten,local,v3_f610e8796b8c10bfbbde5543d3693fed,36b0a528b1431823a3d8cc2d1b46072b3aa654aad5b7fb8342cd3cb09f3ee105,train
raw/apple/rotten/rottenApple (125).jpg,apple,rotten,local,v3_800e22fc7358a5d89df22682d7e79ed8,35c6d12c6a571f32c6f38b1ee3aed0209b4ef282b08f1c9b42a61392958d8626,train
raw/apple/rotten/rottenApple (126).jpg,apple,rotten,local,v3_0b537a9a055c2e1dcb7a963e6dd03c6c,46d8b186346cf021b35e69a7923509db6feb03782b072172576e7b417e8e5aa4,train
raw/apple/rotten/rottenApple (127).jpg,apple,rotten,local,v3_ff05451a59c5027e50fe2a481a5537f6,b3160f400b4813f9c7d3ef761a774ec36b851f92e202d4f67aef7c9b38e642ed,test
raw/apple/rotten/rottenApple (128).jpg,apple,rotten,local,v3_a7335e63cacd8c66e6b49a437ab7e255,e2ce60ff5aa9a9f5f521145358272c0cbb83719696d3c8211aab410e0872b4c4,train
raw/apple/rotten/rottenApple (129).jpg,apple,rotten,local,v3_acb3d6ae70b20d74fa72d804dace0d0b,f31487f87b4c35c16e25af3fbff3a52035b628d9e8e048fb76385bddf6c2537a,val
raw/apple/rotten/rottenApple (13).jpg,apple,rotten,local,v3_66ed962bade8ab90a48a08a92f1cca5a,0ae9b1f61069016f7532a2ffa26944b669406891f7ad679c3a092c25ffe7eac9,train
raw/apple/rotten/rottenApple (130).jpg,apple,rotten,local,v3_d3d2c6c27ed494b08c21d236bae10c18,c8fb492f538d6c1a326d4e5d8ca37494f308c249f04b7149b53e887947b53c7c,val
raw/apple/rotten/rottenApple (131).jpg,apple,rotten,local,v3_99e34ab1a7d9390d5e395e96cb968125,0302e6fb1141391331d9738dba990ce3fa1b44cbbd695917195793e3b0d1c0cd,val
raw/apple/rotten/rottenApple (132).jpg,apple,rotten,local,v3_fdc3277d7de15f42660c7a1953ae0cc9,687e2c1cc2641fdadb416bd7e11d59a4f9fc5f49f0cd97b3615e08c69c96ef11,train
raw/apple/rotten/rottenApple (133).jpg,apple,rotten,local,v3_a842edd34d74f1db75798f93ea306bb0,698ab8c3dd06472e1433ed1f50bb12a768b42b2e71631205b9f56baf474dfac1,val
raw/apple/rotten/rottenApple (134).jpg,apple,rotten,local,v3_ba8b5f1898fcc948f13b393ee8a7c5e5,bff98146c97b9cd27713e419afd058ecad9047deb89be8b6a840f37e852de499,train
raw/apple/rotten/rottenApple (135).jpg,apple,rotten,local,v3_961e8a1d1d1653ae534a85c5d1b577fc,c0bc7389ff40a4fa60f622a2cc1ec3c163a11aba63a697aa2caf40dbd0bb6064,train
raw/apple/rotten/rottenApple (136).jpg,apple,rotten,local,v3_44fa94f668877acb7cb201a1fe6d2224,7d1bf1c44e8e917a279c38366aedb20c683fa97fc96175f2c1b6d6170e9db11a,test
raw/apple/rotten/rottenApple (137).jpg,apple,rotten,local,v3_7baac00afaf333cd23cd7fd0ac287b7c,d16cbe28ce0a987984c13b4b67eb054b37d20ee368541e9d166d81e94b43c2e3,train
raw/apple/rotten/rottenApple (138).jpg,apple,rotten,local,v3_a66ae8157ee159f476c83d8e386de17c,8c42fd9031be47a79d87123b4b3e7927677aaa65ff4ae6e45e158e6eb5bfdb88,train
raw/apple/rotten/rottenApple (139).jpg,apple,rotten,local,v3_d88f365b2b0fd78cbe17fce8841e32ba,642bac9145ea8dd567e8fe8efdd625bae0ab1c50a856a61fbab35266ef6976b1,val
raw/apple/rotten/rottenApple (14).jpg,apple,rotten,local,v3_fae406900878eaacdf72487f0721f39d,16b735c9b638a2326ca804e2d530da1ab2dbaecfe90b23f1bb35bdddfb2728b8,test
raw/apple/rotten/rottenApple (140).jpg,apple,rotten,local,v3_262491124dcaab26da79d11a1ef5e225,4283cf23f55477c1d6d6c70e4a7ffda54b0e782a09da034fcf8f2bda407a8121,test
raw/apple/rotten/rottenApple (141).jpg,apple,rotten,local,v3_57f284d7b636be66504a7bc6a1735787,1ff83fe1e328c6d873050c92986cdc93d0c3ac99e7689e3ee8134efbb0d67890,train
raw/apple/rotten/rottenApple (142).jpg,apple,rotten,local,v3_1ec509ee5f83a9923f3047081df4efd9,f23fb687c13f2f535e66b5b2e3f31db42564aa02c797ea42873658d6638e860a,train
raw/apple/rotten/rottenApple (143).jpg,apple,rotten,local,v3_73814328bb48647b2331dfcba2983215,892ccf23b9dc3e909b0504be4323372a91642aa491fd22b1f72e1b10d2c57090,val
raw/apple/rotten/rottenApple (144).jpg,apple,rotten,local,v3_faaa67262330caf12388c9ff2e8bd628,24f05c167ca59a06ea066b52e750e1f5db3edece5cec600009763edfe4d229a0,test
raw/apple/rotten/rottenApple (145).jpg,apple,rotten,local,v3_af48a31571af8393ab83a85500e9dd04,8a42c724f36c1480d1c34a6f188b83462d1f352d8afd1f473a6effe81bce53a0,train
raw/apple/rotten/rottenApple (146).jpg,apple,rotten,local,v3_f58b1420391b729e88ec3fc46381555e,8570b924bd76f25d73555f1d954081c24837387b3acc65b34ddaba845dcfa62e,train
raw/apple/rotten/rottenApple (147).jpg,apple,rotten,local,v3_11e77fe838ff35e11767fa85f2e5f81b,870cb42b11194f02afdbbe435ba588d85b30e89dd6db2e578abdbae92e01d5b8,train
raw/apple/rotten/rottenApple (148).jpg,apple,rotten,local,v3_0d1ce3326c327bb93ba180bc5ae5cd79,8d2f8fc1eda3c13f881615e26eb31c773cc341a57b9f73a26a6c7cb53d286749,test
raw/apple/rotten/rottenApple (149).jpg,apple,rotten,local,v3_1996ae040f719dd33a6e52d910e00aa7,f5451d0f665375da847b34765ff0e8bf53ce3cb75c0a54c6b5b0eecbff10334d,train
raw/apple/rotten/rottenApple (15).jpg,apple,rotten,local,v3_dc9e888edaf841e0334cee8a2c926d12,ac3f10fe1e51c49cc6e2f53b923df282460f98db0cdb5e68727a14c107a5d025,test
raw/apple/rotten/rottenApple (150).jpg,apple,rotten,local,v3_4506efadfba20a05cc9873e9a9533f8e,24895302d639534baf0daf5143ee1750d04e05d48665cb4558f0fab7ca4f2dbe,train
raw/apple/rotten/rottenApple (151).jpg,apple,rotten,local,v3_29ab88fb8777db99515b05ce8e72f7e9,2fd2e93139bc1a89016a773540f16708c504c409056b681005fe172e2665a060,train
raw/apple/rotten/rottenApple (152).jpg,apple,rotten,local,v3_01124a0ef08491efaa90fcbd29506e2b,59c42c630fbaee1fe3d09358dac882faa6dfd9e26c731dd1bf0f16b91749595e,train
raw/apple/rotten/rottenApple (153).jpg,apple,rotten,local,v3_f7df83ce42753fa058e10f718db4ad6f,335a7bb37dd5823dfba96d4bcc731bb533e9aba6d44cc61656ce246acd530058,train
raw/apple/rotten/rottenApple (154).jpg,apple,rotten,local,v3_e3e14c6ac653955454dc64c0f6ea484d,7a73266e85b42aaf984f2a49732672783e041f004c0cb641d66289afa42da150,test
raw/apple/rotten/rottenApple (155).jpg,apple,rotten,local,v3_d069915417178383c280c72633f36dbb,9d2d8fa4ab716c5599df21a815431f54025038d962c8facb6f9cafb3ec742691,train
raw/apple/rotten/rottenApple (156).jpg,apple,rotten,local,v3_01b6f6088268f2634755ccff64b77843,094ed5ffe6e8e009125c0f2c365faebb493c646c537b0630836d4f462885a2a2,val
raw/apple/rotten/rottenApple (157).jpg,apple,rotten,local,v3_2b50b0eb7904d88f0800fb401ce489e8,635b7b6794d9fe69be982b306838ece5132c98c976e0366dc921ded8da303215,train
raw/apple/rotten/rottenApple (158).jpg,apple,rotten,local,v3_9c2fe58af3a4b82c6316ff252609d197,1697db6e9ceeedea02891095b91450d6af3b898ae0b69190333478844e853df2,val
raw/apple/rotten/rottenApple (159).jpg,apple,rotten,local,v3_33b16a877757fa14e0cf15bd4010ad24,d5039c94799a5a0477a9c162403292336508b50e919282df423eb6251602e178,train
raw/apple/rotten/rottenApple (16).jpg,apple,rotten,local,v3_da334dca578b2d566ddd39875d14f0ab,c4ab95c074b9131e183ffd9d5c9e277f1cab496cbc44b65a21aa577efa290492,test
raw/apple/rotten/rottenApple (160).jpg,apple,rotten,local,v3_d132a5b77b0ea5db9a040af9f7597da9,97acd4e1130c63d3dd05ff74601dca70aa7cb04f772086523afaaab234191689,val
raw/apple/rotten/rottenApple (161).jpg,apple,rotten,local,v3_7cf29ba8fa700590f7a33c22531ddbec,13d2c1abc7ac5d56d9fbbc95c5d721694694d09d0be046476a9a28ae81035b99,train
raw/apple/rotten/rottenApple (162).jpg,apple,rotten,local,v3_a478acfcf3943968d15d7fa5a77090f8,b11a4b88930d9689df4e0ccc1264538c5d73f9c358fda9feacbc64c9ae99e380,test
raw/apple/rotten/rottenApple (163).jpg,apple,rotten,local,v3_57d71f7f9ffd5d363f7ebea06daf753c,0446155322b38a7b796f6a3e3f23d29eeeb753ed92d75fdce3ee3f35111441d9,test
raw/apple/rotten/rottenApple (164).jpg,apple,rotten,local,v3_69b04139ae1c1182b1ae3d35c12bbf6a,87f50ea20264dcacc63847e02a91de29246858941b66272020a77b47879a397f,test
raw/apple/rotten/rottenApple (165).jpg,apple,rotten,local,v3_19cdc4fc92028e0dbf6a5d3971dca1e7,287515f60321ca765746902f234ad390747e45463fb3a7b9b46495089e7064a6,val
raw/apple/rotten/rottenApple (166).jpg,apple,rotten,local,v3_882cc2606ef88000b1b836474330bfed,5b60b50276811a548bf409568369763edc80c77d2e21ad9a1f8daf06137c0154,train
raw/apple/rotten/rottenApple (167).jpg,apple,rotten,local,v3_d4b27eb858d20226e037f0d0212d019e,0025591df02587f09ee8096eeeb605e6f1cfc8d30938628a7dfd1052ba60857b,train
raw/apple/rotten/rottenApple (168).jpg,apple,rotten,local,v3_0fc47d91c2e63ff78045a256b603ee3a,1d60dad85cc80cecdd72a0d1790eec82831e6fa1ab863845eadd89c209a09118,train
raw/apple/rotten/rottenApple (169).jpg,apple,rotten,local,v3_c1073ace1aae6b5fa6c95807eec28153,6e0457d9c8fe1869cdebab998db17207c10d7baee7742bb0f30e55f898d89190,val
raw/apple/rotten/rottenApple (17).jpg,apple,rotten,local,v3_1fbe13849843d351734acc08ff1dee44,9d2dc9cb5f7ded630b065a5234f4caa74a7a99f4ba3110ddc7bfbe40b2c289e0,train
raw/apple/rotten/rottenApple (170).jpg,apple,rotten,local,v3_3e28d39c5e412a053975ceef247e511b,56af86f2868686bb2c94d3da5083bfdf4015a14d592dbb9903f90bd4eaf5c910,train
raw/apple/rotten/rottenApple (171).jpg,apple,rotten,local,v3_41039c95b6b69205edfc823fd7d055f3,5bc80de7e1eaa99bdce97a1974101ee07c2a1cf0ba24b90a9267d71f82430658,train
raw/apple/rotten/rottenApple (172).jpg,apple,rotten,local,v3_868b20e772fb66c3c31068807c6626b1,24ac8cf9dfb7832966e543ad880247e10e98c4e75507ce528b603a9e5a73b0b8,train
raw/apple/rotten/rottenApple (173).jpg,apple,rotten,local,v3_2e2e7d5ab8b220a97d614a703a060b6c,ac29e3528f47b2ab5f6575fbf5827dd3032ca8ba2f76599cb76cd0606b215c94,train
raw/apple/rotten/rottenApple (174).jpg,apple,rotten,local,v3_943f8c1911bd574ed5a5987d0ae46b03,61e632e7fe6635cea781e4049a851fbf18e99142b509d390a4d0c9bd7c7f5719,train
raw/apple/rotten/rottenApple (175).jpg,apple,rotten,local,v3_ad08ed8c8c674c0ad9074fac2fa4eedc,f99147112320f5ba8ae648d265eee171efdb0bffd282d4fa6743c6238c9e4f5b,train
raw/apple/rotten/rottenApple (176).jpg,apple,rotten,local,v3_fd7a64e990059f005324c2c79f0be212,48d4bf32fb0f0b4d4c0b317eea69b5dad54abb8bbbfd947bf4b9f478951af547,test
raw/apple/rotten/rottenApple (177).jpg,apple,rotten,local,v3_ac7efb213bd3fbd89dbcf0ab97387cfb,8075aab2dd5cf7862d27ef2fa6aedf9b86e6a3eca0fe226027ac75ca41f2a799,train
raw/apple/rotten/rottenApple (178).jpg,apple,rotten,local,v3_dd61245608d53cebefcba0a267f045f1,b71960b1b672a62a3c9f0e51afa27dcad9d87f34b2c06ddd4fe3091e0659de5d,train
raw/apple/rotten/rottenApple (179).jpg,apple,rotten,local,v3_54999850d3f6d256bbf0041236b9c360,1d7d1088373da73481716dd09d7b2a5a73c55946b4a54b4229ae0297f0cfab25,train
raw/apple/rotten/rottenApple (18).jpg,apple,rotten,local,v3_4f604307c5932bb50515de1222f0ea1f,7c3767ed8460f311ab2cbcccf1ccef7af2c5d89b5345a6d2d102cee934ce35c8,train
raw/apple/rotten/rottenApple (180).jpg,apple,rotten,local,v3_30094f6760f78c45000adcc376137def,6edaff815ebd8ad398b982fa1504777a9c9b637e3c7041aec47f25a575747d02,test
raw/apple/rotten/rottenApple (181).jpg,apple,rotten,local,v3_fd6e3d1237318b655ef284e000f8ff28,fdbbbcbd16368368bb41ef66ccb588a22d411b6b1c25db5fd143736ae3915c42,train
raw/apple/rotten/rottenApple (182).jpg,apple,rotten,local,v3_1147e64a60892e78b6e599247dd67b80,61a1afd99326e220ec12f85c6b6ba01c07d55c00670e70977c347c5f8ebfe2c5,val
raw/apple/rotten/rottenApple (183).jpg,apple,rotten,local,v3_ec694dcc9b11155b3c21fcfedb468057,1c48deb5dc5efad403e1e1ee7da502bea9eda454aad516cdb6ab29d3fa33b7fb,test
raw/apple/rotten/rottenApple (184).jpg,apple,rotten,local,v3_54ccd7b6bc053b99346e288832e521a1,b601666b31f58d5830d28cdd8d1bf6b5d10d6ef40f9f81916945dcf5117445c2,val
raw/apple/rotten/rottenApple (185).jpg,apple,rotten,local,v3_4c70c34828f672d32682fbd548dd79e4,8321f2cab9f95a813b51f2226793df60da6f3d8dcae789c970bc6f7ceebd78c6,val
raw/apple/rotten/rottenApple (186).jpg,apple,rotten,local,v3_6ff2240e7a25ec0316c0543b31bdc299,3fd475c072de0e29a66fadf36b65c862c3cf2e9b5c6fba4b77a6dcbc6537064c,train
raw/apple/rotten/rottenApple (187).jpg,apple,rotten,local,v3_7ab6b6d3f1e833e4169d0bb93af4b155,459b35a667a2633b84cc95ea4eba2d15c01d9fdf1525821b674279b327e4d982,train
raw/apple/rotten/rottenApple (188).jpg,apple,rotten,local,v3_b09a7dbad02a9f5f8cd27b1a87159e6d,4e781a9544a218410dcaec744bf1a5c257af1862cc5032a987ebf01d48b49eda,train
raw/apple/rotten/rottenApple (189).jpg,apple,rotten,local,v3_b65ecb27f1cba1823faab97eca2d6b36,5e48c1cf7a824f1e8ce99f4c4cb9481bb93d84e8d402f4f85552041663d78e8b,train
raw/apple/rotten/rottenApple (19).jpg,apple,rotten,local,v3_89052de4de59916cc8d24830e25bac2d,c4ecce75be18178a46df2c6678f32e96f9f01eeb1081c58c2c344e0775243146,train
raw/apple/rotten/rottenApple (190).jpg,apple,rotten,local,v3_8d88c0411fff8e5221ae9118e7c9a241,79d0f95dfa18d3318d9e3bb11e61f5159127d80ec9ba8b4abc8a308ea57a8b98,val
raw/apple/rotten/rottenApple (191).jpg,apple,rotten,local,v3_4c06692ef6377984188e307e014c3308,9bdbc64ca5bb9d2f438f6c3886906ed688fb762ec4b68174dcfedbce6e813a2a,train
raw/apple/rotten/rottenApple (192).jpg,apple,rotten,local,v3_3ef46aae621664274fbcfb88c2829d98,ed7e0bd11c6f62b8554d660ea4b54dda08fb36d35143e2541bc1c017763c1b6f,test
raw/apple/rotten/rottenApple (193).jpg,apple,rotten,local,v3_0401055f345233ba955dccf59414f403,6c6570f4f6530271beec1f5d4658fc9c16c9790346b7e4466eeb3abe4b2c036b,train
raw/apple/rotten/rottenApple (194).jpg,apple,rotten,local,v3_2fb6b7a7b008dcaed498e4511135484b,5131fa3f1df59ff973ee135617c76104e5f9c3f2a724a4dbd1092e9ebdeb834f,train
raw/apple/rotten/rottenApple (195).jpg,apple,rotten,local,v3_3d85758767363596a8f2d921475f94b1,e8ec4332925e7fc251a1bb71da781059d34ed96765ab05fcd51c013b5e237efd,test
raw/apple/rotten/rottenApple (196).jpg,apple,rotten,local,v3_112b02aa32e9819d571abf43834e91f7,99b3d1108244b8fa133d6c9520ec4315ac3622ffee4421dae978271d11783a84,test
raw/apple/rotten/rottenApple (197).jpg,apple,rotten,local,v3_722ddbac84590d0e8f9638094d487eb3,293e14a482f1df79b3688a9088595cc353c8cedac6f6dd60bfcc82583d99c04e,test
raw/apple/rotten/rottenApple (198).jpg,apple,rotten,local,v3_9a4db799c0c06edb0ae5f989f3b84325,99d6767b1cadc3cc10e0db9d5d50d43d9f0b873809d9abf0ce825575bc695e9c,train
raw/apple/rotten/rottenApple (199).jpg,apple,rotten,local,v3_7db76bba9f8cd90ad66f768360e808e1,9ed0bb729a89e0cc6317784eecd8be98e25027bccf4165e730caff39aab36ff7,train
raw/apple/rotten/rottenApple (2).jpeg,apple,rotten,local,v3_a7656bafec4e0e92224a036821a50ec9,6b68d708310ea115702c81ff82ef9dfc4864cf71e63dbfad7a8fc8da93223809,val
raw/apple/rotten/rottenApple (2).jpg,apple,rotten,local,v3_a7656bafec4e0e92224a036821a50ec9,cd11ed3b29c59061d1945c4ab3067cdf0eedaa0ac9ed18c1c790eedf038266d0,val
raw/apple/rotten/rottenApple (2).webp,apple,rotten,local,v3_a7656bafec4e0e92224a036821a50ec9,8864614187e34f6f4105251c8c48c0f022989bad57e71c20f4300bdccdbbabdc,val
raw/apple/rotten/rottenApple (20).jpg,apple,rotten,local,v3_fb85a2c7f89a0ce84600ae37197c2c68,9cb18faa7cf454d770068f6ad380c313e786ab97892efad160758e19637d6f10,val
raw/apple/rotten/rottenApple (200).jpg,apple,rotten,local,v3_a884f2b9361459f9bf23faa398124b33,7e01bc9465d76feeac85ad6820f2af59bcb54514608c0fb4908198ec2301188f,train
raw/apple/rotten/rottenApple (201).jpg,apple,rotten,local,v3_6a1813969fa260ddddb69eb4a8d4eb84,7340a7e8227e056ea5805903ed74292def8221be2c5e6224caab56a77c91a28e,train
raw/apple/rotten/rottenApple (202).jpg,apple,rotten,local,v3_0423979ca0c61e66dd2b205aba06957d,0a57fa3f1eb4eb87e0a672d84aa18877c9b1fa7252c1b68f3260558fb12ee888,train
raw/apple/rotten/rottenApple (203).jpg,apple,rotten,local,v3_8b9b11edf24dd5cccd54b5b30b762029,3d6aae85695d7280aec174dbcc415106afbf565f1ff169bb53565f60f5bde193,val
raw/apple/rotten/rottenApple (204).jpg,apple,rotten,local,v3_7d61e0848f635115cfe41c734ef711b1,d9b1600188b1e72c746b381febae491e1ef4cb7b3fa0711e574468acb66bcca6,val
raw/apple/rotten/rottenApple (205).jpg,apple,rotten,local,v3_592b55103718144fb12770c7f0305a69,7f7c034d63477584b3bc4e31a85ccaa7b6fe3f9567fc3dd02554122ba73207d3,train
raw/apple/rotten/rottenApple (206).jpg,apple,rotten,local,v3_d9ff439f34e7bae9ab5ac90e611a9286,f5a45b25b8039036f525370388f92730e5df2b00b697c9e14a0f3bcdeac5d74b,train
raw/apple/rotten/rottenApple (207).jpg,apple,rotten,local,v3_e4cb76b9618a19bb3f3fe4a770a9957f,78af8b417c12173b503daf0d57c28ae58f35425e8408d10c7c365115842bf0be,val
raw/apple/rotten/rottenApple (208).jpg,apple,rotten,local,v3_f2d986656079e70ff562003da3a03cc4,1e2c83245d8cb02f6062840ed74fa2a5568f1015b1609049c524bda4c937344d,train
raw/apple/rotten/rottenApple (209).jpg,apple,rotten,local,v3_d54413535c7db868bb5316b8b3ed1bd2,ff82d79525c3dd961db3d9b9da8d4c68851adbae2158fb1d9cbda465220fbfe6,train
raw/apple/rotten/rottenApple (21).jpg,apple,rotten,local,v3_65db0b6cbfd4fc66987a8ac95eb7db0d,9cfb12ab9e0b661551373577957841229e436e0d30ae4248a59852c68f87efbc,train
raw/apple/rotten/rottenApple (210).jpg,apple,rotten,local,v3_443909fa55c9ef4e71246d5169e0ed1a,3200615c5904cf93a352f32ac18b764672c7436d9151e051b2d18521879de99f,train
raw/apple/rotten/rottenApple (211).jpg,apple,rotten,local,v3_755ad8235b4f8c764a895f3ec8036f6c,b6c178c5d1b41a0d320593619c8fe321eda12ef6938b5748a4c5f18a21b87d3a,train
raw/apple/rotten/rottenApple (212).jpg,apple,rotten,local,v3_718352a99afb65687cccd87df4119207,202154e0fc1fc052cc4fde9401b80f4fedda909123b74e88e67fa8b464fc52ec,train
raw/apple/rotten/rottenApple (213).jpg,apple,rotten,local,v3_3be07ecb81b795e633052d7dd96e8a4e,cf6f4bb81e7a195dd50e85f997f0097cf28437f12ee42c05536a5a601fd622c5,train
raw/apple/rotten/rottenApple (214).jpg,apple,rotten,local,v3_77fc14f21c4e24a1eeb24c21e63fdd30,02fc1f8880ae09ff7a2fa199ec3ca32a1ea65b675243f3bfe6a74a8cb0e7af3f,train
raw/apple/rotten/rottenApple (215).jpg,apple,rotten,local,v3_c752a42301bf41f3578aa907fed09392,e4d022ebe684e86b3c43cbd71b5ed352c3b40ef331a3b4cb77298a11dc1363d8,val
raw/apple/rotten/rottenApple (216).jpg,apple,rotten,local,v3_186acf8c74f3f82d31135415cf88dde4,4d8f59898e5df8f036f4ddc397dca474f37798e4f12c29c3be0d42d32a7dfa8e,train
raw/apple/rotten/rottenApple (217).jpg,apple,rotten,local,v3_379a1986045ebddf824e6e60c423ebb9,2232ef67c8ab75b4a87c9eec8afc0b9a337e069ede507547bcf5d760bd992e98,val
raw/apple/rotten/rottenApple (218).jpg,apple,rotten,local,v3_759ab227ddf5d60e6ee4a9cbb599a04a,4886378c70b9d06b7011516a918a62c4389bb781bd21420bd65dfe61c8ce9ce5,val
raw/apple/rotten/rottenApple (219).jpg,apple,rotten,local,v3_56f784a33e946ae44f04b3e9002c0e70,4332d9756650a58db84ab60860f9b5df1b3724ec77c2399fdd4385a6d77dd73b,train
raw/apple/rotten/rottenApple (22).jpg,apple,rotten,local,v3_476b0791743543e07236a49606f36c0c,c7ceadd314b41d92861118014f3f171099907c49b51ff3a567ee2746de0e796a,val
raw/apple/rotten/rottenApple (220).jpg,apple,rotten,local,v3_2013a225c9ae12e55e16c5dc52fd805e,3c15637ed6cea90ec4a480ded830f90c03a050d45438f53c68e2c1fb3f9a9c77,train
raw/apple/rotten/rottenApple (221).jpg,apple,rotten,local,v3_0b65af894feff6a755dbbe98e8eee2f6,b2cc515f44952978cf13fe760b4ece15d640b91de7f0ab7dae51e5fbc21b89fc,val
raw/apple/rotten/rottenApple (222).jpg,apple,rotten,local,v3_dcc50d2676e07ff23124fba91517dc13,82b4b31ee0724094ff657722c18f89952f27052779b5d39476c262ea535a525b,test
raw/apple/rotten/rottenApple (223).jpg,apple,rotten,local,v3_243a6e45089318705bcb771f0f8bbc53,f49244cf4a875c0feb8f0fcd2b7822e505ff62ffa15d6e605cdad04c7613f561,train
raw/apple/rotten/rottenApple (224).jpg,apple,rotten,local,v3_4f08333091330c828f4189d51681acd5,66e54f9ef1212e328733f5d45f28defb475f5b116c9d5ca557b29614c5cfd1f3,train
raw/apple/rotten/rottenApple (225).jpg,apple,rotten,local,v3_4e4f44aadf33afa60e0e5377688751d4,91e28ef309c43ac0771afac10897fc6da710b77c30905cda21f71331e380b5dc,train
raw/apple/rotten/rottenApple (226).jpg,apple,rotten,local,v3_d2398607e6a7d3c146854c83b939cb0a,8280347e4f453dd3e002104ea3a405bf9444e4adc7fe0ea7b4d4e275b0017ab3,test
raw/apple/rotten/rottenApple (227).jpg,apple,rotten,local,v3_b1d4a875868a8bfdf896b36035ff8591,ab3ef9f059d55c4f03bbcfcd710b8847657e98fa61ff7d78efbf027c670d09f5,val
raw/apple/rotten/rottenApple (228).jpg,apple,rotten,local,v3_6acc31c50beb954961302bb4dde4c244,67611e7b3e0f116b40a9b206dc16f1016ba3126bcb3854c0c84417f8428eb58b,train
raw/apple/rotten/rottenApple (229).jpg,apple,rotten,local,v3_b76167a4f743c1a3df69278b0a63912e,91598d0c582e95f81dc67774c9a3db805bb7e6afb8ab6bdc926cfd9b7a6dbee2,test
raw/apple/rotten/rottenApple (23).jpg,apple,rotten,local,v3_50c34544685f44700eda15274f0e200f,419694593313d9efecac26f515029350303f3d91ece05daa0fe1ff61f0c2ad4f,val
raw/apple/rotten/rottenApple (230).jpg,apple,rotten,local,v3_7ee38ecd05bb147bbbea7779d7e22054,06ab797f98e48bff5226f763072d90c1874fb16d9ef2de768a74a69f719f2198,test
raw/apple/rotten/rottenApple (231).jpg,apple,rotten,local,v3_8c6c6503456b95691c32b37e0efccb3c,9269eddb1041d782437aa71da0517215e452598e61701bbac5537fae2c193bb8,train
raw/apple/rotten/rottenApple (232).jpg,apple,rotten,local,v3_65269d9f158ea2de056ac69be004c487,1397ea782a7609002b224aa037dc9a9b0c37051adbb0751f51e8be45c3c24e90,test
raw/apple/rotten/rottenApple (233).jpg,apple,rotten,local,v3_fbf14a7ad2aab43e444c4df3d48da928,f13b0a607899bb651a0936eb1deac2b3892e40cd139faa2302838b2f2d99e5d9,test
raw/apple/rotten/rottenApple (234).jpg,apple,rotten,local,v3_c8e1f4d04a5195e95522c2e86c0a609c,0e99ffa069b9d899a8f79ffea94de2118c4c63a856a8bde01a6d66742356422b,train
raw/apple/rotten/rottenApple (235).jpg,apple,rotten,local,v3_2bdb12bc180320ca8fc12f9c3127ebf3,cc37addf86007077b172e856ff9d2903e3cf3f59afa7d6b2815d7f8380cb80fe,val
raw/apple/rotten/rottenApple (236).jpg,apple,rotten,local,v3_23a291c701d49f5dd38142fba117c344,e0c5341d263c623f52209c161e1898963a9944bf5c53baeffa4d27183f79268a,val
raw/apple/rotten/rottenApple (237).jpg,apple,rotten,local,v3_7d9287132682d09da339f83e05740e89,6841c133600c8f197e27916d35b3e50b1664065907b2e964eba295a3af206576,train
raw/apple/rotten/rottenApple (238).jpg,apple,rotten,local,v3_4782979557fc8691b8472de8f0ab505b,81ca9bc60b01116bb7a5ba75b0a459d5d6d6591f95ffea08dc7cabecf5ad5354,train
raw/apple/rotten/rottenApple (239).jpg,apple,rotten,local,v3_042aca238f68b4bea4de0d4c022b8d98,92cdd2ea8ebdb22cf6f8f1d4eaeca9427ed5e7757c85a3218d5fe374a97a5a88,train
raw/apple/rotten/rottenApple (24).jpg,apple,rotten,local,v3_df83de567e2df354567351f2c6bdf7ec,18c2fe964407c8df92b9e6da8d7923435ed280c54c528655dc1d25eeee982abf,train
raw/apple/rotten/rottenApple (240).jpg,apple,rotten,local,v3_537a391c4c3977f1e09b9b2aaa0f05f1,4a60afd608fc950fae78849f9a3296d52305b5c424233fb152317128ef25ddfb,train
raw/apple/rotten/rottenApple (241).jpg,apple,rotten,local,v3_b7cf94e48da5345ca74849dc515f8b72,60be223f2eb29f483a58d045456e3028b28397145b32735f5ce960440b3938fb,test
raw/apple/rotten/rottenApple (242).jpg,apple,rotten,local,v3_ec145f840e2e341f78a2ecc39c12ec7c,18ebcda5565fbb325a62b0ee8e87f6636e9fdced56f998522c0b98d55e308a33,train
raw/apple/rotten/rottenApple (243).jpg,apple,rotten,local,v3_d187361b05f7d4be328472fbe89e5635,01167eb3d204a0f2e90500781178ab3ad85bc267741c293559eb3e193d9a7b4b,train
raw/apple/rotten/rottenApple (244).jpg,apple,rotten,local,v3_6ac3c3d84c80e2fccd84a0c071481502,4b78405d299cb70faac775ccaa1532cc1d13bbe44361c973b61fb7f7ad17c33d,test
raw/apple/rotten/rottenApple (245).jpg,apple,rotten,local,v3_cc90dd2d6ecd227e4ec245a9edb184d9,be77d44381e135c3e6f2cd3a13b782a5ea1105492572c4f29c7fbd73639ea42a,val
raw/apple/rotten/rottenApple (246).jpg,apple,rotten,local,v3_e4f6cb3c04e07d94e1eb39e64c40438e,259df06aef863da034e345a8aa36c4f8311b658d0412b972c58b95637133e449,train
raw/apple/rotten/rottenApple (247).jpg,apple,rotten,local,v3_0c7e27c3323e8f38caa34786922b0243,1100c05496f2319bce0d45ac0f0807d63ec2b3d7d6c7623b68da7eed043665ce,train
raw/apple/rotten/rottenApple (248).jpg,apple,rotten,local,v3_a592b4a025d10cdd1407f53b3a612dd3,94b90f72f4584d5c545ca00249978f35c3e1a0c8718446d83adde2fb11ecdaa7,val
raw/apple/rotten/rottenApple (249).jpg,apple,rotten,local,v3_edd7a4ad5ac8189c9345d710b6828e81,028f45232907c3fe3b24d5276342f962e2b417852e66daafe9e29c55b15f6456,test
raw/apple/rotten/rottenApple (25).jpg,apple,rotten,local,v3_ea246b48881a8e2ddb7cc3f0c0c7fb48,3a6b16195f3d1312720868435ad296a76918c382b4892907a6d0c28b843a9f21,train
raw/apple/rotten/rottenApple (250).jpg,apple,rotten,local,v3_c140ccd68205f7da58d2edb4e495afcc,383b198733205909852c17be80282752bbeea1f27e8ad371479a79c8f80e0328,train
raw/apple/rotten/rottenApple (251).jpg,apple,rotten,local,v3_8e1dc19d86555b6b00eb1ec58937214b,7a29dbbf1bc9c7f3d544444fe1cf07d57bf7890974eba536d746807ee4a57629,train
raw/apple/rotten/rottenApple (252).jpg,apple,rotten,local,v3_5e9b81c066572b77e961cb9027b03469,0d6c091401cfae694e897c6226d98e455875ad3ff9a84a7db6857f33e8af2fe8,test
raw/apple/rotten/rottenApple (253).jpg,apple,rotten,local,v3_d12c8e7b981c32cb84c93d9b3746d0ff,223438cb33c4b6ddf265ad2fdb39d1ffea0c33a97a925cc314390c1176a67624,val
raw/apple/rotten/rottenApple (254).jpg,apple,rotten,local,v3_4a4653e16f9522178e8c0140b00c3966,f2d0dc3a1a9c69506e771096c87111811e77e5435fa6e5c41cc8bdd6a9d95589,train
raw/apple/rotten/rottenApple (255).jpg,apple,rotten,local,v3_6541aea6591a82f06fe6e5c6c420b7a5,8eefe8dfbd480042a1ee146449d8c85e615647112c7a3df48287b43273745eba,train
raw/apple/rotten/rottenApple (256).jpg,apple,rotten,local,v3_6955aa71f2516c21f1ae40a7af910410,88687315526618bb6e4fc7768754eb11d92f6eb9653a7d19114b9ac5e0a71435,train
raw/apple/rotten/rottenApple (257).jpg,apple,rotten,local,v3_992121eeef48ee97b3af3a8640420fc7,826b7fec840cf3151788c098e9fa0d611cadf28779851ddf5ee28b29288c367a,val
raw/apple/rotten/rottenApple (258).jpg,apple,rotten,local,v3_b0869f84bd043ee3ef29ff8ae167c9e8,d7e99d88a466e92e5d3e5b216df44bd26caa704a9fe60cd52a2376b0fb731345,test
raw/apple/rotten/rottenApple (259).jpg,apple,rotten,local,v3_30d3505011897470e7e4287bc7049d56,b76d8e9ef586b6e5cb3a0c18ac5e5d932bc10d30d748d032063ad9654b9b7f09,test
raw/apple/rotten/rottenApple (26).jpg,apple,rotten,local,v3_6f4db39def0cc6185ab2b86558ab8d68,296c0902afaca7009b6d8700211ee2f32896e3f4e5c405e1e841571b132a127c,train
raw/apple/rotten/rottenApple (260).jpg,apple,rotten,local,v3_06813ac059345af447d2d25fb254a7de,033ad0b15b57d451e5cc30a2c93f0aa37d3b11389ba1a77108455f180910b1f9,val
raw/apple/rotten/rottenApple (261).jpg,apple,rotten,local,v3_8e9db97206148a0f4f00ff76b5b1a38d,11a0960f1e3160527e648ad165053cfd679dbe44ff9b1ea4832ce1e4bf6822c8,val
raw/apple/rotten/rottenApple (262).jpg,apple,rotten,local,v3_495fef1f87c89d95e0d8f967794eab0f,32a55b9d4540561c6ecf8503d7589a23859b05fce7e7d0e09e80eb1831fae3a9,test
raw/apple/rotten/rottenApple (263).jpg,apple,rotten,local,v3_6e46bdb0c1801e79bada70a304d61c8f,17959fd6ff29e8cbe939026462709938048370d9d1e76ba2fa5f8fd75ffe0292,train
raw/apple/rotten/rottenApple (264).jpg,apple,rotten,local,v3_bfd439303fa285cbd20c971a7eecdfb2,dd609222bb2f7962463474b1358f1a81dd6e8c06ef965076327a16c3ebc23d6a,train
raw/apple/rotten/rottenApple (265).jpg,apple,rotten,local,v3_0365240f0521d578d8f718b747716582,8702f0726007a0d0a8c1d441122e3353964cae775c6dab145b3da0d781bc62ad,val
raw/apple/rotten/rottenApple (266).jpg,apple,rotten,local,v3_a9bbb6f835f0d723174ca1b528b86441,a9fa4deece45cd374ea9f45054c7ae83653749f7aa5bec5a0df46c0695e7ccef,train
raw/apple/rotten/rottenApple (267).jpg,apple,rotten,local,v3_f64564d6c3907a77618861015a177170,f66e1a98a5a2030ad611355150648633a316b006baff4f1cefd5b464976f5c05,train
raw/apple/rotten/rottenApple (268).jpg,apple,rotten,local,v3_7eaade0ff132a22af65e9f6e7f3b6330,c60ef3b97af8b7acd6fc2c27f88e56f330631904af2331b0357c1c8f372e46d8,train
raw/apple/rotten/rottenApple (269).jpg,apple,rotten,local,v3_4a9c37925929ce93c0ddb539c90acdeb,4b9a5d44dd72c42cea6618a625a85686f217e1f2955154b613e7bb9e3d22f722,val
raw/apple/rotten/rottenApple (27).jpg,apple,rotten,local,v3_d8840808bcbc5d1a27acc768c02456a9,5ad499c574f7ba78f76e48e39bfdf4d61b2723b3df153fb093545ac46a08a003,train
raw/apple/rotten/rottenApple (270).jpg,apple,rotten,local,v3_18873fec1965816c0c6a44f4f74c4194,2069d4b9ac30fb6022898117b33dada0d5b7cdcff3d131d22acf98ff6a600bf2,train
raw/apple/rotten/rottenApple (271).jpg,apple,rotten,local,v3_489044624a6d76cb615c0d9fa20e9e56,f320b4ec4c0e0c722b5ca6eefdd1d000ed8af26781a75dd41fd3e9d85a7cf176,val
raw/apple/rotten/rottenApple (272).jpg,apple,rotten,local,v3_bffdd99c74cd5cd7268c87ec7c6e3d6f,2948045844464cb7469a952c1f30edd6688cd8c3cb5e8dab85cb61b28dfc3470,train
raw/apple/rotten/rottenApple (273).jpg,apple,rotten,local,v3_ff7ca5c9bcd7c1baed901c263951d918,730777ab27f1459ea58f1a6b530bd0e50e99b339bcf1b63166234b5411f598bb,test
raw/apple/rotten/rottenApple (274).jpg,apple,rotten,local,v3_0a8da38aef40085bb49c2981490e4fa9,acdd24e41bb495818dffb9a56e977c0201d15aab4d83cf6a23e1324524e2c1ba,val
raw/apple/rotten/rottenApple (275).jpg,apple,rotten,local,v3_e4cb76b9618a19bb3f3fe4a770a9957f,4ad5fe1bcd54defb6c9311d60428dbf68ccadf14ca63fb476063d2667385df76,val
raw/apple/rotten/rottenApple (276).jpg,apple,rotten,local,v3_e091658964c11e72c1c85a632043e294,a91c440864414b17658e97db311c4b5b2a656269d157bc6a3435885e2eab650d,test
raw/apple/rotten/rottenApple (277).jpg,apple,rotten,local,v3_4796f0da4a9603bf3ccdf9a6bd28ea91,176e6c0d2d8069a1411c0ecd2fdf176206c77abe3146e6fdf80f8659cffcef0f,test
raw/apple/rotten/rottenApple (278).jpg,apple,rotten,local,v3_16c1ab2c920c3646223d01ed8699081b,a05dc133dd4745b533ebb243d3bb9aacf246d8530a366f8e15ca418adbe63112,train
raw/apple/rotten/rottenApple (279).jpg,apple,rotten,local,v3_62375299629c8afede0b2f9a01c9d8c7,5985c0dbd7894a456f09e924e52d7dfae1a29fe88be0fc77ae766fef8057d999,test
raw/apple/rotten/rottenApple (28).jpg,apple,rotten,local,v3_340a6317b13e1a04082a596f02282063,5cbad14d4df7946bd6eec8888242de3fa771db82a07aff5c94c2aae87485c830,train
raw/apple/rotten/rottenApple (280).jpg,apple,rotten,local,v3_dd77351d3e179cb85a9871ac98668881,a66b713b68b759151f3e620400b26eb23430ffdd1f599406f57e86f192de6011,test
raw/apple/rotten/rottenApple (281).jpg,apple,rotten,local,v3_8f4df881d6f6e980678a33817a9fe107,6255b15fa845264a561d8c0b145ce722d36eb0d4b1e1be550df07b844f1b0da5,train
raw/apple/rotten/rottenApple (282).jpg,apple,rotten,local,v3_dcc50d2676e07ff23124fba91517dc13,191c005e17a440363f91e1dfbbd6a10b50ddc9a1ad8868f369cfe761e8e62521,test
raw/apple/rotten/rottenApple (283).jpg,apple,rotten,local,v3_7d9287132682d09da339f83e05740e89,f31b7748287c2970cf8c3a4825fd78e6194eab8b08cbd3254d0c2222cd05946b,train
raw/apple/rotten/rottenApple (284).jpg,apple,rotten,local,v3_c5760b91e913ef8dad525d756706291a,729280025f24f6331f0ba77771e6c2db09035aa762d95d22ea82af901f3506f0,train
raw/apple/rotten/rottenApple (285).jpg,apple,rotten,local,v3_de03a2492b096eadd766e12f85354fde,78919a164b56cf24ddf74fb0fcc48fc0dd7639da7e78a3d9371850eaff375a1c,train
raw/apple/rotten/rottenApple (286).jpg,apple,rotten,local,v3_c506b995eea80c4f78ac43d05593551f,65a510527f34f4c45118dae55098a2fb78eb3cc53f9543bd82bf906cdaaea263,test
raw/apple/rotten/rottenApple (287).jpg,apple,rotten,local,v3_e4b56abb14bcce37e24fa5f5e2fbbd67,91e3afb3b000befa40f7602adcdfabaa2c43bb673f24f3c70455a1a3164cfc9f,train
raw/apple/rotten/rottenApple (288).jpg,apple,rotten,local,v3_437a409e01a70d950b57d8cfddea33d5,f69fbb3f3f3dc14ba7c826f4043383b1b9a18d446498ed236368cbd0c14af1d9,val
raw/apple/rotten/rottenApple (289).jpg,apple,rotten,local,v3_f6e9d2944c24620bb125fc4de2cc80b3,cce18842b2080e386dd37f6dc291d09c26b695cd7d5924bcefc0e7ed6046ec95,val
raw/apple/rotten/rottenApple (29).jpg,apple,rotten,local,v3_99937fa08d0283ed86a1235b5022e810,f0da8db624e0e124eb062cd4d6fbfe0e7c4ab8095fde07c2ce2d2efcc3450bbe,test
raw/apple/rotten/rottenApple (290).jpg,apple,rotten,local,v3_5cfa96716f75e1febae6688ef9a60338,9c2446391adc012b1171ee193f08c57de5c856d2f11c65f1c0958ca1fe6e4235,train
raw/apple/rotten/rottenApple (291).jpg,apple,rotten,local,v3_f0508ac980c19a3fa950234a803d0dc5,5a33c7afc7301e884eb1e020331d2651e67f7a32ec1bd226d6e863f50f021a23,train
raw/apple/rotten/rottenApple (292).jpg,apple,rotten,local,v3_6a0fc15c8907669e5efb95a8695309d7,3733c1e70b93499b42b8908c4b3d04884a2faf33a2b39aaa69b63fc0f8d176b0,train
raw/apple/rotten/rottenApple (293).jpg,apple,rotten,local,v3_0af93bc5ea2de1127470f452313ce225,5986ea7ee0158c8d364de08d6b469dd5188d09876b64e62c1c8b14ac10136e8d,train
raw/apple/rotten/rottenApple (294).jpg,apple,rotten,local,v3_c598b2ae85397760dd867631da917a8a,bb05269871874a99940e6223b85509fc773bffcac345c77c6ecafbfa611cba10,val
raw/apple/rotten/rottenApple (295).jpg,apple,rotten,local,v3_992121eeef48ee97b3af3a8640420fc7,693f72458e6c80ed080419fe86d313cfc4f1a6ff493ffc3cfcb8e3e936bfda05,val
raw/apple/rotten/rottenApple (296).jpg,apple,rotten,local,v3_989be0005679417d8f6f1a184150c4b8,8c07b6dd3e3fb59efc2a405e9cc91a493bcfbe44a0c5ae28a464920742388b5d,train
raw/apple/rotten/rottenApple (297).jpg,apple,rotten,local,v3_57e6b0a9a816a0dbb1306958f5c7806c,3e620cb1ee1f4c44f055b300a718422236132b4241796fb67f4ec40c245d9df2,val
raw/apple/rotten/rottenApple (298).jpg,apple,rotten,local,v3_06813ac059345af447d2d25fb254a7de,28cc1c0a343275c4682d95926c8ae5e71ef0134fb91dc2b91c6f80641b538dd2,val
raw/apple/rotten/rottenApple (299).jpg,apple,rotten,local,v3_570bfd253fb4da693759a1d980a22ea5,b7d74017ed2098966a3d30b222f5fd1096228882add673faa50ad7d2961034d6,train
raw/apple/rotten/rottenApple (3).jpg,apple,rotten,local,v3_1a25db81beb8b1600d500a25b6b42c25,6826f9627bf0a6a9a711859ab284e6462e5e2c07f7ded73ddfaa0c284019f61d,test
raw/apple/rotten/rottenApple (3).webp,apple,rotten,local,v3_1a25db81beb8b1600d500a25b6b42c25,7555b8c9b280312babd017cdf17ac1f0fda40345f92caf02b04106ec8ba72cc7,test
raw/apple/rotten/rottenApple (30).jpg,apple,rotten,local,v3_e5ce1c22b7ddc3210eabe453ca9ef76c,07547bf2990dfb90e80db6547c3ef32ff432053b8c4e64cd4663e45c23949932,train
raw/apple/rotten/rottenApple (300).jpg,apple,rotten,local,v3_146e90d957f1646d628674f53dcf4931,dc601f5b2b5cf2659ce1dd426903c148bbd8a5eebceece6588d2082a803f81e6,val
raw/apple/rotten/rottenApple (301).jpg,apple,rotten,local,v3_6728f495413d352e5d5eaf64c5aa9266,fb5e6c417bf9f7d146f891d1265ef48c66775c98f0e5eaee262235a7fde216e1,val
raw/apple/rotten/rottenApple (302).jpg,apple,rotten,local,v3_8e9b5b21354b87c322b29c50848ab093,703621f92a8f12d5a59226d9f320b9d5292467ff574762ee98365182d57f1e45,train
raw/apple/rotten/rottenApple (303).jpg,apple,rotten,local,v3_9cb98ca7e4efbb09917bcd6a0e370ece,1703c1f5c59fa0db68e0e44a59492a9462e6b60b42b380d39b29e644b40d95dd,train
raw/apple/rotten/rottenApple (304).jpg,apple,rotten,local,v3_b0043a49d46b5590f8d725291b2c0c22,1092f9f873ad0091643c1ff61454c60dd1abed3e90baef1f1355bcd2d2e12697,train
raw/apple/rotten/rottenApple (305).jpg,apple,rotten,local,v3_501a364dcd0e66acccbe14f9a5c3931a,cd92062300b49618c5c536055b02f31888ad66b5dd2f688f2bf803035c2f105f,train
raw/apple/rotten/rottenApple (306).jpg,apple,rotten,local,v3_7eaade0ff132a22af65e9f6e7f3b6330,e58c9a451070b3b5c0c7e0d651463770df141abaf296e02df5c2e17aa288a984,train
raw/apple/rotten/rottenApple (307).jpg,apple,rotten,local,v3_dbb519de4bcc8bea92555c423df52b7d,92fc125d7b8d5b1738f9b2a3adbfa715cd3b32a1c78945257f8b08b2ac79f8dc,train
raw/apple/rotten/rottenApple (308).jpg,apple,rotten,local,v3_63bd7e4b0601e4db51cd15f48a6d104f,45cedb3eef4c403c7b69a357fc58e93dd16e573cfd7c1bad1badb1714f881b45,test
raw/apple/rotten/rottenApple (309).jpg,apple,rotten,local,v3_e90241c4f0d33fc5ed99b66afadb5d21,c639c1f3fa759cb1a65e42b1f12f2f21c7804fb4cef55c01bd7e9b9929fa7fa4,val
raw/apple/rotten/rottenApple (31).jpg,apple,rotten,local,v3_24f8862b616884e8bbbeb979f76466fc,5c529ef99ad7bfc620886f2bf1f8eb2c19d0c3cdd0a555b3698e9d506d170818,val
raw/apple/rotten/rottenApple (310).jpg,apple,rotten,local,v3_28903e3cc3eda7c228e3dd245c8f91a9,7c175a23ec8db2e445d48cd279342a2dd56688c99e20607731912c39bc2f420c,train
raw/apple/rotten/rottenApple (311).jpg,apple,rotten,local,v3_5a3fa2fdc0b84270190991ed42ecb52b,cf081bb19ce1629217f9a32a6bb227bf184199a11528a06c4ab151a5baa5575b,train
raw/apple/rotten/rottenApple (312).jpg,apple,rotten,local,v3_60b992c4f1431199fba9b7cfd2657ae0,a3d8e3d6e966cf76e7e1fb565cd242b3f707c85988dc25cd97f9901e1f638d25,val
raw/apple/rotten/rottenApple (313).jpg,apple,rotten,local,v3_ab7e47fc11078033fa0723c6d81eb527,2baed73ec7fbb0e8115d78f6adc2aaf268c73e06ecb74bdb04e4f487c7af1e48,test
raw/apple/rotten/rottenApple (314).jpg,apple,rotten,local,v3_0e44ee74b3b0170bd09432560cb66464,0474dcb2e7d05333d9b34c16a6a8042d3a48300a9e7dd2e2e7066c341411476e,val
raw/apple/rotten/rottenApple (315).jpg,apple,rotten,local,v3_ff7ca5c9bcd7c1baed901c263951d918,ca5845a6708a1883eaf5619747d488bf3bd3a004b5d8f62628fbd1b04f49ece3,test
raw/apple/rotten/rottenApple (316).jpg,apple,rotten,local,v3_11aec63c1767e728470b32e57c64be84,54999371f7f977a7178e89cd6a980f8b690a6e1c3f7c694566c709958d2954f7,test
raw/apple/rotten/rottenApple (317).jpg,apple,rotten,local,v3_e9825f94c11fe714b0f344dd8f4c196d,a10c6a51ae42513facbb2bc2ecfe8fb26c8f156d7535c606335db3274fa36b7d,train
raw/apple/rotten/rottenApple (318).jpg,apple,rotten,local,v3_0b1a42743f5552f7e55cd46b1f28a22d,1512379c1e73d7601a7c617c0686e7c559d50f7eabddccc3c6db773a2be323de,train
raw/apple/rotten/rottenApple (319).jpg,apple,rotten,local,v3_2fcdf4b0359f73c563c0437df6c98711,c3b96248e93e6702ce1114664b690f6d0989b0461785524152869e61264b62bb,val
raw/apple/rotten/rottenApple (32).jpg,apple,rotten,local,v3_7d22084352e00726001302812c4cf12e,46abfc2fd8480cf6fc73e20d386ce09141eccc383177c0bab00b716b5a98220f,test
raw/apple/rotten/rottenApple (320).jpg,apple,rotten,local,v3_ed020033bb893dda38f7e586c29fbffa,e818b890e71df06d6aa28eb746846eeb4d2baaf6843d59bbecb92c933bb788c4,train
raw/apple/rotten/rottenApple (321).jpg,apple,rotten,local,v3_f863b592492a43ee9fdcd181633f7478,39615f36e4beac25f4f76a3b85140f436077d67599b598cb8b0c2c93d630f324,train
raw/apple/rotten/rottenApple (322).jpg,apple,rotten,local,v3_ac6ad429861f1627293d07d21307a566,17f3e86ae0550e3cfd583787a939df8adcd78487ec1ba3ebbaa7b5a35d654317,train
raw/apple/rotten/rottenApple (323).jpg,apple,rotten,local,v3_327a83162ad08538d6af0f9944934f39,d06b5530d839efa577777df4a8093a0ce2fd8b43a4b4ea4d92779036c02c53a6,val
raw/apple/rotten/rottenApple (324).jpg,apple,rotten,local,v3_dd486236cce3e175d56d92b7d29a42cc,64065f4e6bce94c0db5407a961134860b7b07ff80cad450560650ec9ffb5a527,train
raw/apple/rotten/rottenApple (325).jpg,apple,rotten,local,v3_5c8c914a586d559d90034eeb28c752b6,48a09c433f7e0617935afae4ee49976ba065a94577cd31f14e6ae6763887c24d,test
raw/apple/rotten/rottenApple (326).jpg,apple,rotten,local,v3_37c060a9e31a4e661ce739a756fa6e4a,fec134ab3ecfadae14d4cf9ba8df817b9618f8e5690664debc699231c0b6d7c1,train
raw/apple/rotten/rottenApple (327).jpg,apple,rotten,local,v3_011f651b2dbaa6a6db9705f9eb786cfd,3c5bcc7f1be6b2254309bd3817f6e84a6a7749c6c22f98c4699e220086ac8967,test
raw/apple/rotten/rottenApple (328).jpg,apple,rotten,local,v3_08a676ee6227c730eea78aa636505895,87a6a5fc73c46e2ac608f1bfac317fb2e25a9d6ea330c3f60ca699c52423cc2d,train
raw/apple/rotten/rottenApple (329).jpg,apple,rotten,local,v3_279c90950ae47022db819c3f1b2d8488,8c7327904a0a6126ed11961a102ae197c5c79db1aaca34ff109a004f506ab9ac,train
raw/apple/rotten/rottenApple (33).jpg,apple,rotten,local,v3_020756166b200574e1e268cba1de831f,cc5cb1179a6b25117a3e92f1a266532222c42539dc54c366b5be709cd227fb90,train
raw/apple/rotten/rottenApple (330).jpg,apple,rotten,local,v3_beca61d0a0b9da2810d3c1030260d9c0,478b0a03d8bbc34a7436d78db13a56a6a6cc06cf0079817f765a89afbf0b72ec,train
raw/apple/rotten/rottenApple (331).jpg,apple,rotten,local,v3_8838443dbd12cee883dfc2c8e931fa12,7d7ab958506f2db8d6c630d634abb760417e407d54b94524d9b66b0329d93701,test
raw/apple/rotten/rottenApple (332).jpg,apple,rotten,local,v3_05cfcdc6c5faeac2689b7bd6a2243afd,e1ca982ada387bd9a53bd82d481447b8c280ebdfaea45c68f533a5368a4fe408,train
raw/apple/rotten/rottenApple (333).jpg,apple,rotten,local,v3_50f4e4db07f22dac25509eda299dffb3,2db735c7e3a60f2d508a8517c8e98250347ab8c772f56cfad5ae1d0544bba0ae,train
raw/apple/rotten/rottenApple (334).jpg,apple,rotten,local,v3_1cc50a2d9a84c6ee510fc2e0693dd8c2,79cbb48c4d159102b53fa680b0419d7f6cad8c6bb8abce1a34e21a9dff6fcab0,train
raw/apple/rotten/rottenApple (335).jpg,apple,rotten,local,v3_a56e86ed213e59d3104067b30939a77e,f644b04a024b461b42c887348525100e495f4abe4aa3465e320f958a181fa29b,train
raw/apple/rotten/rottenApple (336).jpg,apple,rotten,local,v3_168d9c6efc175235a64734715aa7c3ad,6f79440dc4cb48b9d9c4568b1d941d4f34856fcd0a2f63987407b335c5afc1f5,train
raw/apple/rotten/rottenApple (337).jpg,apple,rotten,local,v3_f24a3a8d7f527d9672cdd9fb0ea6021e,65e0ac394743b0285db129140d99d22233ac1b9619984806596b45e0ecb422ed,train
raw/apple/rotten/rottenApple (338).jpg,apple,rotten,local,v3_e478c214988968af71c40d51241b7412,f6c8ba686224adf06a8c918b24ba725945f5a4c54180ccfe5b0726c9e9cdd706,train
raw/apple/rotten/rottenApple (339).jpg,apple,rotten,local,v3_d4c5a43495622752068ec14d2439baf6,bb011506a69c93fc4acaec7f49e77dc8a2f548307c3a5407f8c2760023c2e781,train
raw/apple/rotten/rottenApple (34).jpg,apple,rotten,local,v3_0799d19608f2577d4a36032b3395f9b8,77dad20f7d76b8f3d54a5d19e7caeac08f6d430dcaf0959343c8d3b2e19a8126,test
raw/apple/rotten/rottenApple (340).jpg,apple,rotten,local,v3_3ec752a0bfead781e1e8248b25cd44e3,50e63dd00ca51a754f59d589637f1e939984efabf0f87fd42be80d962defdb55,test
raw/apple/rotten/rottenApple (341).jpg,apple,rotten,local,v3_9788326e8d0b73017dc6043ccb4274dc,1582766f0bb1ae915052bddbc5fd6ba9ba2b04997b7c64fb981a850621b784fe,test
raw/apple/rotten/rottenApple (342).jpg,apple,rotten,local,v3_9b27bdccfb90b77b6d4d512decdbf976,d84a42217729f890410ca5187022768ce4c9e6e5ac9f68c080c0806e40dda629,train
raw/apple/rotten/rottenApple (343).jpg,apple,rotten,local,v3_7f5fb849d0a63ee92b3062efdf974fbd,87bcc3d809a9557224248014a171a214602012c7183291cf82f2db5189eb4004,train
raw/apple/rotten/rottenApple (344).jpg,apple,rotten,local,v3_8b3cae6681ec96a22496db042e114b4c,c7d367df3f8d9b02bb24568f3b36ef933dd23cf3d2054e882e75af4320747d46,train
raw/apple/rotten/rottenApple (345).jpg,apple,rotten,local,v3_d9e59b2b76f02fd78b6978bfdf2b3f21,ca6fbb5700007f3950961d3668658a3ed05205a3f7c6c1c92ce5f80f1c114d77,val
raw/apple/rotten/rottenApple (346).jpg,apple,rotten,local,v3_bbd69f127e956e56d1d33cabcbfbfcb1,65c44bef6b9d546a0cfd274eaf33ee2dab8eb671f59ff22bf8859285e165f155,test
raw/apple/rotten/rottenApple (347).jpg,apple,rotten,local,v3_12834b2cc6bd7e02d5ebe758f11bfb4d,69fd2da7ace8e0eff3f932ec9d665bde0afcf313e4a4e8be615f9992f040a080,train
raw/apple/rotten/rottenApple (348).jpg,apple,rotten,local,v3_a3149a8d1c32447ede24f235e2381f8f,dadf97c30aff86b4b0a4859bb8b96bc4b6e4be2687e339a6bb42b5c92b4356c8,train
raw/apple/rotten/rottenApple (349).jpg,apple,rotten,local,v3_220b6df555f78a4e1935ed69f11e316a,f73d482d8a89fbbc6d5719c3e7b68845c328c8c758768a8eca1b66fba35e55f1,train
raw/apple/rotten/rottenApple (35).jpg,apple,rotten,local,v3_77f410d4f281a5598084e6329da7d602,8349c6fe513f780f0e9222bd7a4f9b26471e00475f9e3fbb23fb5665116c3532,test
raw/apple/rotten/rottenApple (350).jpg,apple,rotten,local,v3_117ef79121af4312e924ae358726fbb1,01f1447e06199b8bfbb2790a8f932b2cebf826095baeb45f98a83e2c8b11a2ee,test
raw/apple/rotten/rottenApple (351).jpg,apple,rotten,local,v3_99ad344914093c252b7dbbb6295b6f95,affd83cb5e3e003ebbeae05863198396db816f48f55db05bc28a0fa9019f01be,train
raw/apple/rotten/rottenApple (352).jpg,apple,rotten,local,v3_b241a7ea1fff74239ec4d54c067e9483,96aa9b2e8746a10c3c4be39193b04a946884a56320f2b4fefe45c445115c1be7,train
raw/apple/rotten/rottenApple (353).jpg,apple,rotten,local,v3_aa532fe0e96e4c006a270cb538a3d07b,f66ce8891062754602a3aef08608806d7ee7e5e4f0384001a6745ff5e7d3623d,train
raw/apple/rotten/rottenApple (354).jpg,apple,rotten,local,v3_fa59c6d5c5bb3f3093b5164ca1a69377,8e285217b6b109a9591b0d5dff22c7137db65ea73e41e6d43468bccb9660fc79,train
raw/apple/rotten/rottenApple (355).jpg,apple,rotten,local,v3_be80755e6cab58780f594fb6669cfcda,e7a8520eacc682d9a55fa91ae98260244e16ff283a568467be85d6ffe0e4a371,val
raw/apple/rotten/rottenApple (356).jpg,apple,rotten,local,v3_92db5d510f9bc780e72d106e2f974972,edd7b0f81ce38b753ab8d2d87333d99af1e20f2b5019f7b649cda4e31a90f1ee,train
raw/apple/rotten/rottenApple (357).jpg,apple,rotten,local,v3_4ff76504944caa68870902e3c1f86481,feb8f4ad9f48e48d9fededcf3d161bf57136f38eee314a919e6fa182fc558dfe,train
raw/apple/rotten/rottenApple (358).jpg,apple,rotten,local,v3_aa6c8f498f990cc2a2fd5ca05d2b1965,99fc5ddf72ccf41af94a892c90a4dcc70df1156a0202c8d9187f1c67471ce7e6,train
raw/apple/rotten/rottenApple (359).jpg,apple,rotten,local,v3_cc39dfb966e72f62d59d691ece917ea4,626dff0e78472408fd547d491662cd576f064bb894702ceb30aebb1163bf35c0,train
raw/apple/rotten/rottenApple (36).jpg,apple,rotten,local,v3_e2d927819473c12264deff927a0bb8b8,f0aa96ad633434395af54ae94d28796a3e396c434c9a7b77c780e5614a523cfa,val
raw/apple/rotten/rottenApple (360).jpg,apple,rotten,local,v3_0a571504cb9018f41d412a74785ab1d4,2bc83c61c51d17645c17170f4b898cebb35dc4ddb46c6c801910e2c77f36f047,train
raw/apple/rotten/rottenApple (361).jpg,apple,rotten,local,v3_4cd225ab6f74b3b5b17843deb88e584b,36f04f0caee6ceafde1efbf278a61435552f004457e3da265e4f6cf6425033cc,train
raw/apple/rotten/rottenApple (362).jpg,apple,rotten,local,v3_65b75246ff1bd9ab4ffde3688adc80fb,71cc125486971f65089edb190de47ab81a20ec88c3cf582106cd0a51ea196570,train
raw/apple/rotten/rottenApple (363).jpg,apple,rotten,local,v3_60240e71441897547674219eb8d80cfc,33dc070860e712b96e547178d663c8401acb970af4ccddf4a9f632d661407972,test
raw/apple/rotten/rottenApple (364).jpg,apple,rotten,local,v3_46680ab9d59a48084326981c8d3bcd70,318ef1dc1919a1af2c8e5c66f64e342a484b332d5d69363d5ce0b2cdce1a4c39,train
raw/apple/rotten/rottenApple (365).jpg,apple,rotten,local,v3_1d03d351c0e14fa1faa741ccf0dcdd6e,f60ad61deb903f1588328691668edf5a3581c9e17efddc0f8e655bfc177fac91,train
raw/apple/rotten/rottenApple (366).jpg,apple,rotten,local,v3_e304e488d0989078692231aa1fc013e1,04352ec9f176926a187d82b6828fcb98f0e6afb6a485b6b9cf3f41c770760b04,train
raw/apple/rotten/rottenApple (367).jpg,apple,rotten,local,v3_ea33d289b7f344b4ada0beb81bae321c,9c283d27bd21a9e4cf2ea0baa07ae7822d6b2e3e10012a72dbc63b9229f90a75,test
raw/apple/rotten/rottenApple (368).jpg,apple,rotten,local,v3_2cab6ac666583d466861269b1f08ea4f,67061a88aba47038ac67d21f9f7aa68de236cbde200eb9baae1f6fcd99ba0d1d,train
raw/apple/rotten/rottenApple (369).jpg,apple,rotten,local,v3_0bc35b3f9d3f63fc61e01e93ac5e1880,b6e34af52decbfe57cd19b3e99b51c8261fcf77195ec8b512b62917d69c5c983,train
raw/apple/rotten/rottenApple (37).jpg,apple,rotten,local,v3_9bcbb7430a0c68a17c60cdfdd9392525,45e21b2cf4406f32ebf5090d19ccf6cac9797ff64bfa2da8a8a6b7adc4e2f92d,test
raw/apple/rotten/rottenApple (370).jpg,apple,rotten,local,v3_fc2eb6baa0beb268a0224014618d25ca,d05b369c054b49c1f8ced7529aa715900578b04e12b8e3334728ab58ac4ffdff,test
raw/apple/rotten/rottenApple (371).jpg,apple,rotten,local,v3_b403a2f468b8372fcbe2bc5e67eedabb,00151834d0546606437f46c19ebcc141a24196d796a511cbe0bb9f768b602fd3,val
raw/apple/rotten/rottenApple (372).jpg,apple,rotten,local,v3_53d3e4f21e01f0a94a85f58b6c50021b,5c1e80153c04324dcc6ea5cbc8b1dbcdd34df9bfad9a283d436eb9215e9757bc,train
raw/apple/rotten/rottenApple (373).jpg,apple,rotten,local,v3_21edd816fe7e7e6385c43e5349feb2ea,e93c4d149095c4940d62382705ba22c10afa62ab344c907a76b05090d0ede367,val
raw/apple/rotten/rottenApple (374).jpg,apple,rotten,local,v3_9637fd64f96905e61f1d2185b18dfa1b,f98e6831722612a241b6491603465848dd1d7424cc4c715479d1537e66c79a84,val
raw/apple/rotten/rottenApple (375).jpg,apple,rotten,local,v3_111fa41d82c1c44e1ee97006ed837dc4,7ae46ad2fcc218eaaeef82c12462b76f49c8be2a14f4718be07125f69d0dbbd9,train
raw/apple/rotten/rottenApple (376).jpg,apple,rotten,local,v3_9e5c390d54df9389457d00242b425205,d2417e317104bd7681e03af5d8fc5c6fa4084534f8dd11cae1b967e26722cdc7,train
raw/apple/rotten/rottenApple (377).jpg,apple,rotten,local,v3_1c9df7005838c5700684144743775f15,c13cec9ad05d020711531a6ea81e1f695404e2db0567349794de387a1ae45627,val
raw/apple/rotten/rottenApple (378).jpg,apple,rotten,local,v3_a737db30898eaf31154eed04a39a19dc,697871fde777cf16c15247e22d3227dfa3fbf118813b5aa7f7805f57802308c6,train
raw/apple/rotten/rottenApple (379).jpg,apple,rotten,local,v3_feb671d401368940123a99224b2fe905,34e48556d3209df5e39066ffdb1c9af86d13633a144a4b13f43f2d08b66d5820,train
raw/apple/rotten/rottenApple (38).jpg,apple,rotten,local,v3_440d2da0a74a1608d7e4e0e36efa4455,90e5cdd746abd3449af245ff9af185861626fe3bf76379fa8763324cf4b3a730,test
raw/apple/rotten/rottenApple (380).jpg,apple,rotten,local,v3_f1708f23aada5b181692d8bba5f3d501,ad8e02e505c58de33c1f67deddb60a2ad8393553aeea3fd99508e1b626f975a6,val
raw/apple/rotten/rottenApple (381).jpg,apple,rotten,local,v3_04c96be2de98e73a6fe439689b0dd900,2d4940136a1ebca74824eab6cbc1a669175abb625d87de39874bac99891d567b,test
raw/apple/rotten/rottenApple (382).jpg,apple,rotten,local,v3_498bdf5f98dc963607e0b59bd52df4a2,1d68cb4fdb924f15e87494fdff966cf5e93bef4a77a298e80a5818ce4831cda7,train
raw/apple/rotten/rottenApple (383).jpg,apple,rotten,local,v3_508e1bf761100f780035ec5827b2f60b,fdf87867a9d8a86d6766c5fe30ac0538244aaff44c0cb5de3c536b581e4c2ba4,test
raw/apple/rotten/rottenApple (384).jpg,apple,rotten,local,v3_92d00455a30db04bd9e2399dd4e44502,3c271f762be8418ddbf89c80067bce25e81bb7aa59a93c45b01c61785874f52a,test
raw/apple/rotten/rottenApple (385).jpg,apple,rotten,local,v3_f233fd4e8c8a81a3bb62cb7c83e1116c,b6a55edeeeb8f6c55ebe7353e960515628adf459713ec173e9977947c1883149,test
raw/apple/rotten/rottenApple (386).jpg,apple,rotten,local,v3_72b41d12b27c8eb0de6f89b1f72a2a9b,ee43969c05c6a7d7bf5eb611430ca0ce08e76153ce2edb5e5f4af19c06930346,train
raw/apple/rotten/rottenApple (387).jpg,apple,rotten,local,v3_4775e7fecbcbb1e2726f79a7b3d4bedf,77cbc32a28719eb6a791d0441870ca53a83663c8264f7475bfd978612b35f6dc,val
raw/apple/rotten/rottenApple (388).jpg,apple,rotten,local,v3_4afe491b05c7bf90ca0c376cc5248d8e,16f59d74588fa3efdf6becb1582f8800a9ae7541aa6e992f4ba3f41404b84626,train
raw/apple/rotten/rottenApple (389).jpg,apple,rotten,local,v3_090feab1ce95fefff28c40774244e124,b76fbf365d12a208af5388ad7078b1c97c9f9ca24e7c2c1472f3d6ebd7b14d48,train
raw/apple/rotten/rottenApple (39).jpg,apple,rotten,local,v3_2d45901b87c785f7f01deb2ae8da1cfc,014764156b6e7655108d71a0ecd3706cc7fdf407e17adab103fc3a3fb1576cf2,train
raw/apple/rotten/rottenApple (390).jpg,apple,rotten,local,v3_b98dc2e50d0f28d3320bddf62fd3c3cd,c4d808d068536e64d557832b338f3e606f4b7a5c23aedd28770a7b2a22a12a02,val
raw/apple/rotten/rottenApple (391).jpg,apple,rotten,local,v3_126ee649e3a2cf5b185044d44bcc4198,85babba84e157d0958d23dc9a0e46ed97d5240459ed0130932974362db310ee5,val
raw/apple/rotten/rottenApple (392).jpg,apple,rotten,local,v3_643ca4b7effa7dbdd5bf899790ae196a,565d591300517a26a97de17bf5227cf130adbba2f6c15d7050499b82a6e0fd98,val
raw/apple/rotten/rottenApple (393).jpg,apple,rotten,local,v3_6909a52df656de81bcd7a13f6e20c55d,e5fc0e8d98ee030f2fa422b4662335850bf275e7d28da076a001b8f741244c31,test
raw/apple/rotten/rottenApple (394).jpg,apple,rotten,local,v3_66764fff75cd43774ca7a0ef75e8d1a4,b80fa0eae4c53d43754006c6c4f744c972d13befaebf0fd44d8a25ee6b5cd27b,val
raw/apple/rotten/rottenApple (395).jpg,apple,rotten,local,v3_cef1d1d34ce03cf59825c82152e70e20,a326fe8b630307703056a24a3b30e9de57a0e7ec252e2500e18e4dd2c5885b99,test
raw/apple/rotten/rottenApple (396).jpg,apple,rotten,local,v3_b25057ad432d8dc4dc7b6e8c47fc3741,ed3addb5245c381c1a9ba63e7ec905b58b11870394e514aa86cf5cb07c26bf6b,train
raw/apple/rotten/rottenApple (397).jpg,apple,rotten,local,v3_7188fd577affd6c57f9725dbac2e8876,9db926c8a9c5a4ee222ab912542a7495414f1e8ec119a7cbb8d3f74c67c61bc7,train
raw/apple/rotten/rottenApple (398).jpg,apple,rotten,local,v3_c8cafd6bc9dfa3390e4903ab5aab429b,bb7527cd191a0301204f734f981ab9c0bf4db4cb8c58917b4745c0214ded3f1c,train
raw/apple/rotten/rottenApple (399).jpg,apple,rotten,local,v3_83a52c0dc9688ab0c25654f7a0bfc1b2,82aa3ec39ba6fa63caf650e51463613834644c8f5a9e093fbd1445de9658fecd,test
raw/apple/rotten/rottenApple (4).jpg,apple,rotten,local,v3_9c0bb3c418fa8815019959dcee513dc6,a95498c1f5a5aa1833d3908dd4422cd886603fd593dccb8b96362140e307fc89,train
raw/apple/rotten/rottenApple (4).webp,apple,rotten,local,v3_9c0bb3c418fa8815019959dcee513dc6,dd78f97c67821c582ba3fda0f21d56fab429878d7fd40cdb3b21e6ad84f7651f,train
raw/apple/rotten/rottenApple (40).jpg,apple,rotten,local,v3_864a928656e98f98766f002eb0d475b6,04e1c22ce83f990cd006ceacd5561cf4b51b19f2391b16982bc155c175ac2f50,train
raw/apple/rotten/rottenApple (400).jpg,apple,rotten,local,v3_13b5bd13e94299170c7fb83c9e8a5936,f2b9a045d0ef6578257227c45076364948b1c949ff04ec4eba7f05c09d390c17,train
raw/apple/rotten/rottenApple (401).jpg,apple,rotten,local,v3_01af03145fbbc2e9d00194d7099fdcab,a7a27b2f49f4a5a1ce1a8a8d8af67ad3dc056dba0b445251a96871c94a4e6a4f,train
raw/apple/rotten/rottenApple (402).jpg,apple,rotten,local,v3_4b5e2f4722f3f274b2a043df61141934,8d18a7c403f88882e92e4ffa20b97c75cc44c1c56f0a5e0a2330c6e62b2289f0,train
raw/apple/rotten/rottenApple (403).jpg,apple,rotten,local,v3_fd870e48636c4be7eeb168f27659126d,01621ffe1965e4517cc3055fa381526102897e91a3e95d4ab1cfae50b469f395,test
raw/apple/rotten/rottenApple (404).jpg,apple,rotten,local,v3_189824fcea8b5510f2d0bcb5249bc607,e73ca524fb157474020ab702b3bda25e9a3cfe444fae37eca41d0fd9a3a767f8,train
raw/apple/rotten/rottenApple (405).jpg,apple,rotten,local,v3_0e40d5dc9526c8ac0d11beac1d7d98f7,1860dbe3b7d826193068530597ac9dcdeaa0a66bad6d1d512f60e38496cc8752,train
raw/apple/rotten/rottenApple (406).jpg,apple,rotten,local,v3_63b632dc294e3ece3787d89d52b92b31,65e239282dd61fd5c0b6cc8fb0ac1991f5cb7e99dcdd58fe714a4ab70eb93e52,train
raw/apple/rotten/rottenApple (407).jpg,apple,rotten,local,v3_615f499ad740aef50fdd315f9f831ec0,a31ce14558c657bf2840252b3e32cabd7663acb41e949421aecb71dd0346c827,test
raw/apple/rotten/rottenApple (408).jpg,apple,rotten,local,v3_3e362d119417d628d7aa013146887cb2,255e4d2756241b300dc85a3045f9b5e7a3810702d8a4a1523786fac02e6c54d5,train
raw/apple/rotten/rottenApple (409).jpg,apple,rotten,local,v3_a3269b43c7c2bf8d7ac7f3976ce0cfa7,bf454a87cf6c4c7b3d1bd55847ea62286820846e35106e91a750ec86db00ee6d,train
raw/apple/rotten/rottenApple (41).jpg,apple,rotten,local,v3_99f1272352c92f3d7c4b1d13bde1ded2,468089485a032454826558f73ccc0d82b6772b64b41728c80ee159daddefd044,train
raw/apple/rotten/rottenApple (410).jpg,apple,rotten,local,v3_a120709fab71e16d236549bcde48b27e,12ac691779a7395f574c33d7a622ab5e1924df782dbf282b7bf7a4b1673d7e4e,train
raw/apple/rotten/rottenApple (411).jpg,apple,rotten,local,v3_002f59bee8988cf3121488c6c15b8415,f58b8eccc600a6be11f342189eb80ca88aa2943c2e43bc0009e1185b5d82e716,test
raw/apple/rotten/rottenApple (412).jpg,apple,rotten,local,v3_9abf965ce7017be3715ffd5e224a0459,4e0a839518beed09cc314f6b5a31a8d9c27c1c6c9e9c6ffa24810b8b7592c5c7,val
raw/apple/rotten/rottenApple (413).jpg,apple,rotten,local,v3_52c5e67208411bdbc48ff4d0b9bbe587,5d3129662dbc7a4c72945fb53317ad950de60b730c8d18f3e2b98767e6100682,train
raw/apple/rotten/rottenApple (414).jpg,apple,rotten,local,v3_3249b20fa7189b6b8f9bbce5a63a732f,cdfab13191562fcb4400a0b6259dd325c23012b9c47cca219d9f6aac45226194,train
raw/apple/rotten/rottenApple (415).jpg,apple,rotten,local,v3_852ddd765c1f90185480657c5fac0701,6de29027c83cb2a839fe1fd70d435c338454af470ec65845848e2e041fd68639,test
raw/apple/rotten/rottenApple (416).jpg,apple,rotten,local,v3_9d2f8db9e36ed9f96aab939476974a48,251f57c03124031ba55e1aea76c8a9a1d680ed680a067212d780d601c08991c7,test
raw/apple/rotten/rottenApple (417).jpg,apple,rotten,local,v3_44f45a5e41e104c836a130280e314ca8,279f5178d1e7700335cf336a35d76f40299d0f4b27e359fba2577e2fa794d188,test
raw/apple/rotten/rottenApple (418).jpg,apple,rotten,local,v3_4ec2c099f88088d432324cc0c731e100,5ba2f29d25c10e7173d68d2464504b1f17461fc9dbfaf8d852e38cacd117a933,val
raw/apple/rotten/rottenApple (419).jpg,apple,rotten,local,v3_5cc2e5d470d4dd09d873406f734efbe7,549bf18c3d97d3d10ab924703f08a6634f41a160ee2733916f0ae1da3b3ab247,val
raw/apple/rotten/rottenApple (42).jpg,apple,rotten,local,v3_18f9eb11d0d2d55e7a9f7f3e8340881e,1354927084f4d242876b11d30d44adb95c7d0355bfc542ffd0649875e1fc0c6c,train
raw/apple/rotten/rottenApple (420).jpg,apple,rotten,local,v3_2aef7b2d60ff337e4635354389020df1,d0fab22bc4bc8b9e66d3666b6f49dca84d38c3be727faa8de95b9d25b636b7df,val
raw/apple/rotten/rottenApple (421).jpg,apple,rotten,local,v3_8d040bdebe8ceb6bac74979b730b283f,157be56bf94944cd0cafe7adc987f3748f7518f0475c1a385e9c87a42e4ef0a6,train
raw/apple/rotten/rottenApple (422).jpg,apple,rotten,local,v3_ff4ebbf12b5ceda7a4eab85e60de524e,55cc43642a7b20cf99e0cd5a994e26b0d7f8cd45001d50a4bca1c63e383d6ce1,train
raw/apple/rotten/rottenApple (423).jpg,apple,rotten,local,v3_63e47110df605b8deba8be30689e8e1e,a00e9cf397d6cfc9510e8ab7b5fc2c28c576478762242f4f8d03d17080209bc3,train
raw/apple/rotten/rottenApple (424).jpg,apple,rotten,local,v3_0a629efcdc4a3ca9497103425c7ede1c,2b75b29b248a25d336b15fb9ec7e86357bdb97465db6297802695506d396d42e,train
raw/apple/rotten/rottenApple (425).jpg,apple,rotten,local,v3_c710d9f43053ec0ccd4b2157b70ec272,01e5e9340c86647740708bda26829aa4ecebc5b3c2742a06738b4cef848e9105,train
raw/apple/rotten/rottenApple (426).jpg,apple,rotten,local,v3_dac416e9e3263184eb5fe5b633826ca5,9a65289f7ebf11c1f62832dc9c68f937ae7348b2725383b47015db72fe5d20e5,train
raw/apple/rotten/rottenApple (427).jpg,apple,rotten,local,v3_ace5ef37f96b54b7f8e71a208524ef17,28f3f290993a3876cf0520bb8203af00f69790b8ea65162a167cb7541c643936,test
raw/apple/rotten/rottenApple (428).jpg,apple,rotten,local,v3_e3e2bb48946355de117ef63c577603c0,4de97b5a3ff41c5ffcdeef3dbb7f89f7968c875d77e8028833436d6c97876ab2,train
raw/apple/rotten/rottenApple (429).jpg,apple,rotten,local,v3_63b632dc294e3ece3787d89d52b92b31,d0eaaf100688c0a274e4b8ea34ce6a623c02c68ea6dbdfc48cafa10b88e152e9,train
raw/apple/rotten/rottenApple (43).jpg,apple,rotten,local,v3_a2730062bc2df733651d7be293c1d577,634fc17469b3da75c75a6cb16dfbe1b4f54dec0e017b8025d4f1afffac37c274,train
raw/apple/rotten/rottenApple (430).jpg,apple,rotten,local,v3_a106a7ac848e49b80d21d6563ef7fead,d36c96fab95721c6ba5a5f7a79a968ac8f2e9db8b4160b4769b273a5242ff39e,val
raw/apple/rotten/rottenApple (431).jpg,apple,rotten,local,v3_45957b0627f964c4bc6cd15d9140ff0a,0c3a927cbe3e56e82f030e91dad4f93593b864e41ea7fccd9c7cca6b52792680,val
raw/apple/rotten/rottenApple (432).jpg,apple,rotten,local,v3_a8169d51826738052fb1438807dcaf05,4b61f342e9e9cb0ec0418d22a019b2af46f983c198f3d73b144cfaa174002681,test
raw/apple/rotten/rottenApple (433).jpg,apple,rotten,local,v3_e13d0b7d990645668a2689359c6655cb,fdc39d6e0fc6524b2f1217c85346879750f202b1367cabf0d261796159104036,val
raw/apple/rotten/rottenApple (434).jpg,apple,rotten,local,v3_fabd92098508703adda29c5c0d6ec915,327d239759948e2fcbfa824050e57b2f1a2a517755b2a7483398fde00c619bae,test
raw/apple/rotten/rottenApple (435).jpg,apple,rotten,local,v3_49ef01ba92709c8941d06ebda908e1be,a8c64ef405e5a7d44345fd8e070fe62c3568952db4e709efff5e0a713eb1dfd9,test
raw/apple/rotten/rottenApple (436).jpg,apple,rotten,local,v3_c80ad58e391eb99cbbcaf0cb9bf60b8e,b29f843cab3324d3ab4d8ac2e5eb2f8ccaf0c3894d0399c9157e7d2e2952fbfe,train
raw/apple/rotten/rottenApple (437).jpg,apple,rotten,local,v3_73e191a1227e0a678e43199c6ba7e1b4,ef4823a2aa1787b2f4465bbd9e9d44346118172f1eadbce0d811c28b79bfeda0,train
raw/apple/rotten/rottenApple (438).jpg,apple,rotten,local,v3_2f92c9de0c5eb5c38914dd27505dae7a,4ec5f6022506d2e8404fa54ae12163a3f9c37aca1bd08bf9357d2b30ac073b45,train
raw/apple/rotten/rottenApple (439).jpg,apple,rotten,local,v3_7ff078afb16a7f8074ba4b924d15b14f,37c76cec9af99d4201946874a7dd8299113be6d6483db0a504ea2681f47e562a,test
raw/apple/rotten/rottenApple (44).jpg,apple,rotten,local,v3_7f9dcb44db4dd917920a5dbfb8352fd8,ca926a1f65271da2b6ca6b358713dad42e037acab1898198886d98e458cea2e5,train
raw/apple/rotten/rottenApple (440).jpg,apple,rotten,local,v3_88f98c7d2d5ee2b32d9c281849bc62b3,26c0905f78a87edeeb00290d3eb718c9f87fb9aa2d234da81fcf527d4eb1887e,train
raw/apple/rotten/rottenApple (441).jpg,apple,rotten,local,v3_9c2b7fc8fe83b4b817d557abeef95644,09ca837904b0ec2040867caf96a4e38b861712d8ce60b4ecc0d3251c6d349862,train
raw/apple/rotten/rottenApple (442).jpg,apple,rotten,local,v3_3d4c3975685f176ad5ebc4ddfa210ff0,5a2a9fb382331145402d2b23d7494e0c85bfdf6a4c9d4e9d73882ef00e700294,train
raw/apple/rotten/rottenApple (443).jpg,apple,rotten,local,v3_b516c3c6a3ee96e9d9f79fea06af4141,6dca6d235f175eb9137f94ab8fa0c61731f65d188b524c6d8a1ecaa01bcce44e,train
raw/apple/rotten/rottenApple (444).jpg,apple,rotten,local,v3_5360e914d5692614ff7126bd009df492,75f92e303301388f4846498fd6f4e2f91968b6b3205bb0fbce4993ce45af3914,train
raw/apple/rotten/rottenApple (445).jpg,apple,rotten,local,v3_75c414166612e7d040ae31d0b8ded546,597d56cbc6da4ee8029b58290e2d67295a76b84e55ea0a5a0eb7166eadc64714,train
raw/apple/rotten/rottenApple (446).jpg,apple,rotten,local,v3_d16a83c4996cc2cf645787557c7d40c2,8f7644bbd86736132e336e32e3062b5b69328fbd6a8f008005c2c5b35b6e6873,test
raw/apple/rotten/rottenApple (447).jpg,apple,rotten,local,v3_d165a0e4e094a284f6896a55b1968bcd,5d16860ad3054e9271a0ec168360934f8616819fbb89daeeb60b1003379ba8a9,train
raw/apple/rotten/rottenApple (448).jpg,apple,rotten,local,v3_b6331ea3b7f955ce2ee9843a9b27d03c,b43d41aa13ad88b065734719efa84d5d56eb753562668b2d065bbe55bfd6f799,val
raw/apple/rotten/rottenApple (449).jpg,apple,rotten,local,v3_52edbfa659d1e7876e3d3b68a4530613,e0d32a13ff59d7150faf2716811dc6704119115f5c1670c1940cd517c0f51c4e,train
raw/apple/rotten/rottenApple (45).jpg,apple,rotten,local,v3_266dca35538788bfd44e0fe1b4ceb531,860289106d2071bc726e421f39e2808a70378ab9b1d583442aad15ad3d85abdc,train
raw/apple/rotten/rottenApple (450).jpg,apple,rotten,local,v3_dc23e34b6b0646c703ee28c501290f99,326b1603f056be4cac91ac6f7da5f20ae797b6423ec34b1019a07dc4da1ad62c,val
raw/apple/rotten/rottenApple (451).jpg,apple,rotten,local,v3_770ef82d038a54b119b9478f4f18358d,82e61f8e0d0f44576cac5b404037ce7bedfcfce7d106dc6b8400683a71f92017,train
raw/apple/rotten/rottenApple (452).jpg,apple,rotten,local,v3_10dcd2ab836b647e32265235ad6afffe,37f0250357004b0f818c16a8e4f09582b059fe21e5a209ab94799955577d9a92,train
raw/apple/rotten/rottenApple (453).jpg,apple,rotten,local,v3_415a74e1030452153b030adb9d9c961d,1387c95e9ed24f5a29896a927515a4de6c168d96b247631fe09634ae3a1eb4a0,test
raw/apple/rotten/rottenApple (454).jpg,apple,rotten,local,v3_0429d22ecc52a44334d68ff9d9bdc89d,df23b3a9a9082fcbb26bcb550f1001b9ec2ac41b8eb78e9749f369f5e798bb3d,train
raw/apple/rotten/rottenApple (455).jpg,apple,rotten,local,v3_9914253f3cd369658165912856ddc53e,14ba4eb6b52b7a9ef42a845b7fa87f8b22cc764b52f5c85ce5618261768a49ca,train
raw/apple/rotten/rottenApple (456).jpg,apple,rotten,local,v3_ea174e62a1df5df17debb3b885ebbe43,69f7b2319660b6add966b4cb205c258d4489c41cd84c867842470a852572d820,train
raw/apple/rotten/rottenApple (457).jpg,apple,rotten,local,v3_500d0279fe0064e13a147d47d1a9c223,a2227414fa20291a95d0c981b11aa04d33befb94b369593917d1fd05834f82ad,train
raw/apple/rotten/rottenApple (458).jpg,apple,rotten,local,v3_4d543a259bed986263476d406426d1b0,29feeac8855021c425c71770958679e6ffe7cfcd7958edcf256028abdeb7d686,val
raw/apple/rotten/rottenApple (459).jpg,apple,rotten,local,v3_0b1ba8a54fa90dd989e5a19588a22996,a74e6f62dbbe52948911e91bd4a39c153d48c0b090c77487fc717e4e594e4624,train
raw/apple/rotten/rottenApple (46).jpg,apple,rotten,local,v3_900fbbeaa1a5d35f992408406581243e,c95276a6dccd165f2d1daea40ea049a03ea86764720f500db1b41e5d3ce81c47,train
raw/apple/rotten/rottenApple (460).jpg,apple,rotten,local,v3_6d4db1b1cf79ab5ef6524c6a14127fd2,994cf315faeedf5617cb8e93d1c4b2bb0ab0919f6286c527854dcc1a1d07d3ec,val
raw/apple/rotten/rottenApple (461).jpg,apple,rotten,local,v3_eaba93df2c0b3e5468dcd28226ec4fd0,1e08d6495092782a1a7bce6567f542ab63b2d1796dd9cb0be853357423c11c88,val
raw/apple/rotten/rottenApple (462).jpg,apple,rotten,local,v3_e8c6e4b70809f7418b444b83f10cb4e6,7dd3d91f3d408e41aa625a3f584a421f7a7cbdd77ef6f441474e8a6692116b63,test
raw/apple/rotten/rottenApple (463).JPG,apple,rotten,local,v3_23ab26f948822341677da1a51f451dff,ff3a2ea6bef2ae49352def706b662f1eb6ed247d1be556d98cfa379b9704d6e8,val
raw/apple/rotten/rottenApple (464).jpg,apple,rotten,local,v3_18669eedcc5b3dfcb0d07e22f7b968f9,e17a2999d57d1869f625a81f4a4505960e033ad1d7d3071945fc2e420262e11b,train
raw/apple/rotten/rottenApple (465).jpg,apple,rotten,local,v3_f434041964eb7dde21396152db291c04,cfd4fec4669144e9d1460eafcdebb167d585811e70cbb4d17c0aa9507bdc7d03,train
raw/apple/rotten/rottenApple (466).jpg,apple,rotten,local,v3_add70c116edcfc8074dfd0b184f86907,6c8aaf1abf6e6ef01d726eb43f5c8899b86395521099fdff24f25bdbc269314d,val
raw/apple/rotten/rottenApple (467).jpg,apple,rotten,local,v3_e55f7313514735882153863dfcfe172a,0f1efa291d2e2eeb1c4580b62307aff3e28457303790c3deb7f1a91b9075b09f,train
raw/apple/rotten/rottenApple (468).jpg,apple,rotten,local,v3_e297cbcc31c781d5b29bda9818e39bd7,00ca08e8f7808cfa60ccb2b74821e4ffbcb52e9480635e86a5c118e8fe48541f,train
raw/apple/rotten/rottenApple (469).jpg,apple,rotten,local,v3_a17c2993e4dac172fa06c1f78831d449,12f9bcc91cc9c0dbca7f0f90cd98d656e42757b297a6c65e4c02d45ffd0c6077,test
raw/apple/rotten/rottenApple (47).jpg,apple,rotten,local,v3_7ea4b351d7ac1c039493d05f8cfda17e,a993d62b96b075bbdd2da83e3527f4488df9bd4bc97d6ec8e80281261047d0b7,val
raw/apple/rotten/rottenApple (470).jpg,apple,rotten,local,v3_aa24868625891050983f115fe2023fa4,b0c106f81eeb2ae66982dcf87438820df1da57ec763d44570ebbdec90e835828,train
raw/apple/rotten/rottenApple (471).jpg,apple,rotten,local,v3_dfb86a172c0860264065c55fe38e49fd,3266aeb9e79234291769c25b04a001a6a1d5b3c3c55e4edc2956bb249e91cf5b,val
raw/apple/rotten/rottenApple (472).jpg,apple,rotten,local,v3_dcaad2de0505e0ca8b82ca6998d17095,7c8a515ee1653379148728f67811a538ed265e2e7b7244fa17a19aa272df8898,train
raw/apple/rotten/rottenApple (473).jpg,apple,rotten,local,v3_17a8de6860b9034f42767c9c80e768ae,b469ab480f3d11c871169fa59faf646b7ca7c1b38b233527dc0b33b2468d9d8c,test
raw/apple/rotten/rottenApple (474).jpg,apple,rotten,local,v3_10cd21398378b24646ab9cb7249ca092,df0995ad464e66fa0052b4cc678bdcbcb97da123f3368442bfedb1a172b3cbda,train
raw/apple/rotten/rottenApple (475).jpg,apple,rotten,local,v3_10033e4bda23aad0d158b74eaad9de86,cb6dfb308de600ecabdb2cd80436b4c46ebee16202ec820e80cba8542319ccb8,test
raw/apple/rotten/rottenApple (476).jpg,apple,rotten,local,v3_aa8dcdf71b10ec08eb3d94a66e3ceb92,5ebba89ea0bc1db235d29b42733d3d589819a9e3eb8c58aea01505fae3954090,test
raw/apple/rotten/rottenApple (477).jpg,apple,rotten,local,v3_519f24d3bc6737521baeecf31726cc4e,75f2845a028f4708729728536471b04b5ee8419bdf9577f89eb53b941c50c3fb,train
raw/apple/rotten/rottenApple (478).jpg,apple,rotten,local,v3_57b220b79f48372b2eb86d88235fac58,2f1375a59c92e1087c550c3523a34fb60b196a836c57eb80495d889939ab821b,train
raw/apple/rotten/rottenApple (479).jpg,apple,rotten,local,v3_c22b6431dde129331f1f7137dcf584c2,bbc8a193008b8e873967d150629911f245e9a9ea4f118e2a7cca135ed0ceccf4,train
raw/apple/rotten/rottenApple (48).jpg,apple,rotten,local,v3_7381aab22f429727e066a024afa9194c,85de8588e74a4aec4c37c0c4d5c3c75d34b8815dbf3a40da4ea435d48616338f,train
raw/apple/rotten/rottenApple (480).jpg,apple,rotten,local,v3_3c98b22b110a9cce57db398ff145ac72,984ef281398804138957b5d3290a9e7985e97fe7f2965ac8c53d5f618a0f298c,test
raw/apple/rotten/rottenApple (481).jpg,apple,rotten,local,v3_71e45ead8ed2fbf54481c63c27beeb2c,87a4aa965ae7344571f1d71d1b57f3b1f16d27eb91856a6cd6ac10af2c4c125a,val
raw/apple/rotten/rottenApple (482).jpg,apple,rotten,local,v3_500d0279fe0064e13a147d47d1a9c223,6bffaa7d964435ac58a8a75d7580192a4024f61e7aea7ea0e22466c1ce4a6804,train
raw/apple/rotten/rottenApple (483).jpg,apple,rotten,local,v3_10033e4bda23aad0d158b74eaad9de86,af541301302d606517584037c5429f912d9c7bf2729e54702bab2193dc7821f5,test
raw/apple/rotten/rottenApple (484).jpg,apple,rotten,local,v3_8addfb8721d7a3131f5ea48949bbe4ed,eae770e1324b1cd16277eccd3aca7d4adb5f75f42d1114ff492f721f4228edf9,train
raw/apple/rotten/rottenApple (485).jpg,apple,rotten,local,v3_deaf25cdc585f7430fdc2f65f000e25d,f0d0782cfeb9ef724c2eedcc827236e533a08fcb804ac8de51a72aac5da29fc6,train
raw/apple/rotten/rottenApple (486).jpg,apple,rotten,local,v3_e31c70d77f79ed2bdd9be3169d073780,29e0e154512ad16d894727951766f46eefedf7905bdbb785abd4a9298e141dd3,val
raw/apple/rotten/rottenApple (487).jpg,apple,rotten,local,v3_2e3ea443ffbefcd20fc120138e1bee03,d469aabfbafc9e5d035058b232d4e32281932dcc8a1560803782e8af96284a61,test
raw/apple/rotten/rottenApple (488).jpg,apple,rotten,local,v3_5a5c05e01cae66ba4f2a2ec526aae5a2,9af87cf1abb18dc1da9d042a2fa8a02172b3a9c281adbceaa9f71cbb89ef5384,val
raw/apple/rotten/rottenApple (489).jpg,apple,rotten,local,v3_471c305df424fdf0bf176e92b5fb44fc,8f22bf9e702f4747e7c76e13153929885bf8e694f9c75eabab2b65de789e86ef,test
raw/apple/rotten/rottenApple (49).jpg,apple,rotten,local,v3_75c40d1e82e36d5eb24b7e959d8171ed,14b180e4afb8d46853107daf2836f4062a1411ce4d5fc8a3ea4bb9ff294e3e09,val
raw/apple/rotten/rottenApple (490).jpg,apple,rotten,local,v3_bb37e185db1efd2365791f5206f08ffc,490203a2cf0d74420f6b6e9ce1673a2162d8f08005efa61b58f6c9560513e9f2,val
raw/apple/rotten/rottenApple (491).jpg,apple,rotten,local,v3_b374ad383df3d9a4a18629c04a1fea18,b3112159e3fe34680823b393dae79f089a89270ccd949310823dbce6edc997e2,train
raw/apple/rotten/rottenApple (492).jpg,apple,rotten,local,v3_ab9a0120fa7b481be08d31cf5e40843c,7df309c70aa933c1e5fe1b6365728420142ec5ac720c74099ff6db6e914c68ca,train
raw/apple/rotten/rottenApple (493).jpg,apple,rotten,local,v3_efc40d622f6631cf6284d5b2a5bebc9a,f3ec659092d4f28c589a4a7f893dce415d38e8b2b222741b2351fb82d3d1f0cb,train
raw/apple/rotten/rottenApple (494).jpg,apple,rotten,local,v3_08fbdc9e463a158fadd25daffd9ef37e,68cad169c2dedb59c5171dfd4ec28769101aa7db8b3f1bc0c56825226df5e6d0,train
raw/apple/rotten/rottenApple (495).jpg,apple,rotten,local,v3_c45f81f0cb36cf701267104bd3e496e2,3f76d6b61c83e08df84e335a124ec4a76810b0eaec956411a5caf52c879c4af5,val
raw/apple/rotten/rottenApple (496).jpg,apple,rotten,local,v3_f7a3d9aec63db84e56e64e9f264a8395,aba05430d50edc09ae5bdbdbc180697d0cd3be3e3b6cc9133f33f5d60e2acb72,train
raw/apple/rotten/rottenApple (497).jpg,apple,rotten,local,v3_72668ae0da79a45bfa75d4e665c872fb,8ace86f64e28589f61a5b8b6f8090aca039607539264f14806d18d5d33bd705b,test
raw/apple/rotten/rottenApple (498).jpg,apple,rotten,local,v3_009f4f7a48b4c38422342775510f75bc,615810492b73c1861ad636d468fa386e89a8735a3890325258d7492409469d3b,test
raw/apple/rotten/rottenApple (499).jpg,apple,rotten,local,v3_6c9f494de4dca729e936e3aa422812f1,eba24d0982b50c672440b9e6c575245258d841bc65274f8513ebb76c78cc4765,train
raw/apple/rotten/rottenApple (5).jpg,apple,rotten,local,v3_16f99c47f07bd6b87a9f80ed9d739453,2e5cb44ee05848b9a3df081cf159e7b43d03c7e26634101c5bebfc0728d9e75d,test
raw/apple/rotten/rottenApple (5).webp,apple,rotten,local,v3_16f99c47f07bd6b87a9f80ed9d739453,a33667cb8460cf42f8f1696d3dfe874a3267b99aa15a509c00cdb509e9d56a6a,test
raw/apple/rotten/rottenApple (50).jpg,apple,rotten,local,v3_fad24c11468921e9110f6cf2ff41e997,5d223eb5904df26de401f4a6a0dca54488527d06be45bb089bd2c5749ea69c4e,train
raw/apple/rotten/rottenApple (500).jpg,apple,rotten,local,v3_3c98b22b110a9cce57db398ff145ac72,2d0ccf17762776ed6086ba54666885e5d7181c96639e53b98bf7731480935b22,test
raw/apple/rotten/rottenApple (501).jpg,apple,rotten,local,v3_aa24868625891050983f115fe2023fa4,2823e39deacdf16ef6ee70c2f43e90478bf537eb391ab314be8f4a16ddaf0efa,train
raw/apple/rotten/rottenApple (502).jpg,apple,rotten,local,v3_16914d0ac3a9f9f00dfb3880671d394c,2135dcfbd78ade39defef154f7ca0642aa362975018721beb48900a7c98a244e,val
raw/apple/rotten/rottenApple (503).jpg,apple,rotten,local,v3_82b55257ff719e5ee68129c7553797a3,edb31c205a8aad675106ce8688ac1ffb46edc772694f504dd0cde4d57572862c,val
raw/apple/rotten/rottenApple (504).jpg,apple,rotten,local,v3_de8365e5ca46e4a288e8d396e6ea9145,7b1d3d0439cfb9b801670fa4866da506de55ed1b4c0b0b911b56ac95c14e716c,test
raw/apple/rotten/rottenApple (505).jpg,apple,rotten,local,v3_62a03976dda29469a8144e0442872963,8d3c90704fc2e39586e0fa255a2d6e77a3a502803d97dc0799efdf14d1db010c,train
raw/apple/rotten/rottenApple (506).jpg,apple,rotten,local,v3_6fdcee61ba68a5f1fbb704fc4f1c0aa1,01b27cd53049c4da417ce9142b866e5ac3851def9a52e25e158d1bd5fda0a0de,train
raw/apple/rotten/rottenApple (507).jpg,apple,rotten,local,v3_2b402d582fab3e5340d8b32637e04d8c,70b0114d51bd99190405d609b8bcd7529fcef6d18e37a812d8f384b23f90ba69,test
raw/apple/rotten/rottenApple (508).jpg,apple,rotten,local,v3_6bd6e3ec739ba77bb20502fece69185e,b0c16f19671983e77bbba7d23f3f279aa8ce9b7fecfa30c39d3fa0ba7b38545a,val
raw/apple/rotten/rottenApple (509).jpg,apple,rotten,local,v3_543f8c7c11d0ddab4a7a9b7aad9618e6,d3d146443740b6b71d0d7f0e1a5adce7473e3fad1c5d90b324be639d73f6d45e,test
raw/apple/rotten/rottenApple (51).jpg,apple,rotten,local,v3_060b2dca4cabdd0888b8b4d8c3b2cc1f,f60114aed409805e216d05e99fd94cb9fa0c794db7e8761ee9af904bceb2cfd5,train
raw/apple/rotten/rottenApple (510).jpg,apple,rotten,local,v3_66badb7d8f86693fa43fc027a74aeeed,2f3799394445ebef1e6e21931d2a397c9c7a3a227580f11e6fa2abbffecdcd43,test
raw/apple/rotten/rottenApple (511).jpg,apple,rotten,local,v3_c24312012ef6d44a823f6ee8b66ffca2,268729936eac189aef53bd58b1114c441c4b39e899e3017c75e082df0d0a72f5,test
raw/apple/rotten/rottenApple (512).jpg,apple,rotten,local,v3_3ad29bb8d3651150e2b2eb4e40b06bdb,7dbe210e3465a9bb9ba65328347eddd35901adf2d776004761630dba8a422a15,train
raw/apple/rotten/rottenApple (513).jpg,apple,rotten,local,v3_ce4a8dfd30f5681b1f310ecfe87010fe,8da9feef4887067e106d24f9720b2cd4eadbd0962c2e76402a336b37c06c243f,train
raw/apple/rotten/rottenApple (514).jpg,apple,rotten,local,v3_e3234ae40753358999e3da056e252078,9c7e1345f3744a20b4428ef11f3087ff650b78e7984647b465a675bae807a995,train
raw/apple/rotten/rottenApple (515).jpg,apple,rotten,local,v3_fe9f4ffa857447924bb1698f5c364303,dd8fbf56ebeb801f1bb3307fa19dbd09d669a2e6394e30e7225063e590beae4f,val
raw/apple/rotten/rottenApple (516).jpg,apple,rotten,local,v3_dc1dba8c5180c8f1f175fb4b2ebe3b9d,25337a22a3d8aff44f3a01dee349b6a0a0f8f99ff072bf727bda19ac068912b9,train
raw/apple/rotten/rottenApple (517).jpg,apple,rotten,local,v3_96a389d58df0d8124c3bf3116de11b91,47f05ea356cf5f6c00574b897b6aebc24241eb55deca3fd3649c30bf17d55664,train
raw/apple/rotten/rottenApple (518).jpg,apple,rotten,local,v3_8e103f1b2066c9f5f740ee29082d8d1e,f5f942e95e37363ddecb1c3c021d76630bede38f0c69f30e0405500c44b2c393,train
raw/apple/rotten/rottenApple (519).jpg,apple,rotten,local,v3_c4526d33542859f9cc11e0475aaf1435,a7041675cba6c650600d61893f8d86ce346931811304daed1fab0cf27afb7a2a,train
raw/apple/rotten/rottenApple (52).jpg,apple,rotten,local,v3_962d70ac2e42a0aa90626a14c7e4db53,b864411f7c90fef284474e9b70d36c8554034d5b7186bed810bc3c8902ce33a5,train
raw/apple/rotten/rottenApple (520).jpg,apple,rotten,local,v3_56b71a64224beb2611037675a6635ef8,0b92fbd0c6b82475f4e13edfb33ab0bcd0aeb9513799c21e288c6cdf2adf68ed,train
raw/apple/rotten/rottenApple (521).jpg,apple,rotten,local,v3_da2a30d027ed3a5d559a7e6a320c510b,a3709d6c063814eb5dee393670916740e49dc28c7ec38fa4755fec7765098367,train
raw/apple/rotten/rottenApple (522).jpg,apple,rotten,local,v3_1d2a7ca097522af3e5f415588a841578,1bc6e3c715711200649ce58db62b4b9c658f7aa278b07e121e6ebf554894920c,train
raw/apple/rotten/rottenApple (523).jpg,apple,rotten,local,v3_75fdb27c25d7216025c4edcdccba0d64,c113d388d549cd63a830369f8f8978c03a42db06e6ba302986a12ee80d656669,train
raw/apple/rotten/rottenApple (524).jpg,apple,rotten,local,v3_3f3044bf115b677ac30dc573ab10e552,b924fbdf7221e4a64a3a4c46b849625098381edf6620d4920d4884ff8d222601,test
raw/apple/rotten/rottenApple (525).jpg,apple,rotten,local,v3_7ba3f9e420c6e79524f84a14d1d61b84,ed55521195607be52dbe83d16bc5cd8f84d7f28030a30b384dbb6846690851ff,train
raw/apple/rotten/rottenApple (526).jpg,apple,rotten,local,v3_245280c9b781e3fd6614967408416d3b,15076cf5435baf864a5231f8dbfa1d00d4e841295fd24fae878257de04edb8a2,train
raw/apple/rotten/rottenApple (527).jpg,apple,rotten,local,v3_ce4a8dfd30f5681b1f310ecfe87010fe,c6866b67d2bfc1ca1de4960ec187aeb6442d03e8a77da94f59b6c06200bf511a,train
raw/apple/rotten/rottenApple (528).jpg,apple,rotten,local,v3_3efac474e81b532689dad9699c828cc6,79afe2bb5acf53439d9ef376123c39f409ecaddb77582315c41f8fbcc35929c7,test
raw/apple/rotten/rottenApple (529).jpg,apple,rotten,local,v3_1285d8121b709bee7001ee88eacecb17,8dd3439b4cea846ed3e2ecdc87dcc8f6c07922735eff79be584b1c2a0b0190f2,train
raw/apple/rotten/rottenApple (53).jpg,apple,rotten,local,v3_bfab5a2b4bd505eb83cf662f96a0a411,67b522508a5d694947738d92bc5161e422407f5006a785ed6fecc6418152d34d,train
raw/apple/rotten/rottenApple (530).jpg,apple,rotten,local,v3_dd5ffef53f9a2655a9fa4f50b9eec4e7,fd17bfe6658eeeb25236974c963a3fba8263c5e4cc52a0394001070cd56ad9fd,test
raw/apple/rotten/rottenApple (531).jpg,apple,rotten,local,v3_caf03884910cceb2ab41c05865454a39,0e2eaff99427fd75196aaa0effe84b2521e30bad09ef7cbdaa46388fd92f9c7f,train
raw/apple/rotten/rottenApple (532).jpg,apple,rotten,local,v3_06f5a37fb1a52aa352871a2a67d3ba21,eadb74a14d16881b375e17f6c3af23e4a2599ee25d940386dc50dc1edd3fede4,test
raw/apple/rotten/rottenApple (533).jpg,apple,rotten,local,v3_2d72b3685a03637abb01ad021f223006,bdaa1683b737a93d3cb1dd6202dceb2eb9aeb6f618708f2e2ee8c9556bf6b91f,val
raw/apple/rotten/rottenApple (534).jpg,apple,rotten,local,v3_801b1e0578e1cc990b7a8e252577a3f4,035db98fb5e29df251de4d732e10ea8f7f183d15612ba0a0b0e29c32d17884fa,train
raw/apple/rotten/rottenApple (535).jpg,apple,rotten,local,v3_1b3a813ced18fc29af4507af9093402b,f797cbb8e3de5cc0a2056a9875cbd29c640badf50fa61922be6448ffa23d09c6,test
raw/apple/rotten/rottenApple (536).jpg,apple,rotten,local,v3_cd1abefea7a9fd2f67aa43ac3e0e15b3,dc31b05b3ccc811c62990a7d404fbd8de242947b92879e0283a401bf8da8d176,train
raw/apple/rotten/rottenApple (537).jpg,apple,rotten,local,v3_21e9fc934752fd8db910d8e309eea3d1,ade577c129f5fe86d4fc240758e092c5d25a7bbd71417fde6f4dffa7f18089fe,test
raw/apple/rotten/rottenApple (538).jpg,apple,rotten,local,v3_cd1abefea7a9fd2f67aa43ac3e0e15b3,32c26ceaaff95b176cbe5dc0a17854bd124e6dfc0eeb649d0cf6c82e3372ed79,train
raw/apple/rotten/rottenApple (539).jpg,apple,rotten,local,v3_af895f542adeedc90cf3a017870ebd63,6c3fc4f9ad3820a5cf245dcd04547369b70e4cefce6fb49659c3075898e78145,train
raw/apple/rotten/rottenApple (54).jpg,apple,rotten,local,v3_eaee33750eac65d8b41861a511612e4c,731689c6523af707c6c8dbf9d7de9207cbd4e2f4f41777c3087799a53d9ccd16,train
raw/apple/rotten/rottenApple (540).jpg,apple,rotten,local,v3_fcac151d064f93bda1d0b9b4f3c48eb7,2c2d341762f67aee08eea01bd32e4d000934071e1eb513b8555eaf1fbe327700,val
raw/apple/rotten/rottenApple (541).jpg,apple,rotten,local,v3_4e98f665522986fcea253242a1126fa6,e7a84cc10a0425ba5d10c3f3a0648b87c14937f3ab984b6bc38c9b2d1c8b6130,train
raw/apple/rotten/rottenApple (542).jpg,apple,rotten,local,v3_b4063ab48de000320cd4fbc5ce8ad382,c52723e2f841e86bfbdfd1fb0ec57f18014c4f28d05043494a6e573ef0998cc3,val
raw/apple/rotten/rottenApple (543).jpg,apple,rotten,local,v3_4375df5023a0a44f0c052ccb12ea5a30,f3aa0cc255b4652978501125fe81a07a72c7fb9d3b999e633dbce841d9fe4020,val
raw/apple/rotten/rottenApple (544).jpg,apple,rotten,local,v3_fe9f4ffa857447924bb1698f5c364303,9a1a526b0e32354d1e68a74868d5de5b1aad8f202f2cd10556235425927cb4c6,val
raw/apple/rotten/rottenApple (545).jpg,apple,rotten,local,v3_96a389d58df0d8124c3bf3116de11b91,11ae045dbea5fa8924feea59a8c1b88f560064ae5562c3bb83d26175e5f3e37f,train
raw/apple/rotten/rottenApple (546).jpg,apple,rotten,local,v3_d07f6b87da02b8fd8e2afb45d1c4b181,71c37954f3e16db84f2dbcab6cc8618fc3e4366ad637f0a9eb9194cc45bf20b9,train
raw/apple/rotten/rottenApple (547).jpg,apple,rotten,local,v3_b2e977b7cc4fd24948d7d4268d3ecc76,d4425593045b266690fc6a18d425cc4727a81331e715b59f8c47b1a6c564fc58,test
raw/apple/rotten/rottenApple (548).jpg,apple,rotten,local,v3_f2ba1d1d9765038cfd76d1a1f40a26bf,5b0d011d0c8e2b61b0dc0b499634689f0905d7de9e45a35b8008053661ad9c84,train
raw/apple/rotten/rottenApple (549).jpg,apple,rotten,local,v3_c24312012ef6d44a823f6ee8b66ffca2,7b65dae5b723de5b8fe84354664754b3c86c52355580ea9ac9deaa92721db63b,test
raw/apple/rotten/rottenApple (55).jpg,apple,rotten,local,v3_ddbf107635d67a5411682956ee465008,3899776e4afb4a360b48547bb43035310ba1de5c0ebd97536f09465444da43b3,train
raw/apple/rotten/rottenApple (550).jpg,apple,rotten,local,v3_1d2a7ca097522af3e5f415588a841578,e2e3bec905a92a8aacfe2d2c140875b19409755dd64d9e3dca8765d1b80bcab8,train
raw/apple/rotten/rottenApple (551).jpg,apple,rotten,local,v3_f718b8b9849dc2702cccf9fc3761240b,87824a43940f8a5cd6dbc523bd3a00b3eeac38888c46ab2b9d98b497aa0230b1,train
raw/apple/rotten/rottenApple (552).jpg,apple,rotten,local,v3_093ea3fb5f2fcabd95f08ae0c606d00f,366cd95c45d17083680513ae5b7992299b8c930c7dbb7c0787839514bdc0fedb,train
raw/apple/rotten/rottenApple (553).jpg,apple,rotten,local,v3_3efac474e81b532689dad9699c828cc6,347e73055d6f6f835caaee09e4870f08fa11aa76671636da505369fbb10b2f1f,test
raw/apple/rotten/rottenApple (554).jpg,apple,rotten,local,v3_f19c23c56fb7bbb59e347a5f5299f228,5caa62d5cfc33ed525e7d9a73423d30306befbe65270fe0479175ce871626ecb,train
raw/apple/rotten/rottenApple (555).jpg,apple,rotten,local,v3_4e98f665522986fcea253242a1126fa6,98cde265a2e828b3e6dd40caa2bd12f111ac89d1aaef24eef9aad5c1d486b68d,train
raw/apple/rotten/rottenApple (556).jpg,apple,rotten,local,v3_12fa72654b4420f065a164b16f9f08a4,70978e346971b8064ca74684af70509caafd491ebc3c8c17940cce01e126385f,train
raw/apple/rotten/rottenApple (557).jpg,apple,rotten,local,v3_75fdb27c25d7216025c4edcdccba0d64,76532fa0078fb46b0fbd705937d711a1c5bc3103a8230a1254a515c622a2c209,train
raw/apple/rotten/rottenApple (558).jpg,apple,rotten,local,v3_c24312012ef6d44a823f6ee8b66ffca2,d8a39ba566ab2a2f3adf237cf8b24f474e903c7720aba560c228d68df1b6f8a6,test
raw/apple/rotten/rottenApple (559).jpg,apple,rotten,local,v3_95582d18501b5a6a5ecd2946d09f01eb,2a45b0db2ffec16aec40d9997045dc69662aa9b03f3fe170afa3ddd8f0486535,train
raw/apple/rotten/rottenApple (56).jpg,apple,rotten,local,v3_eb46d3d709d306cc0daa6cc17b034fa3,1811f47b6ed32ee9e0ca228108c7bbcb994f79f355c879034ab3b3079c908f4b,train
raw/apple/rotten/rottenApple (560).jpg,apple,rotten,local,v3_f19c23c56fb7bbb59e347a5f5299f228,c3044232cefa69d67557919a4c72258c8eeebf56e65d5441c6f06b3556c9b7ed,train
raw/apple/rotten/rottenApple (561).jpg,apple,rotten,local,v3_e9f6c0cde05c7066073d0fba973d6b7a,d072ec29eace3ff3b066c942c50026efbd9e5e9e931b249c319331b345b5f614,train
raw/apple/rotten/rottenApple (562).jpg,apple,rotten,local,v3_d9351315c031df3b28e47def16721309,fbe7f4ea0670eea4fd26cfb795bfadaa8b48d9dce0387026a3afd5102f6acf97,train
raw/apple/rotten/rottenApple (563).jpg,apple,rotten,local,v3_2abf045c0a690f399bb669d8b1413ff1,0e08aea4984f5f6a6e5a2439a2f8b373c4690b7dcd97d311f615424d6fe34d40,val
raw/apple/rotten/rottenApple (564).jpg,apple,rotten,local,v3_66badb7d8f86693fa43fc027a74aeeed,963fd5437cf5ddd9f5d4e0289e1c875b7551894ad7d81d9cf9a2be20b3811338,test
raw/apple/rotten/rottenApple (565).jpg,apple,rotten,local,v3_8e103f1b2066c9f5f740ee29082d8d1e,a508fdd5dc7ce2d1c5add94986a326a27b16ea70fa0ad32bd6cf0cafde0f15fe,train
raw/apple/rotten/rottenApple (566).jpg,apple,rotten,local,v3_c24312012ef6d44a823f6ee8b66ffca2,58abb891bd665e935758a1f8c5ffb07cc249e5a9015213b67f4bc583e6956d06,test
raw/apple/rotten/rottenApple (567).jpg,apple,rotten,local,v3_543f8c7c11d0ddab4a7a9b7aad9618e6,9c8d8be7aee34421847166b6fe8992dfe3cd07609aee3ea9143766f7430a653d,test
raw/apple/rotten/rottenApple (568).jpg,apple,rotten,local,v3_6095c61ac38e89663062de0e858b15e4,dfe1ddeeee60dee69860df438a0edd72fb1cf3a3e980db8935a5006a72d1efee,test
raw/apple/rotten/rottenApple (569).jpg,apple,rotten,local,v3_1b3a813ced18fc29af4507af9093402b,9875ec579ee7bfb0ee08529acbe4deb8d64f510c3de3066142728cd417cd23a0,test
raw/apple/rotten/rottenApple (57).jpg,apple,rotten,local,v3_405940d26a0ea29684c6bb4d4ae2f11f,b828d01daade29e4c03be02375efce8cac71d05b529604c58ee9547b39b9e096,train
raw/apple/rotten/rottenApple (570).jpg,apple,rotten,local,v3_d9351315c031df3b28e47def16721309,297272b2d13dbc526573f9a993888579f12dd0dca836b77a4e8c99c33db39187,train
raw/apple/rotten/rottenApple (571).jpg,apple,rotten,local,v3_af895f542adeedc90cf3a017870ebd63,ab34e2949cda16967aecb61b58a0ab51b80071b20e0bb6049f5f049b1aa78695,train
raw/apple/rotten/rottenApple (572).jpg,apple,rotten,local,v3_e9b357e2baf02a4fc45bc22308c67061,08f5864c17f5a41d8982e55371d9a7d6e3b7fca4178c5517de76f2532fffc8c0,val
raw/apple/rotten/rottenApple (573).jpg,apple,rotten,local,v3_da2c50dbc65cb89d50f80df725408418,e453ea98e7c2860874013403b8c4be10da9d721cf56eebf4e872d6bc56472cee,train
raw/apple/rotten/rottenApple (574).jpg,apple,rotten,local,v3_c133ccb16cf64c8abd4cc82bf21744e0,18049c909d813f02f6e5f30c38933c662381cf34bdf2ebf1554d4e684f8df3c6,train
raw/apple/rotten/rottenApple (575).jpg,apple,rotten,local,v3_d0590c1915c46a12beaf61a8f2c90129,d0a9f3a66dd2ecfd7013b012128b804673167e54472a0f9f2b02d21097100bf8,test
raw/apple/rotten/rottenApple (576).jpg,apple,rotten,local,v3_f9a528a0aa95731b36da07a9c8a3030e,4f83c91bfba684d462b320dc45b430cf0803a81b23a2b6cc9a511f3b985b93d0,train
raw/apple/rotten/rottenApple (577).jpg,apple,rotten,local,v3_b923badf64c741ad78734741cfa41188,5afc16ed5b93162b1f25dc28f42147ddce3cb24e4f3ae82b6cb35d207b98bfb6,val
raw/apple/rotten/rottenApple (578).jpg,apple,rotten,local,v3_ce41370dc696b72a058f89a3836e4bfa,d68f546e4d002f7ce5641af2626a6afadc315ba59f6eac79601fb501aaf87335,val
raw/apple/rotten/rottenApple (579).jpg,apple,rotten,local,v3_ed61b19dd7a3dd18d508de4798f9caf1,139f82532b82f0521f62b6baf7e4c0b716bc15b5477cf4e76aa14094898480dd,test
raw/apple/rotten/rottenApple (58).jpg,apple,rotten,local,v3_e8d47f1023ee47539b41a19eaa7ca6d3,c09dc36554bee9f536ec47011147d2c93d05941cfab3f4032c17ec0b924255c6,train
raw/apple/rotten/rottenApple (580).jpg,apple,rotten,local,v3_32befdcaf816b7eb8aa40cab83b78b4c,e2ea93979f549d239a49bc98a44cf4b98985c0565317c4e8919f9a921dd5542b,val
raw/apple/rotten/rottenApple (59).jpg,apple,rotten,local,v3_72449032781315549a1c20e5934391d9,0915a33e4e9a0ffc49f725af8bd195918b8d59c4ae611ad11567a757eb7de90f,train
raw/apple/rotten/rottenApple (6).jpg,apple,rotten,local,v3_20870b4ba60ead7a87d2258ec9873618,23d58e9ef224f3e532e168893c68f0ada2631b37d713d73dcb1246b638001b4f,train
raw/apple/rotten/rottenApple (60).jpg,apple,rotten,local,v3_d87141aa005fc4353693aaea9fbd0e1c,ba8eac1eae41cf0cadfe289df91e8a0a2137ec78bf9f54db0d2e9a0dc426e261,train
raw/apple/rotten/rottenApple (61).jpg,apple,rotten,local,v3_2fe0a9c78e0680b1737b1a9f8c2231bc,45de58606106609c1e9a0d78bba8ae8394436d9b306844bdc89208b5222c143f,train
raw/apple/rotten/rottenApple (62).jpg,apple,rotten,local,v3_cd0f2c8498fc50b60a06aeb5b77d1172,5624cf6c7bbf49e10493d853a970224eec78f62a8d184a5e44f2765ec3a2202f,train
raw/apple/rotten/rottenApple (63).jpg,apple,rotten,local,v3_01eaac32a814c23d77b46ae360ce5d6a,5f22da873ef18cc0fecfda1c8a4dfc87b1edcf2fdea7c9adf3d7479bbb14c36a,val
raw/apple/rotten/rottenApple (64).jpg,apple,rotten,local,v3_0dc2d7245b15cbcb877f6a224db6c599,b1d785208d3211adec0cd8db8668db43e5e49eaa0996aecf3dd3e9e706994666,train
raw/apple/rotten/rottenApple (65).jpg,apple,rotten,local,v3_4c8fd423d41ff9f50c853c55b666dee7,522effe3aafe9b5100c84c0d7d01438928a6547c767ce02f6ca53375a0aedea7,train
raw/apple/rotten/rottenApple (66).jpg,apple,rotten,local,v3_5ca07d144d80865234a1a94bd97dc6e1,57321cd2713315da26c55e693bfbe3e8d4df01a5745808b7d45749070746038c,train
raw/apple/rotten/rottenApple (67).jpg,apple,rotten,local,v3_d0c2508266a9a4b9d37d4ef4351cefc3,386c6d523428170f96830c2d1d283a5bf76c830274fac6f02e2c6145fd018c78,test
raw/apple/rotten/rottenApple (68).jpg,apple,rotten,local,v3_b45a8fad21b44215344e811255595e1d,7c53aa4a31e6a71fccadc4145b90043b68c7c40470825064929edff9469a16cf,train
raw/apple/rotten/rottenApple (69).jpg,apple,rotten,local,v3_f86818037419736c4b0b80928db8c4e9,bd79519766ab53f7df84019c21903dae1d14b0805b0c3bb77a6e12c4a431548e,test
raw/apple/rotten/rottenApple (7).jpg,apple,rotten,local,v3_9c8ea380c3ac5170ad440f8965b1518d,28625ef41cdf8a3a2a052f481d0f6d292afdcecfedd6e99cbc6f99ac419d27cd,train
raw/apple/rotten/rottenApple (70).jpg,apple,rotten,local,v3_2aac5ec20ab218c85d3d101188174f6d,7e255edd3ac92cf8829798f64dc14c9029171035341b898d12a2a7b2f547d259,train
raw/apple/rotten/rottenApple (71).jpg,apple,rotten,local,v3_9f1af4b4cbd21cfb36c74e87990c582b,d4a14007cafb00da2891acfc146a644a3f489575a75ea97fc7aa26828dc015a7,train
raw/apple/rotten/rottenApple (72).jpg,apple,rotten,local,v3_a4eade4645aafb886be1b0f2b9e85410,8166d730ab2d9fdec15d81a9037f92499d42c1321a6c82007b318273811ade05,val
raw/apple/rotten/rottenApple (73).jpg,apple,rotten,local,v3_b7464f32c4e42beb71c6d72e1088cb51,efc81ea0f2071e82b997d222ae7b9fe82c0660ee6bdac243472365751d268446,val
raw/apple/rotten/rottenApple (74).jpg,apple,rotten,local,v3_5d61e8305c6c27bdda75bae724dd844a,d523d986eef89f1d4893c36464e58bad7cd7f842a5762733b0d0d4f0db80397c,train
raw/apple/rotten/rottenApple (75).jpg,apple,rotten,local,v3_fd6d91520ce6a9bb47e38ed53bb3ef4f,2edfe6fd8abf0d2e13e742a8e9347ed63495986f3e9fda74362d533cd047340d,train
raw/apple/rotten/rottenApple (76).jpg,apple,rotten,local,v3_71361a0cb9286cea404c460bb53271cc,bc8c1c70dbf9bbea03f77820aefccfb0303ab0e28cd7e49c897f33ff1b88caca,train
raw/apple/rotten/rottenApple (77).jpg,apple,rotten,local,v3_5556d74214c9bd50ec60c85a4101665a,4f70d64d13572950b0fc97fc221f13b55d6e0d0c119b46b8b30138676002096d,val
raw/apple/rotten/rottenApple (78).jpg,apple,rotten,local,v3_3906aa5fb16651f8b01b8aa693332011,afa6448312880ef4c030ed35f7c865fb4a5c5bb589effb6adc6607cbd87fdc6a,val
raw/apple/rotten/rottenApple (79).jpg,apple,rotten,local,v3_973464c60b89839e473d4a960c256273,b97f21ee57256f7175f56438fd0a496bc563528a6139901119e641670c043123,val
raw/apple/rotten/rottenApple (8).jpg,apple,rotten,local,v3_500ecccf56a1aeafef888cae71f38e1c,3460dc913d8e5bb72bfd2a2bca721821b49f58cae1ba466b96cde5fb1a6ef2aa,test
raw/apple/rotten/rottenApple (80).jpg,apple,rotten,local,v3_1f7a18f653e9da02a1a61eb51fbadec4,6cb8efa0c08c8b1d2b947a21b81fc860dd9978a704882e194d89f18ce78b10cc,train
raw/apple/rotten/rottenApple (81).jpg,apple,rotten,local,v3_7bc6fccc67d5d05ee642cdf5d202cfe8,6a36438acd19f0ad2df0affa720ddfc669d77f95a2f1417cea0953ad5b1335a2,val
raw/apple/rotten/rottenApple (82).jpg,apple,rotten,local,v3_f48885c8a62378aa98e71ef63a2705d7,78d25cdb8b857c8602caf2d1d898693b59f4b814bd8b11c2b2350a9cd2184346,val
raw/apple/rotten/rottenApple (83).jpg,apple,rotten,local,v3_49e40bcfb7e99e8ae35600249511b13f,fe3120f4a45354e2ae5ef70af628235bf31fb8b9f8966f08cca883503cc570df,val
raw/apple/rotten/rottenApple (84).jpg,apple,rotten,local,v3_1be99bd689574cb4b732632077382f2a,72272e82a1d0dc5d20fc4056eb662fd0e739cfd5fea9311f8c06f1a3e91350a3,train
raw/apple/rotten/rottenApple (85).jpg,apple,rotten,local,v3_b8dc215b930b5e902bcb26607dd98ac1,8132725e340cffa155d52bf75741317f2cc2221f28528c4f4439881f06ae94a6,train
raw/apple/rotten/rottenApple (86).jpg,apple,rotten,local,v3_ef68c995225d8b3db3dbd68abde7a52a,24302c9d854973a6d54a98b8ea496e445b96faea63be6cb9edee5596b9f87299,test
raw/apple/rotten/rottenApple (87).jpg,apple,rotten,local,v3_1e1a07fe32d5a9ac5208af2ca9815c98,e343bf930b87c998225c0cb9411ad77ce4902be85519d41a1b611301472df199,val
raw/apple/rotten/rottenApple (88).jpg,apple,rotten,local,v3_a068047bfc7fe1799301c956053d3f67,442972c73c5953552aca435d3408f7305360e500f83d8731c40bd72ec4905092,train
raw/apple/rotten/rottenApple (89).jpg,apple,rotten,local,v3_e8eb166c95455b56b94913e2e70fa2ec,66864ab4495eefd2bbdbb985a77ddb7c0db71f421638806bd2f0074643d6912c,train
raw/apple/rotten/rottenApple (9).jpg,apple,rotten,local,v3_530ac042a1d5555ab45b4156216c9a79,2b09a15dd1a181ce8d5bae1b4fe5b2494fc155eabb4bc127d068637c720b0503,train
raw/apple/rotten/rottenApple (90).jpg,apple,rotten,local,v3_ef12666e7c9a16bb464784a7b0c0893b,446b3de9418902518e87cd2e0fd4387dc351d92b813f51f85fd4b74c86fea39d,train
raw/apple/rotten/rottenApple (91).jpg,apple,rotten,local,v3_74d03b060e893430674398cd16914a7b,8a4bb3bf371ebcc0a2e9eec8e597a2f376dae0e797ed09ea768a0573783eb1ad,train
raw/apple/rotten/rottenApple (92).jpg,apple,rotten,local,v3_605013a2e80b74e7963fe630fccb2a0d,bc14bca1e46ae2825292a9834f242503fd38c83bf38c88aed3f199c2b8ffd85b,val
raw/apple/rotten/rottenApple (93).jpg,apple,rotten,local,v3_f437e8ecfab4b09b324628263942e55a,836a5995a5f411893dc1fa220316a3353eed5b745613302ad21e4147b8f86a36,train
raw/apple/rotten/rottenApple (94).jpg,apple,rotten,local,v3_77485b72615dd1ab9bc859bcdd94acb2,adc62d586a6365621359565ea3bad45c9d3fa63d534388a2fa7fcfefa0262598,val
raw/apple/rotten/rottenApple (95).jpg,apple,rotten,local,v3_37dee9608b607dce196dee337f3b6754,c5edddb55ed8c37b14ac5875e8616bd3a427785db1df740cf6478e60773634c3,train
raw/apple/rotten/rottenApple (96).jpg,apple,rotten,local,v3_2a7ed69c37418310e19b4a35fcf31dd1,194a7e9c460450b085cf9ea0814644edf0754398cc22f51910c3fa6d1818c249,train
raw/apple/rotten/rottenApple (97).jpg,apple,rotten,local,v3_cfd3dca513adc7bbc3aa75e21d6c852d,c2d29a108e8d244626397d4f8ec975f4c4121a4e3768341ea5baf5a2717c717e,train
raw/apple/rotten/rottenApple (98).jpg,apple,rotten,local,v3_eb96329b2e234cde56b997644e03cd82,258adf23aa605d250ec40c42140a649b6b15b73a68e97cd83520023f17e9cef2,test
raw/apple/rotten/rottenApple (99).jpg,apple,rotten,local,v3_fcd335b91e0455d0c9dd3b86cdb9c382,e6bd383783467924326f1a0f576672088d02afdb45ae7e5a4cbcb550ad75dcf2,train
raw/apple/rotten/Screen Shot 2018-06-07 at 2.15.20 PM.png,apple,rotten,local,v3_c732319675a4e8f17382e4eefc2f5cc1,5f762b749ac079ed3442e55ad9cee01793af3fae812ecb3fc3d62693443d94d0,train
raw/apple/rotten/Screen Shot 2018-06-07 at 2.15.50 PM.png,apple,rotten,local,v3_8ef15a25ad4a01e3241c7faabb1b74df,ebd1542b840f3d6b701faa3f888160aac495a9c6f10e6e0bfe19161cb0fb9c56,train
raw/apple/rotten/Screen Shot 2018-06-07 at 2.16.18 PM.png,apple,rotten,local,v3_8b9b11edf24dd5cccd54b5b30b762029,c416b62cb74f781b5775341fed0f67e45592d44c9449bd47b735948aa39a6828,val
raw/apple/rotten/Screen Shot 2018-06-07 at 2.16.41 PM.png,apple,rotten,local,v3_68eedcb43e36a0cfad2328b2583dbea7,ce7077805b9b3e0118f87f20d1f4503e38230798f95bbd805639ff03750f6bdd,train
raw/apple/rotten/Screen Shot 2018-06-07 at 2.17.15 PM.png,apple,rotten,local,v3_0d5bbbcff672fa62e4654c91c94c72e7,4bef07031d29f448acb707d548009765563099ce59fd2ec921d06961485e5dfd,test
raw/apple/rotten/Screen Shot 2018-06-07 at 2.17.25 PM.png,apple,rotten,local,v3_592b55103718144fb12770c7f0305a69,24c783f443567fd0129c14dfe69787569f116f0263e7d826f826770eae031c1c,train
raw/apple/rotten/Screen Shot 2018-06-07 at 2.18.13 PM.png,apple,rotten,local,v3_faa3e07d162670edfe373b07d87a4875,f038dfd96e02cc2c8a556bd45bffa5606de1f13ab90e35b6a84c5a4f85438bc1,val
raw/apple/rotten/Screen Shot 2018-06-07 at 2.18.57 PM.png,apple,rotten,local,v3_acb222457ee44a56ef13152c7f4f5abb,d67f104053f43201b001eee12781ac101c9ce17b87e6e2eebc85e963c47a5d15,train
raw/apple/rotten/Screen Shot 2018-06-07 at 2.19.15 PM.png,apple,rotten,local,v3_f5800b7ac23fc1e4419bde66b4a18e6d,c9fd46e02b83a274693a601bae101be17e41e8fe2601e36fc3a0184a81cdbbb8,train
raw/apple/rotten/Screen Shot 2018-06-07 at 2.19.37 PM.png,apple,rotten,local,v3_63a7210e7b6ceb67410fc18f8978abef,c21ead8d32e4bca09d4ed5c05e3e306214b101c3bbfe321d5f04b76a1e84de88,train
raw/apple/rotten/Screen Shot 2018-06-07 at 2.19.46 PM.png,apple,rotten,local,v3_e091658964c11e72c1c85a632043e294,68391e4bf5124e6920ab2e18aeae8e10a617715067e20528c97c2f63772b5c07,test
raw/apple/rotten/Screen Shot 2018-06-07 at 2.20.29 PM.png,apple,rotten,local,v3_f8c8edb93d8d70d940be64274e14b0e1,50ec0ca718b6ce70f27086a3561e6fce0b76dd8d784047492c06b438be71bbe5,test
raw/apple/rotten/Screen Shot 2018-06-07 at 2.20.46 PM.png,apple,rotten,local,v3_0294381790b2e6931fb557e37f348da3,ff549d0f51bd297b3648de2a6a854e7c075bdd319a0399f378078e6dfd971b57,test
raw/apple/rotten/Screen Shot 2018-06-07 at 2.20.56 PM.png,apple,rotten,local,v3_88b62ded1e813501e698575dcf5a7f14,9c0a6dbb942fc9cfb4cd1e24462955721c66c8b21ca588a52c192a184adf4f14,val
raw/apple/rotten/Screen Shot 2018-06-07 at 2.22.00 PM.png,apple,rotten,local,v3_83a67b6634a969669597cc61773c78be,085b6361a50fb20ba5b72970b4162b6060ca9bfcd64c786fdef0ef6ad66bab1f,val
raw/apple/rotten/Screen Shot 2018-06-07 at 2.23.02 PM.png,apple,rotten,local,v3_aa1de1cb0c7b218741639cab589e9adc,29a83f3362b6a381cb422e5e94a75c51d2aff79aba48703115aa237bdee26e0f,test
raw/apple/rotten/Screen Shot 2018-06-07 at 2.23.24 PM.png,apple,rotten,local,v3_44056344dc5c5606cf1b905a65993880,53b6bfb6434ea6d651b71bb7382a7af62d751603ed61c6ff3bfeff3fa2a819cf,train
raw/apple/rotten/Screen Shot 2018-06-07 at 2.23.40 PM.png,apple,rotten,local,v3_e5a855aac524fe7843b65ccefb51860a,7e9d6cde266c77c9a76fea3f3c162405a1ffb4fbdc73e1d9e8ad564fe0486bd5,test
raw/apple/rotten/Screen Shot 2018-06-07 at 2.23.51 PM.png,apple,rotten,local,v3_443909fa55c9ef4e71246d5169e0ed1a,512f83295a0401d6b1c1ada854a1c8568bc18222eef510f852eed1c0c951aa23,train
raw/apple/rotten/Screen Shot 2018-06-07 at 2.24.02 PM.png,apple,rotten,local,v3_755ad8235b4f8c764a895f3ec8036f6c,f89d07883c65a478d75b23ae8fbc4ba05a6789bedc6c8529474074478d72e22b,train
raw/apple/rotten/Screen Shot 2018-06-07 at 2.24.35 PM.png,apple,rotten,local,v3_3cd7210a1c9db4f94a7e395dc7ed744b,cfd6e1dbe648b11fa38e715d27b16b4259c72bfe24bfdd19f3a156b25d6b2110,train
raw/apple/rotten/Screen Shot 2018-06-07 at 2.24.47 PM.png,apple,rotten,local,v3_e760f3238f166d27e18199d2720c2c61,e0de562a8630d849c72d8cae08998c77f3c2155935f7e1c8ba35e21210be9ada,train
raw/apple/rotten/Screen Shot 2018-06-07 at 2.24.59 PM.png,apple,rotten,local,v3_f593dd938dd79837f5a2e3504e62c4b4,c056a0ec0133c710e2dad56ba87d7a490ec4ee21c69bf4575bcc20328802819a,val
raw/apple/rotten/Screen Shot 2018-06-07 at 2.25.16 PM.png,apple,rotten,local,v3_b0b76c0313d9b97421c94d156202dcdb,852dfa96e49f6af3f53fa45f38e72c18906e74c0478cb33f7747f685756df1a9,train
raw/apple/rotten/Screen Shot 2018-06-07 at 2.25.26 PM.png,apple,rotten,local,v3_62375299629c8afede0b2f9a01c9d8c7,992546ce0c597b5d755dc744cbc6e74e836b2055234a70d0498dfe8497456918,test
raw/apple/rotten/Screen Shot 2018-06-07 at 2.31.43 PM.png,apple,rotten,local,v3_f64463cb8307633de6e1b07b0bfb1516,e403f8c932e8e5c2cfab974c3a9454c46c4053f76bce86e86acb3b75987efbb1,train
raw/apple/rotten/Screen Shot 2018-06-07 at 2.31.59 PM.png,apple,rotten,local,v3_718352a99afb65687cccd87df4119207,ee12e60516125342e1a2d6d97550eac5269b02a140e9e0c0d34e8bc325e0b9e5,train
raw/apple/rotten/Screen Shot 2018-06-07 at 2.33.38 PM.png,apple,rotten,local,v3_6a8b6c74583f345e029e9b8d63e50dcf,3ca37a0e5b7939e2543355a04506cb2650c6e8d02c77deaaeace5afc07c880bd,train
raw/apple/rotten/Screen Shot 2018-06-07 at 2.33.47 PM.png,apple,rotten,local,v3_77fc14f21c4e24a1eeb24c21e63fdd30,9c8f39693ede51f6582e0ffba688654ad9289a63d12e0084ed210ce7f3f4da0e,train
raw/apple/rotten/Screen Shot 2018-06-07 at 2.34.18 PM.png,apple,rotten,local,v3_17ec22a7c243f9ba35dd5af884fb6e18,ea10369edfdb87214d8499a5648b777f0aa7042112f2195eaafe3d26bbd643af,train
raw/apple/rotten/Screen Shot 2018-06-07 at 2.34.36 PM.png,apple,rotten,local,v3_2b80c4d3e0cc13f7dd82e7c497a73812,c181e51b02ce76d748d784c9e9dfcf8b66cbd825d793ec3162d5dac6c9cd9495,train
raw/apple/rotten/Screen Shot 2018-06-07 at 2.35.10 PM.png,apple,rotten,local,v3_541636304c1a0bd3122fe7be7a555fc9,82f9ed2335e872c84d5ca021709b24d55c174b01171d2da82d86fa4c6a323c8c,train
raw/apple/rotten/Screen Shot 2018-06-07 at 2.35.21 PM.png,apple,rotten,local,v3_7f133351e6a27c282fe8fe9f8533de0d,26f0f7203701b947defef253b450827e3ae709650f62d69203df25114f41a05e,train
raw/apple/rotten/Screen Shot 2018-06-07 at 2.36.06 PM.png,apple,rotten,local,v3_b6589fa9ef3a9dc4715fd370e0379be2,70af5b7b3ffadb94847727842572e052a5332e8988c635eed62c5f0f35c40d39,train
raw/apple/rotten/Screen Shot 2018-06-07 at 2.36.21 PM.png,apple,rotten,local,v3_8a32b407a508fe3a512b110c19c528d6,29ca317c76a24f85fe26e40f827366465a1d7c67797b6ec78225471972ae6ad1,train
raw/apple/rotten/Screen Shot 2018-06-07 at 2.37.01 PM.png,apple,rotten,local,v3_c4c398eca183acdadcd517b8b94a2b19,7b27f3fa6bcfa15f4a1f3f506803ebc2b8c82ed82d7619dfed537425072d23c4,test
raw/apple/rotten/Screen Shot 2018-06-07 at 2.37.11 PM.png,apple,rotten,local,v3_31479ebdeaf87895dfd200ade34ce793,b021699655bc6811551a3f0b34d585e4ded63c45d3e9ca0391a7d687f109719f,train
raw/apple/rotten/Screen Shot 2018-06-07 at 2.37.20 PM.png,apple,rotten,local,v3_b12ff8792b67de8f8f48f15a5bb6456d,41fba01d532e3c0b798ae37754af910053dc744731ff439bfc6e4dbeb85db078,train
raw/apple/rotten/Screen Shot 2018-06-07 at 2.37.32 PM.png,apple,rotten,local,v3_cf642806eec788d6ef0eba8f83d41ad6,dd0ae1f294afb8bc4417e9d11f466149c5f3cea19deae96f37dbbb4cd2e6ebdf,train
raw/apple/rotten/Screen Shot 2018-06-07 at 2.37.43 PM.png,apple,rotten,local,v3_c752a42301bf41f3578aa907fed09392,556fd9abdb8064974dfd47ced285811419c0f48ca99a5d3a66f2b40f435787f3,val
raw/apple/rotten/Screen Shot 2018-06-07 at 2.38.04 PM.png,apple,rotten,local,v3_3352dc88542e2a746c67cfe0d1f5d25c,0e74c578a8068e5478f819d0af9c500f88098a104e5868121e7a71a385024ea6,train
raw/apple/rotten/Screen Shot 2018-06-07 at 2.38.28 PM.png,apple,rotten,local,v3_a72334478ac22353521bb1a1d78e8587,1949bea92b0f6de1c8f9f7eeeb03ce315bea58ea6aca54473798172ef28a57e8,test
raw/apple/rotten/Screen Shot 2018-06-07 at 2.38.38 PM.png,apple,rotten,local,v3_2d12463fa8925c93414dc8cd820318c2,438a883151bc477cb8ecebbe0a16d0026df74b605b62ab41d8e96b6959cb41ac,train
raw/apple/rotten/Screen Shot 2018-06-07 at 2.38.49 PM.png,apple,rotten,local,v3_02e9ab37e68c9478f27f1a15c9117912,3fe8d7d653869bc6a1d31d6e3cb60275fdf4122659fd0aae42ea7cbce6f76542,val
raw/apple/rotten/Screen Shot 2018-06-07 at 2.39.26 PM.png,apple,rotten,local,v3_0e2d8b8190cc42b3e602a35309f70dd0,ba80f2bebe4208006e4afbbaca4d58a183fcdf09b9b34c1fa7060574de1df993,train
raw/apple/rotten/Screen Shot 2018-06-07 at 2.40.00 PM.png,apple,rotten,local,v3_5fb769d7c2583f5d4dd4155450f2d0ce,d3ccbb41615732442b342ecf5cc33ad3cd24c69a4a0c77bf11121e55f7dc0f58,train
raw/apple/rotten/Screen Shot 2018-06-07 at 2.40.13 PM.png,apple,rotten,local,v3_0d82736fce8ca81065aa868ed4e155e5,18d1da94c370d2e32734ee22119855186bf6ce7083c0c6236897247848bfe1f4,test
raw/apple/rotten/Screen Shot 2018-06-07 at 2.40.28 PM.png,apple,rotten,local,v3_3968eb3133ef963c4c63b59d67edfdf6,b6ab404f25ecc424fac76399d184aa34d10541d1f8e0c04193e8cedec0f1d7cb,train
raw/apple/rotten/Screen Shot 2018-06-07 at 2.40.48 PM.png,apple,rotten,local,v3_ddeac946bb58e7d7e8af1283caea26cb,b14e5cf772d9142a52ea6ffd519912297c50994cbb7520f7a037166930299fb8,val
raw/apple/rotten/Screen Shot 2018-06-07 at 2.40.55 PM.png,apple,rotten,local,v3_186acf8c74f3f82d31135415cf88dde4,3c30b1c7a094a86a269c04bedb8945418781392095aa8aa7ddaef2a9662ee54b,train
raw/apple/rotten/Screen Shot 2018-06-07 at 2.41.07 PM.png,apple,rotten,local,v3_bd3d1462faddf834e980a4db7e7cca44,1faf8c50a7b47005bcb76304190c942c61a2278b71c1cc81c78bf13df287ddc3,train
raw/apple/rotten/Screen Shot 2018-06-07 at 2.41.23 PM.png,apple,rotten,local,v3_759ab227ddf5d60e6ee4a9cbb599a04a,3674cd29f8131adedd8792dfe1a0963afbcd781e6b3fcdfdb79eba2951cbdd7e,val
raw/apple/rotten/Screen Shot 2018-06-07 at 2.41.32 PM.png,apple,rotten,local,v3_56f784a33e946ae44f04b3e9002c0e70,bf5e7e824be351caa29a065473a82ac442cb0eb50ed09e48ba8e966cffd9a3be,train
raw/apple/rotten/Screen Shot 2018-06-07 at 2.42.18 PM.png,apple,rotten,local,v3_5a5b0d717885e63417091127342a4ce7,0f80a7bef0a9f81fe3a71b59dd7e3f878ea7583ffcc8306d9b96554647ec085e,val
raw/apple/rotten/Screen Shot 2018-06-07 at 2.42.25 PM.png,apple,rotten,local,v3_56f784a33e946ae44f04b3e9002c0e70,07adbf741b1881e1e42b98ec002e565c24d471be9301150914a3c96988584744,train
raw/apple/rotten/Screen Shot 2018-06-07 at 2.42.58 PM.png,apple,rotten,local,v3_c3bd97003d61704b0c568cff3a66922a,121e52af8d52cb0a434f0a8c4f60b2ca66d0969abffdf123963c1a47850faa78,test
raw/apple/rotten/Screen Shot 2018-06-07 at 2.43.07 PM.png,apple,rotten,local,v3_0b65af894feff6a755dbbe98e8eee2f6,8a4cd73c5f48e5afe44e0c4e5adefc03097b7a62a683a2fa8e67a51c42eae009,val
raw/apple/rotten/Screen Shot 2018-06-07 at 2.43.13 PM.png,apple,rotten,local,v3_3640b86150d85993276269c62287185f,4bd540b826737ea44fc2537437aeb232b403f9381ec3e6626f878261c80d8ef2,train
raw/apple/rotten/Screen Shot 2018-06-07 at 2.43.26 PM.png,apple,rotten,local,v3_10b3da5c460bdc05917f89f47063ce21,ea56633717d580da87afc6f35e9a93ba365e535811fd56c3ff8c57e1e5e601fb,test
raw/apple/rotten/Screen Shot 2018-06-07 at 2.43.34 PM.png,apple,rotten,local,v3_dcc50d2676e07ff23124fba91517dc13,f174ea6d0e15a1d8195a9474d511ef27c62a0256837f3678a219d1b87dddc144,test
raw/apple/rotten/Screen Shot 2018-06-07 at 2.43.54 PM.png,apple,rotten,local,v3_ef59ae86e4ff4e07ed1537a452f423eb,525dbf997689e44f1f0381eb1a0de1b32920d0b96df11cac07841b159092c571,test
raw/apple/rotten/Screen Shot 2018-06-07 at 2.44.05 PM.png,apple,rotten,local,v3_d13f7e1407b3b17d01aaf0ac452e3cef,e9741b9ab7ff4bc45a7d207290073aff6e9e3d5c5bab77e1ebf0639304249091,val
raw/apple/rotten/Screen Shot 2018-06-07 at 2.44.26 PM.png,apple,rotten,local,v3_f1865518f085ddc3e19bd8cd42478ce7,b33be2806af9a1325534f4d8505042f7a35001591d860f4dba09a5de0c31f99c,train
raw/apple/rotten/Screen Shot 2018-06-07 at 2.44.51 PM.png,apple,rotten,local,v3_e2122700aa3d601ec7882c19590d5d35,770ea14ea6250fd494cc4cf36d1475d1e32d2f3974df99f368690e6267ead7c7,train
raw/apple/rotten/Screen Shot 2018-06-07 at 2.44.59 PM.png,apple,rotten,local,v3_d71f5c58dafc4c440233ae7790cd0c9a,df098dd710c6b93a22587fab697c899b9a00e7bf942ccd19d2b90e98306e7924,test
raw/apple/rotten/Screen Shot 2018-06-07 at 2.45.09 PM.png,apple,rotten,local,v3_c2843c5475cca591ecc026a14b2954bc,57b9d1936712158f7016a16ae51e53e8d1b5e801baf2fa39544768972295075b,val
raw/apple/rotten/Screen Shot 2018-06-07 at 2.45.18 PM.png,apple,rotten,local,v3_94a4156f4784227e8e6afdc6520b2a99,fac285d18c3d6ed0aa9876fdb055cc8aeb8d7fb7fab9626ef91f16c5a987b8ed,train
raw/apple/rotten/Screen Shot 2018-06-07 at 2.45.35 PM.png,apple,rotten,local,v3_121eaec5f3547de6949eeae8d85c4b0e,d41938113dda74f96488e061a24c119e9e0b50d336df72ab176835994729294b,val
raw/apple/rotten/Screen Shot 2018-06-07 at 2.45.44 PM.png,apple,rotten,local,v3_cf57b0acbcb8d8b0ff6cd2afd01033c5,58106eecd06bc2fd425f74b6cdc30b8870f10bcfa18338fe8bf8b922d88b32b9,val
raw/apple/rotten/Screen Shot 2018-06-07 at 2.45.55 PM.png,apple,rotten,local,v3_8652d459a3b14c069796d990fc5ebc87,0b5dda452b52fd270d005b92eb7c65c4e960c51009ce78110a83fe62ad44a0a6,test
raw/apple/rotten/Screen Shot 2018-06-07 at 2.46.04 PM.png,apple,rotten,local,v3_ebe8521337a79d5fdb3040b5843621d1,b5cf30f1955f59a4ec850931fcfd6e5e4273742ceb2c54896d080e3197cdc6e8,train
raw/apple/rotten/Screen Shot 2018-06-07 at 2.46.12 PM.png,apple,rotten,local,v3_f7d604090f04001fbcc9686b19147846,113620cbcd7e705faedab1357d3ec12ff78102ecbe1122489d68077931369c0e,train
raw/apple/rotten/Screen Shot 2018-06-07 at 2.46.22 PM.png,apple,rotten,local,v3_9562cf82b710ef0a17ef714408bb8b97,6dc416ca3e920708840cdb17dc39ef44d3f9880ab9ff47e0e69a98ed4302b91d,train
raw/apple/rotten/Screen Shot 2018-06-07 at 2.46.43 PM.png,apple,rotten,local,v3_cb6dd198b1b2a055d093b0f7047837cd,d34e46f8633a5f52cfde009f062ab99206e5d2f49800da057ed8d45be5cf94ef,train
raw/apple/rotten/Screen Shot 2018-06-07 at 2.46.52 PM.png,apple,rotten,local,v3_2f8a5caf3f50f73bc438ea47016e7a3b,6ec0d125ef77838f11e4e7d6f461f73da31a236a36adb27eac6e3ff48449da8f,train
raw/apple/rotten/Screen Shot 2018-06-07 at 2.47.01 PM.png,apple,rotten,local,v3_70dabd96a088cfec5e329ff79c19fa7f,f90adefe52cbefc1608a33a48dd2fc5651b3008d92403bcbc8936e5fad5547c3,train
raw/apple/rotten/Screen Shot 2018-06-07 at 2.47.13 PM.png,apple,rotten,local,v3_5991c90541cbcb61dce837375abfeb34,787d15367ba3e4c36d2a41c013a654b39b96c19a30777a9e902fc067ececb387,val
raw/apple/rotten/Screen Shot 2018-06-07 at 2.47.20 PM.png,apple,rotten,local,v3_d2398607e6a7d3c146854c83b939cb0a,c7f1a1292bdc1174e93b0a093003454d9f8d4a67f7ad394835e071a98c563326,test
raw/apple/rotten/Screen Shot 2018-06-07 at 2.47.27 PM.png,apple,rotten,local,v3_dceea99b03a8fce937eb633efe241e38,c997afa8d48e342452ee6d375e29f830a19c7ab17ec0c58985adc7574505d067,train
raw/apple/rotten/Screen Shot 2018-06-07 at 2.47.35 PM.png,apple,rotten,local,v3_5d5a12916f530d7c074bd09cf0e2eb02,a6780f2f1b5eb026c54728a7d816e8521f93a9eeedab3e9252c5743dd352a862,val
raw/apple/rotten/Screen Shot 2018-06-07 at 2.50.09 PM.png,apple,rotten,local,v3_ef441a8190b36d0c02751bef1315a51e,71e4c52fa2a7124d3d2d4f6e9fe395da1e72ba6f2e28f60941ddae23d9823f8c,test
raw/apple/rotten/Screen Shot 2018-06-07 at 2.50.31 PM.png,apple,rotten,local,v3_e686f556c83b557b5ad5aa73d5d5ea16,71aecd91ba290ed2da17b1bc0bb61fe77f2bc3c13c4e3fd8bcbda112e0effa99,test
raw/apple/rotten/Screen Shot 2018-06-07 at 2.50.43 PM.png,apple,rotten,local,v3_6acc31c50beb954961302bb4dde4c244,e1eea985b4b65b2aed383dddb39b0ee949b08a0851d0e1eb4ed1b8fd2e6ca6dc,train
raw/apple/rotten/Screen Shot 2018-06-07 at 2.50.52 PM.png,apple,rotten,local,v3_b76167a4f743c1a3df69278b0a63912e,599f5620106145322d48f884c04da106cc9c17de9e9256ca6a80e8568cde2e51,test
raw/apple/rotten/Screen Shot 2018-06-07 at 2.51.01 PM.png,apple,rotten,local,v3_7ee38ecd05bb147bbbea7779d7e22054,b99d615fa25c238423ce2f16d066860bbac4b9337c4d7a0bad345a13c93fc4a7,test
raw/apple/rotten/Screen Shot 2018-06-07 at 2.52.00 PM.png,apple,rotten,local,v3_fd0954b698beb6ee11f51992f5803330,6581bf2df86019eca779a874d4f68272870bc98f48510d243fe370bd8dee8d39,val
raw/apple/rotten/Screen Shot 2018-06-07 at 2.52.09 PM.png,apple,rotten,local,v3_8c6c6503456b95691c32b37e0efccb3c,f0dbed89d6c18d241848ff35a82a1cc8fdcaf42ee3b8307516df484f07a8be75,train
raw/apple/rotten/Screen Shot 2018-06-07 at 2.52.22 PM.png,apple,rotten,local,v3_d5ebfcf4be0f7e9f67e6940a6d4452c4,fff84b679bf85e9f099cf9a0194c0bd265debfacc46cb1e821da33ce45c3b9ff,test
raw/apple/rotten/Screen Shot 2018-06-07 at 2.52.30 PM.png,apple,rotten,local,v3_990d928378b9466acaac0f6bbaceea9a,00e5ad0207c25fbfed40ec1c0f0fa8acec60c88648f63f188e7d2aef95034d26,train
raw/apple/rotten/Screen Shot 2018-06-07 at 2.52.44 PM.png,apple,rotten,local,v3_dd4557b7324590c6fb2fdbd8e7cfc321,b19f8497366fe5fcea1bfc537920b08c54c6cab35206568dcdd293f318a692f5,train
raw/apple/rotten/Screen Shot 2018-06-07 at 2.53.20 PM.png,apple,rotten,local,v3_c2c0830ff64a3fdd47f6c5ced5a4151a,7e3fcf528625e1e1bf87b83605fdcd69824180113a4e567fbb99e2664aaed4df,train
raw/apple/rotten/Screen Shot 2018-06-07 at 2.53.33 PM.png,apple,rotten,local,v3_145bd2cfdc8b2c05316fd05bb42c1a23,942b6b7deb226d7b7087ef504fadd339ff436b65cf08f7b07b386f72d59feec5,train
raw/apple/rotten/Screen Shot 2018-06-07 at 2.54.08 PM.png,apple,rotten,local,v3_65269d9f158ea2de056ac69be004c487,4560cb6eba24f7276abf688e5234550ce33f9e69fba3afb155a97d12c7e1397c,test
raw/apple/rotten/Screen Shot 2018-06-07 at 2.54.49 PM.png,apple,rotten,local,v3_72d959d8caf9e46b25919a729f120ab7,faace87a78bd1c00f4a9540e22fa2982b5ea0772346c0ee0ded431b63aed95cb,val
raw/apple/rotten/Screen Shot 2018-06-07 at 2.54.58 PM.png,apple,rotten,local,v3_adc34e5db01ab17d774a3aaaef08ea5e,191f52c545081d4de357b6929bbe919710b5b22fe98f084b7e954bfa0d20b88f,train
raw/apple/rotten/Screen Shot 2018-06-07 at 2.55.27 PM.png,apple,rotten,local,v3_3878f44319dbcfb04991cd0f406ee3b9,35e38ae4d873c04c66351909c1ec1842c48d605b25b867c1e634fbe83e159e26,val
raw/apple/rotten/Screen Shot 2018-06-07 at 2.55.52 PM.png,apple,rotten,local,v3_a8ed6e31027877d16bb1b41610f7b452,582d3bebe4dfc9b48e4841a9edac2fde3a09ceb6bcfe07402ce1939ccbd6d7a4,train
raw/apple/rotten/Screen Shot 2018-06-07 at 2.56.09 PM.png,apple,rotten,local,v3_2bdb12bc180320ca8fc12f9c3127ebf3,aafa55fa40a9eafc2f77ae2963d6f1bfbd929c26bc9076c6426c058337f57959,val
raw/apple/rotten/Screen Shot 2018-06-07 at 2.56.16 PM.png,apple,rotten,local,v3_d99adcd99e9ab1996ef1c037c0704626,bb24821797a528be90e9cf48f8cecfc22b8f2b0ad3b75a1b256c3c595d39d6d1,train
raw/apple/rotten/Screen Shot 2018-06-07 at 2.56.34 PM.png,apple,rotten,local,v3_23a291c701d49f5dd38142fba117c344,83ee61e4e8537f34614f01dfaf72ef900497595da552e90fd748a6ea84ff8b13,val
raw/apple/rotten/Screen Shot 2018-06-07 at 2.56.57 PM.png,apple,rotten,local,v3_c359468f65bfe4f74d8afe035a0d76f9,d512a24bd4b28ab74398f4261d4f47b4cbee6302d566839ffe25ae34100c90c0,train
raw/apple/rotten/Screen Shot 2018-06-07 at 2.57.05 PM.png,apple,rotten,local,v3_7d9287132682d09da339f83e05740e89,92fc92c76bf729d6792d00c2fa4233397b6ab641663c645fba56daebf79b0127,train
raw/apple/rotten/Screen Shot 2018-06-07 at 2.57.13 PM.png,apple,rotten,local,v3_144514130b2dc35d60d9f952e82f3368,c90612a7ee71a85df03a9a1fe137dcd08bbab0236b332175cfb17cf440cce5cf,train
raw/apple/rotten/Screen Shot 2018-06-07 at 2.57.17 PM.png,apple,rotten,local,v3_afd283ff25dacbbeda31836c82bc84f2,56e5d52df823c8716cb4816895760f785bd873d59b35379ee6dd20d34421b3e7,train
raw/apple/rotten/Screen Shot 2018-06-07 at 2.57.26 PM.png,apple,rotten,local,v3_bc0ad85934b3d3f74c449c2b17caf597,15782e90930c86c6dec64876e43330f04919f3093a5ab2ba7a775d1393373fd4,val
raw/apple/rotten/Screen Shot 2018-06-07 at 2.57.42 PM.png,apple,rotten,local,v3_5d6438826303b950cb6c8f2d661b8dfe,2f03907e9544860bad48452838af582962a72a6213334b3eac7a3ead6cca436c,train
raw/apple/rotten/Screen Shot 2018-06-07 at 2.57.49 PM.png,apple,rotten,local,v3_4782979557fc8691b8472de8f0ab505b,9b4ecd9e7c76bba6696f0203ae803d681a4bd1d7783872fd6f4d37860d0e5e3c,train
raw/apple/rotten/Screen Shot 2018-06-07 at 2.58.17 PM.png,apple,rotten,local,v3_2ebb5a5b49643a15fc0a3b28e74279af,ca15ca8c7d3b11ac1b50f8e3e7439f15f9f3e23576df8eb341419434c4950bbf,train
raw/apple/rotten/Screen Shot 2018-06-07 at 2.58.47 PM.png,apple,rotten,local,v3_09fd52ea5934e4a63f8393913af217c4,24b4230d5ffce2a2f89fa5a50ac7510a5ee40b80eed66040140d9ac03c72ecd6,train
raw/apple/rotten/Screen Shot 2018-06-07 at 2.58.57 PM.png,apple,rotten,local,v3_d74fd0901859afcc651aaad9c6a206ac,3aca2abfa480fe2b5b1563c63e3bfa9ef26c770d47e25f4370a6e700976f9901,train
raw/apple/rotten/Screen Shot 2018-06-07 at 2.59.38 PM.png,apple,rotten,local,v3_7533c0ce2c1e352b8690169409daa25c,6593ea8c757e9f8479b6d6393e686505d8adf8e719133a8964a5d3e8ad0b1d3d,val
raw/apple/rotten/Screen Shot 2018-06-07 at 2.59.52 PM.png,apple,rotten,local,v3_784edce9954bef85d16423458b6ac05f,655da74698e7943f8869b7f90acbdbec3dc8fbac5b1acffe5e64253579bb0d4c,train
raw/apple/rotten/Screen Shot 2018-06-07 at 3.00.00 PM.png,apple,rotten,local,v3_385d8f2d242e0a6adea47499349d4c4d,3c5f041ebb6361e5389b660b6f692f3c26e87d928cc72e427266dd5e59a9eed5,test
raw/apple/rotten/Screen Shot 2018-06-07 at 3.00.17 PM.png,apple,rotten,local,v3_7cd4afec1d0c8ce30107fdab468f1eeb,b06cd8c8624b169256b28249fd8f84eccd9c5d35d8f763a0dab80fbfe1edadfd,test
raw/apple/rotten/Screen Shot 2018-06-07 at 3.00.33 PM.png,apple,rotten,local,v3_b80b8225058f096bb8478d333645aa3a,119191f1a64c1bf4e0dbe16fef8fbc29fc5569b6b44427bef2b5557d633145c7,train
raw/apple/rotten/Screen Shot 2018-06-07 at 3.00.40 PM.png,apple,rotten,local,v3_97f6655de96e7de09a1f5b93bf5a22ac,15528c054cbbd7c8750e46ecf78e34b6b395df176cc7214609aeed7e0e4e1432,val
raw/apple/rotten/Screen Shot 2018-06-07 at 3.00.46 PM.png,apple,rotten,local,v3_3cfd89febd551d489b7bffd3b8980bdc,9f40c6294d19a47f3994605e9558f3b081bcc1eae255c5399816420187b6bf27,val
raw/apple/rotten/Screen Shot 2018-06-07 at 3.00.56 PM.png,apple,rotten,local,v3_bd51f4792311fd4182ecf4bf2c926927,47fb97d026051ad5a7737e6f55aedb1081b6ab9be1e58d7158a9ef6c03d806ef,train
raw/apple/rotten/Screen Shot 2018-06-07 at 3.01.09 PM.png,apple,rotten,local,v3_6249ca27e0923ec61071ed9c14aceaef,138395dc5e6358ac12af2b9da0e895538c59c45d189f3ff72f5b98e09aba3d1b,val
raw/apple/rotten/Screen Shot 2018-06-07 at 3.01.21 PM.png,apple,rotten,local,v3_d7ce2e29efa884534f7ff644fee1c584,f5c341c9177bf5a7e123f9f4e7416ae4e82e0ccef0f717318c8c00e557f001c7,val
raw/apple/rotten/Screen Shot 2018-06-07 at 3.01.54 PM.png,apple,rotten,local,v3_2f7821eb7fa1724208e7568aa8607129,8d11d3ff8ee5f3f182162364972152f2c985e1782bf5e77960a9725dd9554d61,train
raw/apple/rotten/Screen Shot 2018-06-07 at 3.02.02 PM.png,apple,rotten,local,v3_ec3e190c86a3ab9d06a5b9a7dcebc7cb,742faf925a631d2ede29c42cfd5f61173e26039e60e78b26b1ee5ec7b75440e8,test
raw/apple/rotten/Screen Shot 2018-06-07 at 3.02.09 PM.png,apple,rotten,local,v3_537a391c4c3977f1e09b9b2aaa0f05f1,a119bcffa5edde0f34a09981d96918dda92757b331ba3d79b7de873843324761,train
raw/apple/rotten/Screen Shot 2018-06-07 at 3.02.18 PM.png,apple,rotten,local,v3_e87fd39c6b4b35667c3ed304597350b6,3b0977d1e6fc5a38bdc0806ba4e35581b8ac0543406ce80ab7c78c1a0d75a60f,train
raw/apple/rotten/Screen Shot 2018-06-07 at 3.02.24 PM.png,apple,rotten,local,v3_8edfc736c26a960d25b7b548d6e8a100,89de14e91f3847558f6df20f2f11899857a41711e41811ca36bf4a8edf13f6e9,train
raw/apple/rotten/Screen Shot 2018-06-07 at 3.02.51 PM.png,apple,rotten,local,v3_64d7851c9f790ed761f9b29906356e71,1124c29f2b4e2d0e9c9b3cee3d2e4b832e8ab6a4264e7aa32a40722faf15a0df,train
raw/apple/rotten/Screen Shot 2018-06-07 at 3.03.12 PM.png,apple,rotten,local,v3_d187361b05f7d4be328472fbe89e5635,62a4df940f45863e4c39d93ef25bc37e0959e2290ec8b0078de0d712331dcc2d,train
raw/apple/rotten/Screen Shot 2018-06-07 at 3.03.21 PM.png,apple,rotten,local,v3_2c781a18acd32ee2155d6704a27ca995,ceee030112051f3769b6641b6d0c9e174d6b8407ddffc933d1d69d9c19d78bc9,train
raw/apple/rotten/Screen Shot 2018-06-07 at 3.03.38 PM.png,apple,rotten,local,v3_44e63246da98503f47932e5f07aa4530,439587f79602577242a2cdbf5eca2fff7760e3dac358d0fc5a3312acd029eaa1,train
raw/apple/rotten/Screen Shot 2018-06-07 at 3.03.46 PM.png,apple,rotten,local,v3_4e1faa1441f4b009acbd8e58d732a0bc,531b2889f39f5e877003b713755bced1150cdb241dee86cf7609ccbb4399ac62,train
raw/apple/rotten/Screen Shot 2018-06-07 at 3.03.58 PM.png,apple,rotten,local,v3_c3c24a39d67cd75bfaaf327f54fb2014,c320b8b183bc085ded6bf99b51dc02548894b220b2f5e8ca0db5161d0edb6b3d,train
raw/apple/rotten/Screen Shot 2018-06-07 at 3.04.24 PM.png,apple,rotten,local,v3_0e77bca9b917198a2060cdd58120f609,20fe6207b984a9fd677a69455ef5b8e0ad34f3ec9dce137ea09bba2b5a793c11,train
raw/apple/rotten/Screen Shot 2018-06-07 at 3.04.35 PM.png,apple,rotten,local,v3_08541d03ed058d22c66637138a6e5407,5dee5505287888ce13b5b065fc3311a8fb82089d4107d95effa1dc1c97be5a5d,train
raw/apple/rotten/Screen Shot 2018-06-07 at 3.04.41 PM.png,apple,rotten,local,v3_cc90dd2d6ecd227e4ec245a9edb184d9,7622fa70fec3bf1da374fc640fe8687ce9f1e6a9463ccb0ab3e653312f2648e4,val
raw/apple/rotten/Screen Shot 2018-06-07 at 3.04.47 PM.png,apple,rotten,local,v3_e4f6cb3c04e07d94e1eb39e64c40438e,a225c2d66a086d1297135fc7160cbd80af2e43fd3abb33ea75771755ac95fc14,train
raw/apple/rotten/Screen Shot 2018-06-07 at 3.04.58 PM.png,apple,rotten,local,v3_92a3e27e6dfa69484a4fb51e0d4f8077,8726d06b67fb30740ded7d5c1d6371d0344bc47ff47e001c2332a423aab121d2,train
raw/apple/rotten/Screen Shot 2018-06-07 at 3.05.05 PM.png,apple,rotten,local,v3_0c7e27c3323e8f38caa34786922b0243,fbe8d22d9d4c5e832f58b7a28ade191e6c3fb80e12df6756546c09b6e68a6881,train
raw/apple/rotten/Screen Shot 2018-06-07 at 3.05.13 PM.png,apple,rotten,local,v3_22edc841bb404f0bba19b7a89f33b23e,749e67d63dbac3bc782c324d41f57b857854679ce066bb26a2928583eb35269d,train
raw/apple/rotten/Screen Shot 2018-06-07 at 3.05.29 PM.png,apple,rotten,local,v3_9f54c637f7f67f8c0337043b426f94c5,74820dc757eb1c3e42605d3ccc06d7c34bc34719280dafe340d880e18701674e,test
raw/apple/rotten/Screen Shot 2018-06-07 at 3.05.46 PM.png,apple,rotten,local,v3_15b69bf978bd3d1b3fe78d179a9b31de,cc533a5b1850ba4be602fc6d0b79c7540d26c9fc19bf8356bb156051f5521127,train
raw/apple/rotten/Screen Shot 2018-06-07 at 3.05.53 PM.png,apple,rotten,local,v3_a465c7ffdad4ed54eda687f77d3ab4cf,00a65f4db48619c9578d8adf1782ee7289d4575d0cdb8639cc35e673d2e6b07c,train
raw/apple/rotten/Screen Shot 2018-06-07 at 3.05.58 PM.png,apple,rotten,local,v3_d8ef9c850da0c0a3ee5fdc1e246bbeb9,e31a93f16b57072e69d9d3134af54ea10cb538c8dff467c04e8ae4cebbfa6e53,train
raw/apple/rotten/Screen Shot 2018-06-07 at 3.06.06 PM.png,apple,rotten,local,v3_9c51b71219624f1fc6184e80c62f8c20,1309995a97c0bbf189433b3ba456ce2389fa436cf7f18ed09e373f24101ea5a4,val
raw/apple/rotten/Screen Shot 2018-06-07 at 3.06.11 PM.png,apple,rotten,local,v3_5cfa96716f75e1febae6688ef9a60338,e36f6665ba6a6c78537d2513469aa13914912b88dec5e834abf75245df8f2ca3,train
raw/apple/rotten/Screen Shot 2018-06-07 at 3.06.22 PM.png,apple,rotten,local,v3_e6f61de8d47c2de755f809937d654a38,da781b716390228e0b44cc5b0939a8c537f752e75d17cbd4b3d649d22e9d089f,train
raw/apple/rotten/Screen Shot 2018-06-07 at 3.06.51 PM.png,apple,rotten,local,v3_725aa25133306b27fa81226a4505059b,03d8431f5ba38862c9c9470cac67415fa748d8fc442043fad61c5f2a39a24810,test
raw/apple/rotten/Screen Shot 2018-06-07 at 3.17.25 PM.png,apple,rotten,local,v3_7eede9d8f0b7f8cdadc1b805b9c9d530,563de10cb8ce997535dad7d67d0108f25adba77079019c224e94d5e15a52c4a6,train
raw/apple/rotten/Screen Shot 2018-06-08 at 2.21.33 PM.png,apple,rotten,local,v3_c140ccd68205f7da58d2edb4e495afcc,1d6d0aec3df7ae074659f5bd8c0f14ba0646ce9e82180b37bed0ce39eac5f87c,train
raw/apple/rotten/Screen Shot 2018-06-08 at 2.23.40 PM.png,apple,rotten,local,v3_223f5c016cf5a0d69138b39344199bc4,44fa614f54972d6a2ea49f1ed61cb843cf624b29e4fa327abaaeed0b10aa9664,train
raw/apple/rotten/Screen Shot 2018-06-08 at 2.23.48 PM.png,apple,rotten,local,v3_c140ccd68205f7da58d2edb4e495afcc,e7bb071bfbda8151739983b2feed29108175af4d85a3d3f4d89801813ad01a35,train
raw/apple/rotten/Screen Shot 2018-06-08 at 2.24.09 PM.png,apple,rotten,local,v3_5e9b81c066572b77e961cb9027b03469,a24a01343975f57c1820999fe849ac15ad34e668a022c4644b426cb2c6244824,test
raw/apple/rotten/Screen Shot 2018-06-08 at 2.24.15 PM.png,apple,rotten,local,v3_d12c8e7b981c32cb84c93d9b3746d0ff,1e7f7372709efcebb4de1b9e3e0f2f35335497dc5d4f8eb5c0ceaa40e2619c39,val
raw/apple/rotten/Screen Shot 2018-06-08 at 2.24.31 PM.png,apple,rotten,local,v3_335f10c0e81f7bbb3177dcb8dbc1e650,3750f4b2a8c8605d056ed953b13e592a0fbcc14bc056538cc09060f7486ef603,train
raw/apple/rotten/Screen Shot 2018-06-08 at 2.24.37 PM.png,apple,rotten,local,v3_4a4653e16f9522178e8c0140b00c3966,58d5aa767426c64944271129399d984f521c95851da75fcafe2f3d309494d48f,train
raw/apple/rotten/Screen Shot 2018-06-08 at 2.25.43 PM.png,apple,rotten,local,v3_98451ca00392310d51a4a823697345d0,df6bbf7fdfb7da6ec2dcee1fcf134d9d662683078c1a960ffcfcafc6c580c1d9,train
raw/apple/rotten/Screen Shot 2018-06-08 at 2.26.14 PM.png,apple,rotten,local,v3_f227153efbc91c48f020a46561cc8659,1f01db1bbc1fe374dc09dcc56989f2a8ec254d57fbaa85b89486d721c3b77ffb,val
raw/apple/rotten/Screen Shot 2018-06-08 at 2.26.34 PM.png,apple,rotten,local,v3_f7e264160333f087df6fe5cd3360ec6e,3db0fd06bb92ee7c2465ead9dbc82c930e46b40c6193928e36a060b28a7fd084,train
raw/apple/rotten/Screen Shot 2018-06-08 at 2.26.44 PM.png,apple,rotten,local,v3_5e55fcb747bfd0f0e6d00f94f78676a6,4f5fa92ddf6ed4cb4551e60d2a47ad7552340bae9a94c0ae4277f71891179f31,train
raw/apple/rotten/Screen Shot 2018-06-08 at 2.27.15 PM.png,apple,rotten,local,v3_2afa75932522780a3335d54b6828df75,64663d5604acac54480b1196e2a39c0703e86c034cfdd6c68115824a4ca158bc,train
raw/apple/rotten/Screen Shot 2018-06-08 at 2.27.44 PM.png,apple,rotten,local,v3_331988af344405167fb3b26676458ebc,fa8cc7df201f613a1d6cf3f7737b7fd24ac92fb8caf156fdf67a08dd2c6ce2dc,test
raw/apple/rotten/Screen Shot 2018-06-08 at 2.28.00 PM.png,apple,rotten,local,v3_bc977ce52cf0b25756feaaa96242e973,36f5b24701be727a4d49c7aa949320b464c366a9453565c34854bb30332688ab,train
raw/apple/rotten/Screen Shot 2018-06-08 at 2.28.12 PM.png,apple,rotten,local,v3_602cd742cd68714426720005cce19a72,6319ca1d572f10cb43fbb406a4f6f6af290cf465fe04db2172ee965d7557fefd,val
raw/apple/rotten/Screen Shot 2018-06-08 at 2.28.23 PM.png,apple,rotten,local,v3_697286bfb8b029bb57824973b623aad5,31f0d5d9e44433c5a93029f1b3510a833b1e2129b35f296813fe5e1a01988671,train
raw/apple/rotten/Screen Shot 2018-06-08 at 2.28.42 PM.png,apple,rotten,local,v3_d164ab01735b62de5c8f12ac86e1acd1,e79ad312594a3e69fa1d88fb587f559b55886f3d2d814d185c8dcbc6a390955a,test
raw/apple/rotten/Screen Shot 2018-06-08 at 2.29.33 PM.png,apple,rotten,local,v3_57e6b0a9a816a0dbb1306958f5c7806c,e03fc70127a9f42379fcb332d28c1b21c2ae5c476f06e69f895ddae2cba15bd0,val
raw/apple/rotten/Screen Shot 2018-06-08 at 2.29.55 PM.png,apple,rotten,local,v3_bba56e0f8380d119e32c1f2d4c0ce975,1a19ae0d52aa8127950b1d83a248618482b19324c2c32c06dc96ae19c87ba9f1,test
raw/apple/rotten/Screen Shot 2018-06-08 at 2.30.03 PM.png,apple,rotten,local,v3_b0869f84bd043ee3ef29ff8ae167c9e8,389f1d5328c5457c22d600e8886c1f4776edfbeab1e28772e52239cbfcd21ab0,test
raw/apple/rotten/Screen Shot 2018-06-08 at 2.30.26 PM.png,apple,rotten,local,v3_359d0fbcd73fb464f4b85c30833e2ab8,40014f9112aed75e364c3de7da5b983bfffacae24aaeba08ed6690cd66c27498,test
raw/apple/rotten/Screen Shot 2018-06-08 at 2.30.31 PM.png,apple,rotten,local,v3_cd2681215336cda9c44c00090155952e,281fa564cadd8181a6730de6ed881d5395a4d7315a19b5fdd5de7bf24610841f,train
raw/apple/rotten/Screen Shot 2018-06-08 at 2.30.40 PM.png,apple,rotten,local,v3_fe061a6b3090fab8ceb0a96d7e197f91,b30090125229a5c5ce3c4777ce31a6eeb7f0604f36a11bd2bbf84dbf9a7c64c8,test
raw/apple/rotten/Screen Shot 2018-06-08 at 2.30.57 PM.png,apple,rotten,local,v3_8e9db97206148a0f4f00ff76b5b1a38d,47cd68ebb072bbf2a3e96cc0f436b26993a9bd1b1d24b8a8b26fac638788c2d8,val
raw/apple/rotten/Screen Shot 2018-06-08 at 2.31.08 PM.png,apple,rotten,local,v3_495fef1f87c89d95e0d8f967794eab0f,b0351295a53fcefca63cef8fff51b51844897b0c079850cfa309978506a60791,test
raw/apple/rotten/Screen Shot 2018-06-08 at 2.31.16 PM.png,apple,rotten,local,v3_550665202d40998b2dfe7d229c509478,a9a9bf1918ea45e5269e57dec3bcdb6790cf64047c9236488df56abf7d84b840,train
raw/apple/rotten/Screen Shot 2018-06-08 at 2.31.23 PM.png,apple,rotten,local,v3_8e9db97206148a0f4f00ff76b5b1a38d,4287300b82b8acbb7e1351b6fc104d76206c481725d4e2641d9250d58f9ce106,val
raw/apple/rotten/Screen Shot 2018-06-08 at 2.31.33 PM.png,apple,rotten,local,v3_765fb4c0de3d8e7cb21c0838dc2a8300,b25fa880b5fa40ee7e8ce19d2d7b2fde134fd03018cb01da48637b6d603b34cc,train
raw/apple/rotten/Screen Shot 2018-06-08 at 2.31.45 PM.png,apple,rotten,local,v3_bb5305213c561a068868c3dd4becace2,76ac457f6bd92ffedd6c5078a958ebb30931e153b6507b4a36e06a551fb17027,train
raw/apple/rotten/Screen Shot 2018-06-08 at 2.32.10 PM.png,apple,rotten,local,v3_9375553f1bd604315c4598fc2ebdbe11,aba6a51fee42dde9a936fa7b71a25cfd42708e712f211a2c0f13f8a0d3573b17,train
raw/apple/rotten/Screen Shot 2018-06-08 at 2.32.42 PM.png,apple,rotten,local,v3_38df43b23d3db8afa5933ece97329ded,70f1ff2730488741dadc8fc5c02d265354ce338d0e5fad405ecf959e4289d8d4,train
raw/apple/rotten/Screen Shot 2018-06-08 at 2.33.04 PM.png,apple,rotten,local,v3_645dd8e9dc880b9bb51d965d3f3a9c21,8afed8d802b3a23203c847d67ae2a4c25d52e9ac9204113ba6b80cff2d4386ce,val
raw/apple/rotten/Screen Shot 2018-06-08 at 2.33.28 PM.png,apple,rotten,local,v3_749c2af07ae173300f8952aa19d9d613,c265c4584c5f9d2615fbd3be9c7608b7326adfb384c05b005d3e440b7b19dd1d,train
raw/apple/rotten/Screen Shot 2018-06-08 at 2.33.49 PM.png,apple,rotten,local,v3_2bfd4aebb646d91751f6c3f85dc3545f,8ed18db62e894f45c909433c166a0828c59fe267f1497646a3313f6b6c6dff7b,val
raw/apple/rotten/Screen Shot 2018-06-08 at 2.34.05 PM.png,apple,rotten,local,v3_ea4f827444cdd2c1853026ac22429666,c8578c8d20aa910675f5d1c0b4014fb11998d77cf6199b8ebf2d2926a3ad72d5,train
raw/apple/rotten/Screen Shot 2018-06-08 at 2.34.42 PM.png,apple,rotten,local,v3_6e46bdb0c1801e79bada70a304d61c8f,0d91b962da1170270b39d3dfe85639ae525e3c4b7ae4a54ad047dcc9749ec2fa,train
raw/apple/rotten/Screen Shot 2018-06-08 at 2.34.51 PM.png,apple,rotten,local,v3_14d1c377f1a0f5bf60c487d1e9a7c7c1,7ef78c6af1e00fe76e443e694368bf1c177b76a9f41ec34186535deeb87e4cdc,train
raw/apple/rotten/Screen Shot 2018-06-08 at 2.35.03 PM.png,apple,rotten,local,v3_6b296c6a0f5de2e454d4f32ebc6296f0,b3e9785c70ccbd5238a42f600f44196974cf650bf347de3a1f50be918a0e74f8,val
raw/apple/rotten/Screen Shot 2018-06-08 at 2.35.10 PM.png,apple,rotten,local,v3_8e9b5b21354b87c322b29c50848ab093,f55e77eb566908237424620d30f45dfdf616b33fd8e2dab4389485241d03a249,train
raw/apple/rotten/Screen Shot 2018-06-08 at 2.35.25 PM.png,apple,rotten,local,v3_22afeabd217ed443634c776d0993418b,a3bb668ad07856a5375efedefb416a2cf4771d6ca53aa45aab9fae84dfc24b1d,train
raw/apple/rotten/Screen Shot 2018-06-08 at 2.35.32 PM.png,apple,rotten,local,v3_455234353da8cc2c16ef44b43a91aa83,73adf002cd89d4f12d70e91d97dce66cae744568aa270d594083666840d2a5a8,train
raw/apple/rotten/Screen Shot 2018-06-08 at 2.35.37 PM.png,apple,rotten,local,v3_e9905a804fa5a35da204164c8d95b25c,0ddad4c4f47fe7f6805defe0de7f842dcf93d22045a2fef4b5f629255cbc560d,train
raw/apple/rotten/Screen Shot 2018-06-08 at 2.36.01 PM.png,apple,rotten,local,v3_bfd439303fa285cbd20c971a7eecdfb2,278376d9b73b8b345a1d2bd0547c1f37c45171cdf06e02ebbe5adc373abde396,train
raw/apple/rotten/Screen Shot 2018-06-08 at 2.36.18 PM.png,apple,rotten,local,v3_2df60245958cfec5e1d47bcd0dd41596,bd4e32b0fc48546717dde1589c5dbbe20e079787492ba99123c8d0a9f3099824,train
raw/apple/rotten/Screen Shot 2018-06-08 at 2.36.23 PM.png,apple,rotten,local,v3_0365240f0521d578d8f718b747716582,c62c4cbe101e6452e60d1c95059a83b019927fc2384c83fbdc7ee12f0b5d610e,val
raw/apple/rotten/Screen Shot 2018-06-08 at 2.36.31 PM.png,apple,rotten,local,v3_b0043a49d46b5590f8d725291b2c0c22,cd244af0fcfb6e8cba640bd40cf9711b9e61ca09cd5658b8a9b6748058d2fcc9,train
raw/apple/rotten/Screen Shot 2018-06-08 at 2.36.43 PM.png,apple,rotten,local,v3_a9bbb6f835f0d723174ca1b528b86441,7094e9f88c1995110b3d505f7af7a80f42de240d5793166a15d8a97e5a448c67,train
raw/apple/rotten/Screen Shot 2018-06-08 at 2.36.55 PM.png,apple,rotten,local,v3_39479a2a3875cb4f41881e8d5bce1639,fe0be8584aa7cfd94338250fe5ebbd601abec97ceac847684e079ca2e821ec00,train
raw/apple/rotten/Screen Shot 2018-06-08 at 2.37.13 PM.png,apple,rotten,local,v3_26d849f11ebe6f5b35c45266ee6baf0f,b09aa7974522e042a5d11e99cc36e50438be40ad10677de05db8ff72bf0379c4,train
raw/apple/rotten/Screen Shot 2018-06-08 at 2.37.19 PM.png,apple,rotten,local,v3_e0bce15498bafba9fa65ccbbd4ac8dbd,9358762466f9658e409cee7d9721f5b2a3e2d7e3c9363a20fdee91444ddfb759,train
raw/apple/rotten/Screen Shot 2018-06-08 at 2.37.24 PM.png,apple,rotten,local,v3_9994ff60bdb65b3d3f9dc3f13905066b,13777b29816a0ceb74d0c15dd4dfeff3d747be1ecc64f31d6ce9b598f67b5892,train
raw/apple/rotten/Screen Shot 2018-06-08 at 2.37.53 PM.png,apple,rotten,local,v3_1ccd07a1f9a8a66c6551a806909898c7,d119af37ad1cb5d720178cd5bbdef21b26bf87c5dee3f147e8e76aa495a3b1a5,train
raw/apple/rotten/Screen Shot 2018-06-08 at 2.38.08 PM.png,apple,rotten,local,v3_7eaade0ff132a22af65e9f6e7f3b6330,d4be4fe2d17f516a166fd22c2c62c6164abc4d58283795602ca767a3a3cd3086,train
raw/apple/rotten/Screen Shot 2018-06-08 at 2.38.33 PM.png,apple,rotten,local,v3_3c0ab954ffd10f3dcf5128863925e340,9b410c1e0af5b45e07c7f71c551cb19f5fb5b5c48d970d472766a1159d506b5a,test
raw/apple/rotten/Screen Shot 2018-06-08 at 2.38.47 PM.png,apple,rotten,local,v3_c7f0c9c86a7d9eddd61ca821dc25ac69,4efe6874353d3630d49271cca795259f7f150aa42b9504a18de62050fff8f8ea,test
raw/apple/rotten/Screen Shot 2018-06-08 at 2.38.54 PM.png,apple,rotten,local,v3_1ac26d630d83ed29c95fe9def33f6e19,e41367ad602df4fd0a639c2549eb31895e9d6bab8cac01726d16a6c720ab6959,train
raw/apple/rotten/Screen Shot 2018-06-08 at 2.39.02 PM.png,apple,rotten,local,v3_4a9c37925929ce93c0ddb539c90acdeb,b686150b5bd92e920a3fc5a246bb1bf2726716e82535e7f44397280b7d9bf004,val
raw/apple/rotten/Screen Shot 2018-06-08 at 2.39.21 PM.png,apple,rotten,local,v3_bb47cfee0ebd0855408c1a27dc9a94b6,4031eb6d2872771770e2b14eb02e59843f6c2464dd8de26107380e95e7218ec6,train
raw/apple/rotten/Screen Shot 2018-06-08 at 2.39.26 PM.png,apple,rotten,local,v3_18873fec1965816c0c6a44f4f74c4194,fe37b8828ddc9423f002aebdb3221076c6980237331fb7a7ab79440d8ed7b296,train
raw/apple/rotten/Screen Shot 2018-06-08 at 2.39.35 PM.png,apple,rotten,local,v3_dbb519de4bcc8bea92555c423df52b7d,80ce9981e72f3e371de0ee4158b4b7be32b580b63f007cbe7326628ae645347f,train
raw/apple/rotten/Screen Shot 2018-06-08 at 2.40.09 PM.png,apple,rotten,local,v3_489044624a6d76cb615c0d9fa20e9e56,77e45e9945a0742911c4f3080d6bc192b3e25b2522c75009bc2fcb4bab956f74,val
raw/apple/rotten/Screen Shot 2018-06-08 at 2.40.13 PM.png,apple,rotten,local,v3_6b7c605882446aa5e932d9e49a0f283c,3886bf9f09633e3e242cf11f377495dfbf17b63f1c92cf173a1eaf64d1460630,train
raw/apple/rotten/Screen Shot 2018-06-08 at 2.40.30 PM.png,apple,rotten,local,v3_bca3a97f85a5bee47b53b3b5290ed8f5,b2b127fbdaa847dc104785a46f225c47024410faa87666e83a96f1b0710f98e8,train
raw/apple/rotten/Screen Shot 2018-06-08 at 2.40.38 PM.png,apple,rotten,local,v3_3b5be7bc9ab5e3a7bbd1a0fdda735dfa,ee28984bdeb47b375d1515ff9e550b9a9780edc98214665fe33a8d5ab2f93722,train
raw/apple/rotten/Screen Shot 2018-06-08 at 2.40.46 PM.png,apple,rotten,local,v3_86947d8cbee3d001274cbefe14c22b7f,ad0fbb8622950bf0cd6e49bb7ce94f6fdb6cf7026a9e01df928540ba91c2d6f6,train
raw/apple/rotten/Screen Shot 2018-06-08 at 2.40.56 PM.png,apple,rotten,local,v3_029995430bd8406842ea4ecfdd10ab81,3968d8ebe91c95b9bd41f00b43e1cf801950407bdc02484e92a5b29f3f232ddf,test
raw/apple/rotten/Screen Shot 2018-06-08 at 2.41.16 PM.png,apple,rotten,local,v3_c8f79730d7dbbaa0db619c26d814d2f5,686077887a2a680bc5f2d7e1282d736f90cec52cb4abc9c79210ceeb027e8ad8,test
raw/apple/rotten/Screen Shot 2018-06-08 at 2.41.39 PM.png,apple,rotten,local,v3_c61b2bc73e786b34b67c0cee3a763683,271e70379593b18867681ada1dbbe6ac860a7f2606732e6ead52902225851f79,train
raw/apple/rotten/Screen Shot 2018-06-08 at 2.41.44 PM.png,apple,rotten,local,v3_d611e07ce86c62ab535b1e02a6b4f2fd,e9bf4bab31e676d33089b498e5d2d320ffcc82880ca0e96e9c2c5f4e737ae6a0,train
raw/apple/rotten/Screen Shot 2018-06-08 at 2.41.54 PM.png,apple,rotten,local,v3_6fe698df76354eebdd1bf180353d84a6,978789a6bf4a68ae591dd46c9ac6c01725669daa66e516ac8c158ef4580e7801,train
raw/apple/rotten/Screen Shot 2018-06-08 at 2.42.06 PM.png,apple,rotten,local,v3_089d10f7f06755034e0b2a56ab472cee,29395bacd6a666e369f6a4204403058f78e469dd4a6e21d63c3e7f43ab7402bc,train
raw/apple/rotten/Screen Shot 2018-06-08 at 2.42.22 PM.png,apple,rotten,local,v3_89a0f379283ad8c33e027d494c46ecdf,5a87442d2027875b546713c412a1b407f1e554419642dba7759b7f4f3b96c0db,val
raw/apple/rotten/Screen Shot 2018-06-08 at 2.42.38 PM.png,apple,rotten,local,v3_dc5586cb73926471fb0a4535a525a366,a2bcf88bdd69a0415e0544f116e556a21603ba4a949c5fbac7d7a95c1b33876d,test
raw/apple/rotten/Screen Shot 2018-06-08 at 2.42.52 PM.png,apple,rotten,local,v3_c6e1002c88e3af800d84b53eb8bccb82,866c41ad5878177bc43559cfcbd4a0c739e12d6c2815c92e53f31ab154977e86,train
raw/apple/rotten/Screen Shot 2018-06-08 at 2.43.29 PM.png,apple,rotten,local,v3_a29d8aeee6d136b7d4f6c155c682a47f,12361eca24ef193206ede0925171ee3447a46b7dada5d14f98b1d6c0bcecf08b,train
raw/apple/rotten/Screen Shot 2018-06-08 at 2.44.13 PM.png,apple,rotten,local,v3_6068d0f836033a40d08dd49e25cfeb91,9ee8fc0dc22aa0513891314e210eda959573c55132e1f230b08100ca9fd220fa,train
raw/apple/rotten/Screen Shot 2018-06-08 at 2.44.54 PM.png,apple,rotten,local,v3_e90fa75b644340a2cbd5ae2a0c51884d,2cfba7cdc9aee7e348b037e8aa18e36e73c4cd70b2549fec00e35df513af95ac,train
raw/apple/rotten/Screen Shot 2018-06-08 at 2.45.05 PM.png,apple,rotten,local,v3_07c856141fe000fa14e3a73129f8abdb,a54bd6be34acdda871f7264d7a368be77ade42fdfbf4cac695a73317beda0572,train
raw/apple/rotten/Screen Shot 2018-06-08 at 2.45.50 PM.png,apple,rotten,local,v3_bffdd99c74cd5cd7268c87ec7c6e3d6f,86be344b338a9bb04f5773773284f9ca189fd33cc534aa76fa242b933fc95d5a,train
raw/apple/rotten/Screen Shot 2018-06-08 at 2.45.58 PM.png,apple,rotten,local,v3_65883e667586d507c0c1d5b9b1ce5c8a,43c4f936ddd35de5d31eeb88b3687206c08f8d9687a5e3496a3c9ad92fab781f,train
raw/apple/rotten/Screen Shot 2018-06-08 at 2.46.36 PM.png,apple,rotten,local,v3_ff7ca5c9bcd7c1baed901c263951d918,5abef72d8d7fb2a9b143f5fbd7492b684c35ccb9a7f02aa33cad231946142d0d,test
raw/apple/rotten/Screen Shot 2018-06-08 at 2.46.44 PM.png,apple,rotten,local,v3_1676eab4fa6d54e40cd19edf4e74ac79,365472083cad3a0d90c2bb7d5c453fd61e4b7297837fa39a46813b5462f9bd3a,train
raw/apple/rotten/Screen Shot 2018-06-08 at 2.46.50 PM.png,apple,rotten,local,v3_923ef7529fd76ccfbd4b50a54149ca96,86c356732d983696f73f609ddf2b01468d4f70b769c354a1b35968a4d7bf4c2c,train
raw/apple/rotten/Screen Shot 2018-06-08 at 2.47.03 PM.png,apple,rotten,local,v3_d7ab7e2cf2ef8686a33354bf13780714,f1a86e90d5ca5d7865d26dbf67ee65400fe9527ecef9f3928ac4b5b09ad27d6c,train
raw/apple/rotten/Screen Shot 2018-06-08 at 2.47.09 PM.png,apple,rotten,local,v3_7919dbf8b21b433bad94c7d160017b86,128e87c9fa33534b9669dfb012ea9a0bee454a659a5aa3cd2175f0cce0381f72,train
raw/apple/rotten/Screen Shot 2018-06-08 at 2.47.30 PM.png,apple,rotten,local,v3_b0a3ef99e660b16db5031b053b311de6,e5a28e8301b52dd02ec10f4a520008caeca0d401eb1de0d8a152a093774671b7,train
raw/apple/rotten/Screen Shot 2018-06-08 at 2.47.37 PM.png,apple,rotten,local,v3_2cc2f34596d1e35929908b970fe58fac,07954351949b7bed3050756e964635ff2a8e9c3cb6ce396fdbfa8946242e490f,train
raw/apple/rotten/Screen Shot 2018-06-08 at 2.47.49 PM.png,apple,rotten,local,v3_e9825f94c11fe714b0f344dd8f4c196d,83f25f7921bd99c70257f2dd6c452753c0db03d30b646e7cbbeb51958224e7be,train
raw/apple/rotten/Screen Shot 2018-06-08 at 2.47.54 PM.png,apple,rotten,local,v3_85ed6017e8f167f5064d0d68418e65a7,caddf5a05a00438f792b54f03cd9da003aa29e4f2df484c62a949c087fb01420,val
raw/apple/rotten/Screen Shot 2018-06-08 at 2.48.00 PM.png,apple,rotten,local,v3_8f469a39aef77073a5bbff7dcec88d44,cee7e8fb41a0b390ce651ffc493d1f75103d4fda21af3a4a535e0297a1fa7dca,test
raw/apple/rotten/Screen Shot 2018-06-08 at 2.48.15 PM.png,apple,rotten,local,v3_9f83350211be2dc3d2099c5747fc28b8,bbf04d64ab893b129783b226c8451255048bd26d990ce7d0f8d78df8a544592b,test
raw/apple/rotten/Screen Shot 2018-06-08 at 2.48.29 PM.png,apple,rotten,local,v3_314906ad3c1ba6b0f944e2f9d8a102a8,efb19c6000cee4b1112b0a2a2a988a8fc3a14e51ab2d7d0a19a61c441d8582d5,test
raw/apple/rotten/Screen Shot 2018-06-08 at 2.48.52 PM.png,apple,rotten,local,v3_897e0a5bca4aefd98e132b1ebd5cbbf3,fb219e71e1fe0a44d32318e3c5eeb8294aa5d58e4208bde318bfad1b0ff2a3c4,train
raw/apple/rotten/Screen Shot 2018-06-08 at 2.49.27 PM.png,apple,rotten,local,v3_6bf1609a2f3ff026d0bc389a0879ac1a,45638420b8ce096f20a2d4d03aea2d447b622cc9d5920eb550f582b802a94b25,train
raw/apple/rotten/Screen Shot 2018-06-08 at 2.49.40 PM.png,apple,rotten,local,v3_3d9091722de9093b0f7c734ed0a261aa,f66e404c9f35f97b7655d16e4b3add76506030fb13764628c5e7bae12649a414,train
raw/apple/rotten/Screen Shot 2018-06-08 at 2.50.22 PM.png,apple,rotten,local,v3_1f7160d74f0c6cd8cb3aeb05cb72a65c,806ef219e2fdb637d4284e7a58793bfd095fe71b636807c0e4600d4c82ebe03a,train
raw/apple/rotten/Screen Shot 2018-06-08 at 2.50.33 PM.png,apple,rotten,local,v3_7ae329824f64c33ed4f6e6008d7d24b3,72a34c51b3f2b53e0053c3fe16791e5255c6db3440349fd37575096116a1540b,test
raw/apple/rotten/Screen Shot 2018-06-08 at 2.50.38 PM.png,apple,rotten,local,v3_8d2f01d8d3567b4ab5aa9cc664909885,a1a1fbe97a0a13dfc91ada53c7dbdaecc216b194a50a5071d66629e61fb8e66f,train
raw/apple/rotten/Screen Shot 2018-06-08 at 2.50.55 PM.png,apple,rotten,local,v3_5aa6d1ee7ee4de790e981a68782742c8,63e2b10f6dd3227d0024286c833f3cd6826a2b1d52cbd56670689d4792613018,test
raw/apple/rotten/Screen Shot 2018-06-08 at 2.51.09 PM.png,apple,rotten,local,v3_89006b9bfc983cce553dabbe72d0138d,efdc20361d6a4cbea2e0a60cc97c2692daec61d8a7111e849cac943737a0d234,train
raw/apple/rotten/Screen Shot 2018-06-08 at 2.51.43 PM.png,apple,rotten,local,v3_691ff56bf37ffe600be20e2681ea0292,e252caf5d25643c17316a233b744c35bca0196c6b61e066e1c33fc94dabb8f76,train
raw/apple/rotten/Screen Shot 2018-06-08 at 2.51.55 PM.png,apple,rotten,local,v3_ac6ad429861f1627293d07d21307a566,3389350794968c3f9c67a1aacee1fadc65430245df1f4fb84340d5bc64fbb4fa,train
raw/apple/rotten/Screen Shot 2018-06-08 at 2.52.05 PM.png,apple,rotten,local,v3_bde84b4d82787413e429f7c470125468,868dadb5b470ae1bc3c2010394f181b382bf550cb64189182a8e63e09fdf7b24,train
raw/apple/rotten/Screen Shot 2018-06-08 at 2.52.20 PM.png,apple,rotten,local,v3_fc36109c362df377810dccfdf18cd2e1,2083e52169128a891643159b0e1fc691e1f4ba2486343872f25974353648e65a,train
raw/apple/rotten/Screen Shot 2018-06-08 at 2.52.43 PM.png,apple,rotten,local,v3_e20507bfc1851eafe3f1259a3daa7663,32bcc8a8c66fddc456dbf771ad837e0a6ee61e4c28161fa12ee6d05b4ce8cd50,train
raw/apple/rotten/Screen Shot 2018-06-08 at 2.53.14 PM.png,apple,rotten,local,v3_388c0b1eaa20e011030910b0a578129a,197741f5f150097d391e100369e324e04643ad6f42e17e3edbd431e60ca56e07,train
raw/banana/fresh/freshBanana (1).jpeg,banana,fresh,local,v3_f6922b482e60d42722f73870e92e1cdb,d2ab2f649d251122a537b6c40278126e0b1178b6636e5fd294893b63643baf74,train
raw/banana/fresh/freshBanana (1).jpg,banana,fresh,local,v3_f6922b482e60d42722f73870e92e1cdb,59d612aac3e022a4a00f6548ae7fe0361fab3c65042d124d27b4fb113ae07c1f,train
raw/banana/fresh/freshBanana (1).png,banana,fresh,local,v3_f6922b482e60d42722f73870e92e1cdb,1d8942e75d73836c557688d810456d3daac0b4fccebe9196d4837a97cd7ec058,train
raw/banana/fresh/FreshBanana (10).jpg,banana,fresh,local,v3_e554020f5ae108c8250fda0627c026e4,354a42ca4a9876437b235c336912f0ec17434c012af417f9b2872ef7ed0a3eda,train
raw/banana/fresh/freshBanana (10).png,banana,fresh,local,v3_e554020f5ae108c8250fda0627c026e4,0349d695fa0ddcc52b1c3031642d88eeaa6141b2e23fbd5507b5a13ce464c426,train
raw/banana/fresh/freshBanana (100).jpg,banana,fresh,local,v3_afecdaed8ca831d4ae10afa5bb81be02,05290a0c29f814d791f72359466884bf8cb9f16b9e1ed48f78a84bf6318426d9,train
raw/banana/fresh/freshBanana (100).png,banana,fresh,local,v3_afecdaed8ca831d4ae10afa5bb81be02,9662a485721380f58076d0d1a01f1c4094c6864e334455ff494bf618c9822958,train
raw/banana/fresh/freshBanana (101).jpg,banana,fresh,local,v3_e88b688461e16c347c8f2a87d87e3a69,a09d4108466a3eb91f3812fa44c0e9c01d79d6b97ef1b89801a717fd82e642e9,test
raw/banana/fresh/freshBanana (101).png,banana,fresh,local,v3_e88b688461e16c347c8f2a87d87e3a69,9ae1415a47d28b73d619b8c43c902561e2144429ad5c3df8ddea690748b39caa,test
raw/banana/fresh/freshBanana (102).jpg,banana,fresh,local,v3_fb0861c9426dc14071565717a7a54ae6,ba3875060692aaf2af7a02d9bfeb09521ac24fc9dcd373e47f43cac20d86cfb3,val
raw/banana/fresh/freshBanana (102).png,banana,fresh,local,v3_fb0861c9426dc14071565717a7a54ae6,34496be512064fac1839990501da44b9b74b888dedd3e34e1d14c8af7567137e,val
raw/banana/fresh/freshBanana (103).jpg,banana,fresh,local,v3_49ca147ee6e5bf4726ab3f35be54b044,15b892d17bdee1fc05a641ad0e8ed84a446f70aeb074515bc79160409d354ea7,train
raw/banana/fresh/freshBanana (103).png,banana,fresh,local,v3_49ca147ee6e5bf4726ab3f35be54b044,dd5e937f7e6b04873b059495063e619125c20bbe7a0d349e23be9f1f7eacbef8,train
raw/banana/fresh/freshBanana (104).jpg,banana,fresh,local,v3_af65e7a17b4e52b3f7153a05989a5d0e,92956d7df9e9242d39ea5be2936a43cdbcd62f9b1967368b999f994935a51bf8,train
raw/banana/fresh/freshBanana (104).png,banana,fresh,local,v3_af65e7a17b4e52b3f7153a05989a5d0e,28121243cf25b7157035f605972fafb85845f36b962868315092a1e3172245c3,train
raw/banana/fresh/freshBanana (105).jpg,banana,fresh,local,v3_a70e4d732a42951da3ab2450f5526194,0037c9fcd0ad1309d448a8056fbe2679ef7b0ab0fba32d4a6e22b664d0d2caf0,train
raw/banana/fresh/freshBanana (105).png,banana,fresh,local,v3_a70e4d732a42951da3ab2450f5526194,ba8108a48407c64cdddaafa05a943968e0ef040c966ca2f603fefe379788255c,train
raw/banana/fresh/freshBanana (106).jpg,banana,fresh,local,v3_07c0d7f7a6598da734a6663022597091,b8ed657e1afb0a2dd1f848d4ccc3fbf40fd14f222b1a092ce6039166ce5c904e,train
raw/banana/fresh/freshBanana (106).png,banana,fresh,local,v3_07c0d7f7a6598da734a6663022597091,cb9ddc683e5f736683eab4300ea1444147f4f55d17ca795ded21dc1c146b8794,train
raw/banana/fresh/freshBanana (107).jpg,banana,fresh,local,v3_c558157c57844c2a85a5b98fcf5f32d7,24319c8a3162ab5db2dcc24d1a214d2f30f568d5f232ecb620aa693759f52bee,train
raw/banana/fresh/freshBanana (107).png,banana,fresh,local,v3_c558157c57844c2a85a5b98fcf5f32d7,c0c85aff608493b41c295a355b1751de0131f78f2e7db17429167cd69a0b7f79,train
raw/banana/fresh/freshBanana (108).jpg,banana,fresh,local,v3_106ec50b08a90e08f93af8c70799d1c9,d14542a1338e3f9f95e4583b65d42ff32e9ed8c12029eb4bf2053638caa0175e,train
raw/banana/fresh/freshBanana (108).png,banana,fresh,local,v3_106ec50b08a90e08f93af8c70799d1c9,74d2823bc0b0337688516a6fdca661d6b2b3d8a7b499be8d1de5596e70072643,train
raw/banana/fresh/freshBanana (109).jpg,banana,fresh,local,v3_96c4947109be8aa9f1ea0f1d1c945fbc,93b857748575a8b6cea68f1482b9e643455f2c57056e327f814e4a4cc61f5b94,test
raw/banana/fresh/freshBanana (109).png,banana,fresh,local,v3_96c4947109be8aa9f1ea0f1d1c945fbc,8a68a381e298fb11f76155760b54421f762c580b3288b61581514a16c1481cb2,test
raw/banana/fresh/freshBanana (11).jpg,banana,fresh,local,v3_4f800169c9dd6efd9478ddf44fc76fd2,3c2111b658af3e6f2764fcc556a936de54f8d6f2ed15ea125ed4260fbfaaff98,val
raw/banana/fresh/freshBanana (11).png,banana,fresh,local,v3_4f800169c9dd6efd9478ddf44fc76fd2,7c92b2dd291dcc9527015e774381aca76d2bb4ac78029afd200251667801bd44,val
raw/banana/fresh/freshBanana (110).jpg,banana,fresh,local,v3_cf0842d95e29236108ea046a0c3597c2,9c5848fadbb33a3dc83b9be27660ddcb59114c2863fb0311e73e09ecdbfba5e4,train
raw/banana/fresh/freshBanana (110).png,banana,fresh,local,v3_cf0842d95e29236108ea046a0c3597c2,b8d7ddb72641b41594a0c97f246dcb286dba227075ca118e7616bc827a7d4a18,train
raw/banana/fresh/freshBanana (111).jpg,banana,fresh,local,v3_5a73d710f807408f9949befdc296b21c,ebe88679cb23e715559cfefb22ea6e8ee8e6ab7cc0a72552d4ef3278a26d8f6f,train
raw/banana/fresh/freshBanana (111).png,banana,fresh,local,v3_5a73d710f807408f9949befdc296b21c,ada4ac43606e10f79e97a52eb7ccb1e4bd68c1b7c889b93f80dd12132a00085f,train
raw/banana/fresh/freshBanana (112).jpg,banana,fresh,local,v3_0e4f3d262ca22597b7b478bc64176c9f,0cadf24d310522d18219a884430b476f7a461febbf62e2b8c484bfca2665f90f,train
raw/banana/fresh/freshBanana (112).png,banana,fresh,local,v3_0e4f3d262ca22597b7b478bc64176c9f,a2f164c15a55a700c996ea0b89ddeb8bf00070cca9d049c8921fb1eb86384429,train
raw/banana/fresh/freshBanana (113).jpg,banana,fresh,local,v3_8696d265a707eafbe34120e55834f911,f5170d1b82dc4089d2d075709086a261d9446c3e45fb74bbfa39aa5a75b38b61,train
raw/banana/fresh/freshBanana (113).png,banana,fresh,local,v3_8696d265a707eafbe34120e55834f911,099533bfcffdd4eae7ca263ed7c02b6896cb1b52b38f7a18d5774f69f11a4059,train
raw/banana/fresh/freshBanana (114).jpg,banana,fresh,local,v3_07b3e4038f2781fe9642a3c33c6bdd1f,887c0febc7509b795bacde955dcde981c44cb5bdfb17aafcb20d2c6498d22488,test
raw/banana/fresh/freshBanana (114).png,banana,fresh,local,v3_07b3e4038f2781fe9642a3c33c6bdd1f,85856e67a359b67a52938faeb6406675425e7484ee1e9f5974b2692d9f7421d8,test
raw/banana/fresh/freshBanana (115).jpg,banana,fresh,local,v3_81f58c82d9fd80bb2508c2a0781419da,b25612923404faff2aafb8ee2216104274d01bc8bb57b68f401a234fd4c8a737,train
raw/banana/fresh/freshBanana (115).png,banana,fresh,local,v3_81f58c82d9fd80bb2508c2a0781419da,dbeaae35a856dbc2e98b2364e6b88c38100de65d437bd093443241a46231d8e0,train
raw/banana/fresh/freshBanana (116).jpg,banana,fresh,local,v3_72b9549efd0d9b1c38ea21cea41040b1,f9f1deecf0ed4b1b95e4685539902e4f5784411ac7dfae85baf9bad09df29854,test
raw/banana/fresh/freshBanana (116).png,banana,fresh,local,v3_72b9549efd0d9b1c38ea21cea41040b1,c72ae27f512628388e09ea26677bda7808c2e440a0c9401319417ffc3067528d,test
raw/banana/fresh/freshBanana (117).jpg,banana,fresh,local,v3_99caa15e75769fb8998d49d5db87f556,e4220adf663cf9d1e2ff94e73cd86362879b7a966fc5d53e10731280d512913f,test
raw/banana/fresh/freshBanana (117).png,banana,fresh,local,v3_99caa15e75769fb8998d49d5db87f556,5cea4cdbd47cc8a4b0b154d4e307a61a2e475825090770b74b9fa5ec268f8363,test
raw/banana/fresh/freshBanana (118).jpg,banana,fresh,local,v3_0651e3202da22ab097376fac3bd23d08,195753247ea01cbe4aa009096bb30aa95a91b0b11cac702f2595a62cfd979a21,val
raw/banana/fresh/freshBanana (118).png,banana,fresh,local,v3_0651e3202da22ab097376fac3bd23d08,453738f8355cd06b1ca62b4eeb6bcfec57e665faefd68d35d609b8cb10ab8ec8,val
raw/banana/fresh/freshBanana (119).jpg,banana,fresh,local,v3_e20e86fe8271f9b5b49d3fc846bcd9a5,fde28dd37eeefd451578b580cd55791d94f7b5d578928b61934ec8cf08e9dd9c,test
raw/banana/fresh/freshBanana (119).png,banana,fresh,local,v3_e20e86fe8271f9b5b49d3fc846bcd9a5,1c4ffc050f48a209998519076253b1748fb9f2cb040f4dbdd9e0718e7768e8ce,test
raw/banana/fresh/freshBanana (12).jpg,banana,fresh,local,v3_cb6aeca1592943f113c2def37af1e49c,46bc22ef9f48fe292455f361678a43c03c0c10b09548826c2423bd3544ea942d,train
raw/banana/fresh/freshBanana (12).png,banana,fresh,local,v3_cb6aeca1592943f113c2def37af1e49c,fe89367ef5b5f5f1224a9d2adb21d11c7a2fce42f2777fee9a14ba7a7e0ff0fc,train
raw/banana/fresh/freshBanana (120).jpg,banana,fresh,local,v3_a66188694ae7f67f7ff6780f96d6756f,48aab4816a93ffeb1b4549176c35ef6637194b75adb2fbef026a9cb4b5d0ea4b,train
raw/banana/fresh/freshBanana (120).png,banana,fresh,local,v3_a66188694ae7f67f7ff6780f96d6756f,e0b94f207b2ee15a3d89dc1b209ddd662ed44cc8f572c4c07cde6c9f38951d5e,train
raw/banana/fresh/freshBanana (121).jpg,banana,fresh,local,v3_9defab68c9603af3077c1372a23fe730,4bb3dd60700c85e375b8bc36b4c916406a0ab3c07a281bd178e04c59c5c0cdcd,val
raw/banana/fresh/freshBanana (121).png,banana,fresh,local,v3_9defab68c9603af3077c1372a23fe730,0009b00644a6a041686e55ce1c4a399b0d561cb31b2b4b61892d9cb154cb379f,val
raw/banana/fresh/freshBanana (122).jpg,banana,fresh,local,v3_d0503acd60c961c84a3b9257cfa47d9f,d0a9edb694902b0c8dbea47ab48efcad4670009d498b708028825167ec71f506,train
raw/banana/fresh/freshBanana (122).png,banana,fresh,local,v3_d0503acd60c961c84a3b9257cfa47d9f,7f6040d698cfebf0b6a82a57b28144d471446fb230d228e6ddd5bb7dac0a5b2e,train
raw/banana/fresh/freshBanana (123).jpg,banana,fresh,local,v3_2198c4921a6cf232e87026d2c3014283,316bc12e7f058776f536b273f8686a2e5199e725505e62db4288d61f898303b6,train
raw/banana/fresh/freshBanana (123).png,banana,fresh,local,v3_2198c4921a6cf232e87026d2c3014283,91ce73ac6703e4ab06ab24c9dd203c05fd91790cc6fac891d6677db00dcfbe51,train
raw/banana/fresh/freshBanana (124).jpg,banana,fresh,local,v3_fcb9fdd4b7d4d7e4e466ef49340ab658,f2abe8d7163cca2a5d1549a68754d7600bfcb28f726ff68e97976603423c44cb,train
raw/banana/fresh/freshBanana (124).png,banana,fresh,local,v3_fcb9fdd4b7d4d7e4e466ef49340ab658,88efcff01187dc2390a8b150a2ff1ffffa7ee1c5e3eb764f92427265862f6cc2,train
raw/banana/fresh/freshBanana (125).jpg,banana,fresh,local,v3_6f47e20f90d4ba5c647ca37064b880c6,d6b2c142a2af9a43e9d01bcf208d7ffc26bceabd97f506af95505c62bc569299,train
raw/banana/fresh/freshBanana (125).png,banana,fresh,local,v3_6f47e20f90d4ba5c647ca37064b880c6,9a63a764e0f73ac5e5c00bdd5f5214530ee5d3d082a2700bf4367019ff483731,train
raw/banana/fresh/freshBanana (126).jpg,banana,fresh,local,v3_3e2d311e20a2ecb4eabaff43f78280c2,a2aba538cbd8cdcdaf1004ee14bc58d36323dcc9116a641b39052b8997d6e82b,train
raw/banana/fresh/freshBanana (126).png,banana,fresh,local,v3_3e2d311e20a2ecb4eabaff43f78280c2,e44e505558ea553d53202ad50cf5bd3929f93677560f9626c3ea3ddd604119c3,train
raw/banana/fresh/freshBanana (127).jpg,banana,fresh,local,v3_8c529d3bd01069216eb74f441a5057ac,79b5fa504daadfde7ae606bcb5374d9e1989c5b692df6708c70a6748ffe44a22,test
raw/banana/fresh/freshBanana (127).png,banana,fresh,local,v3_8c529d3bd01069216eb74f441a5057ac,8334c7969737b372c870f62c763625033ab612940d7d2f1212e8eb342191cad1,test
raw/banana/fresh/freshBanana (128).jpg,banana,fresh,local,v3_e7028c5569e2af0cb018436f986046da,2b9cae65b1bade7eeda1a41da49ce04abe1fecad052e6ef2f2d6204ba252f0ea,train
raw/banana/fresh/freshBanana (128).png,banana,fresh,local,v3_e7028c5569e2af0cb018436f986046da,1b32d14b1c55b0a00c4c38e63e54199b5d6e4290470849597f74a54bd913640a,train
raw/banana/fresh/freshBanana (129).jpg,banana,fresh,local,v3_348ac8417696c0551bc4d21c6d1c7370,7e97aa4d984bc8d075572fdf4d0b06aa141c97652800ec45a4b11c23c32c16cb,train
raw/banana/fresh/freshBanana (129).png,banana,fresh,local,v3_348ac8417696c0551bc4d21c6d1c7370,cc4eb4f66f03460bb37e5628c896ed1aac7a6466984692dbe4a2d48023394be5,train
raw/banana/fresh/freshBanana (13).jpg,banana,fresh,local,v3_4aa5384ec8e32a72c730271b09e52b57,1c0e2989699ce691c708f49f39b87efa921d8ece207eb0c12768ac611884a324,val
raw/banana/fresh/freshBanana (13).png,banana,fresh,local,v3_4aa5384ec8e32a72c730271b09e52b57,238cc91797fee403143c64be6a153645a506c5d7b69e49147abcf0f91667d1dc,val
raw/banana/fresh/freshBanana (130).jpg,banana,fresh,local,v3_0b69866d2c36436de5350c5335dab156,cf2b26431cf4118980edf983d3a614c545c256d33d3b9b089fcbe6e623a95a70,val
raw/banana/fresh/freshBanana (130).png,banana,fresh,local,v3_0b69866d2c36436de5350c5335dab156,f0b2f9cfe7cebd3b2c874dc30d49ea0eea4c181d13c45ecceac79ebe745ac52d,val
raw/banana/fresh/freshBanana (131).jpg,banana,fresh,local,v3_267aeed0e142d7313ca0911bfa6cfd6e,41509923329a72dda83ef83fcafcd09b7dacee8aff3ce3fb724b882668759e2e,train
raw/banana/fresh/freshBanana (131).png,banana,fresh,local,v3_267aeed0e142d7313ca0911bfa6cfd6e,7a02e89e4fc624b8d127691b7cacad07d435f1ce1da69d280c1b61efb861f0de,train
raw/banana/fresh/freshBanana (132).jpg,banana,fresh,local,v3_f98c2a3b1bb702a915722527fbb83c4a,ee516202ba57b5dde929bf71fe9d6f004a695ee6d27c33af2c4dc5023b399aa4,train
raw/banana/fresh/freshBanana (132).png,banana,fresh,local,v3_f98c2a3b1bb702a915722527fbb83c4a,244ed3b7c57887e6056a2e8e5c6e7425dd43335c3ba8c4973c7d04a94ab71440,train
raw/banana/fresh/freshBanana (133).jpg,banana,fresh,local,v3_e0e00798fe80ade47c76a792424bd7d4,75e0783278e5ace967b7f297eee505886c38908f4dc59bb1c068c44e96255952,test
raw/banana/fresh/freshBanana (133).png,banana,fresh,local,v3_e0e00798fe80ade47c76a792424bd7d4,6131caa421b5cd4bb53997141ba3c627956d9212d46b83afeb02b54cac76304d,test
raw/banana/fresh/freshBanana (134).jpg,banana,fresh,local,v3_5cecd19a750da8603e4ced4be04522ca,0b9e96132a6f2bfda4d6f9e0478236329b99817dfb3fb0fd893c553cee5fd50b,test
raw/banana/fresh/freshBanana (134).png,banana,fresh,local,v3_5cecd19a750da8603e4ced4be04522ca,347d2144c19f785a4516015adcfb53d05a4f315c469bb65adc6627c97f10e4f6,test
raw/banana/fresh/freshBanana (135).jpg,banana,fresh,local,v3_a1c74a64f923c44340416895ec2f29c4,4e3548e3f5943bba7fc33495d3f12f26a71007da55726de11b5b2583cc4b8de8,test
raw/banana/fresh/freshBanana (135).png,banana,fresh,local,v3_a1c74a64f923c44340416895ec2f29c4,b9fa51397874cfd2d98ad0e83317eb3af042755d3042ef4332aaf68e69a8cd46,test
raw/banana/fresh/freshBanana (136).jpg,banana,fresh,local,v3_5ddf374a0707a6efd389b20623b6b38c,fd335dd121c7c0b6dc5182f6810034e7faedbb93222fdfd619da805a461baa56,test
raw/banana/fresh/freshBanana (136).png,banana,fresh,local,v3_5ddf374a0707a6efd389b20623b6b38c,dac9e20c6d242bf88ea608b07ef18f197dd76e67417016ca26767ed54b225165,test
raw/banana/fresh/freshBanana (137).jpg,banana,fresh,local,v3_a50090684e6d0c690e61473dccf5870f,43fed8e212fabc989c076421f15404b706c59cc947d9d3b9535b54e3c543d33b,train
raw/banana/fresh/freshBanana (137).png,banana,fresh,local,v3_a50090684e6d0c690e61473dccf5870f,933336afad27e6c3278312ccf4139712f68729a5736f063ec0e475e38d139d16,train
raw/banana/fresh/freshBanana (138).jpg,banana,fresh,local,v3_c2a1dc5f55fd702d9dd085849a1f3785,6ce2fcba7a67bfbf7e1d42a4f9583b983f42e649792a6d55407e43926dc46e08,train
raw/banana/fresh/freshBanana (138).png,banana,fresh,local,v3_c2a1dc5f55fd702d9dd085849a1f3785,722b0153fe9d68dd51159bf552662dd1fdef95479fdee897b5287330ddc5b803,train
raw/banana/fresh/freshBanana (139).jpg,banana,fresh,local,v3_2fb772a29056900f2d04085a2e3f1e56,f7c0cffa84b4def94891bbd3c5b50bf887664fbb6097f1aa4555c53282abd62c,train
raw/banana/fresh/freshBanana (139).png,banana,fresh,local,v3_2fb772a29056900f2d04085a2e3f1e56,9a7641466adbb69a8ae3cc04a423b7f5a56c6911eba1bce5cb17331762f558ff,train
raw/banana/fresh/freshBanana (14).jpg,banana,fresh,local,v3_3aa424ce16d8511643cbed57f14b1598,19235410ec1ed22f171eb1c4b8c603f0e303643ab81b455390290f9e87c86079,test
raw/banana/fresh/freshBanana (14).png,banana,fresh,local,v3_3aa424ce16d8511643cbed57f14b1598,82f9d269ffa966889ae8047748982f6e74997b9682fa99510f4dbccb869fdbdd,test
raw/banana/fresh/freshBanana (140).jpg,banana,fresh,local,v3_3029c741cfd31548c5b103973886e46f,23addbb1577d214b92cc58df7cfd87d3d1541bc21a56a586fbb95e3ee62ba1d0,train
raw/banana/fresh/freshBanana (140).png,banana,fresh,local,v3_3029c741cfd31548c5b103973886e46f,52bc5a53c68dc14931b9b8f77811971f32f5e8a0f9c152379d952544af35ab5f,train
raw/banana/fresh/freshBanana (141).jpg,banana,fresh,local,v3_552790b25e969e46a3846cf8884e3ef9,ae558096dd5797699c102b03ea9ed6c306103b4c429c30583fe7a6698e600891,train
raw/banana/fresh/freshBanana (141).png,banana,fresh,local,v3_552790b25e969e46a3846cf8884e3ef9,680e76be852966c27ea2f3dcc7ca5b4662433b3c6f41bdd736449fbef58516a4,train
raw/banana/fresh/freshBanana (142).jpg,banana,fresh,local,v3_25db25fac3df75b1fa697ee1fdaab3d4,7f334b1f28042d43a89cf40385d94b74e3fc7cc4cf957167d3b896fe79acf88b,val
raw/banana/fresh/freshBanana (142).png,banana,fresh,local,v3_25db25fac3df75b1fa697ee1fdaab3d4,0bf8b9b6e4f0d20e19bb3792c3d1a5ff96f4af0f5560aa0d853f005dfc214b95,val
raw/banana/fresh/freshBanana (143).jpg,banana,fresh,local,v3_6b46458cfeea25bbcfb0d131b8915efb,02fb05bee133499129d44fd59474ad002f972016b329972cf04069e9c1109b00,train
raw/banana/fresh/freshBanana (143).png,banana,fresh,local,v3_6b46458cfeea25bbcfb0d131b8915efb,ef4bc049f495c07c4c0e505235b58afbe8e84d1e306ef8da1da689c9fe2ec072,train
raw/banana/fresh/freshBanana (144).jpg,banana,fresh,local,v3_70d69afb087f6026221035f3f568ef5b,fbf2d4cc22ee7bba7acc1a123e6c2059dbcf92c5ead20f29b00b0b85ff50f404,train
raw/banana/fresh/freshBanana (144).png,banana,fresh,local,v3_70d69afb087f6026221035f3f568ef5b,e4dc0133d0095d64e73c348cb491169db7e843e7b270d40b52dd3eb21a032081,train
raw/banana/fresh/freshBanana (145).jpg,banana,fresh,local,v3_b15d1c61b1a03e9d8a32618107631f2d,3c39893eb58295468ab17292842506b139fc69135521ecabe5b12e3647ab397f,val
raw/banana/fresh/freshBanana (145).png,banana,fresh,local,v3_b15d1c61b1a03e9d8a32618107631f2d,1819a48fdf8a0a01f3e51275bf55ac85bac91efcf3c80b9e69baf1dd90868bc5,val
raw/banana/fresh/freshBanana (146).jpg,banana,fresh,local,v3_fd5e66f04b93bb64c87e6d2878b9305d,b3fe6aaefeeb707e5b3eb1dc53db228244bf7dfabc6a7c0ee70c0f31833d8cd7,train
raw/banana/fresh/freshBanana (146).png,banana,fresh,local,v3_fd5e66f04b93bb64c87e6d2878b9305d,10ac84cdfd1a9906751a792f49c826c1d6f526094081468248bd7105571ad425,train
raw/banana/fresh/freshBanana (147).jpg,banana,fresh,local,v3_db42b27622e13e37eee0c8da45cfb804,b4eec388a311d8c5865281f33a480dc598aa9de3230ccb87ffd2382cccac6576,train
raw/banana/fresh/freshBanana (147).png,banana,fresh,local,v3_db42b27622e13e37eee0c8da45cfb804,85c4d1471482bb469aa75066400bb4bc16819061eea04bcbdcced708556e0972,train
raw/banana/fresh/freshBanana (148).jpg,banana,fresh,local,v3_3a0bb8025ad7b4cd0dba97e8cfa9ad43,d7f00699771b0736f1283a28e9f92f47ffb3c2e95ba05c94714e27ac9c3316f9,train
raw/banana/fresh/freshBanana (148).png,banana,fresh,local,v3_3a0bb8025ad7b4cd0dba97e8cfa9ad43,4dd74dcce7a71538238e74e2f7b97a108736bbacf569890edd712bc8e95f887f,train
raw/banana/fresh/freshBanana (149).jpg,banana,fresh,local,v3_4fc0e4c3952c47c91edbae0974453f70,5dd8e661e610ea7c9e03152d4c578bad7e103226c7afc366d6742f10197975ac,test
raw/banana/fresh/freshBanana (149).png,banana,fresh,local,v3_4fc0e4c3952c47c91edbae0974453f70,9c3ca4bbc8d3021fa0909b7945d187cdc929da2d2f2f1765b7642cfd6ba642eb,test
raw/banana/fresh/freshBanana (15).jpg,banana,fresh,local,v3_408e390cf7be6d17442facbff0800398,f08a3c4f38dc300b0ab7985b9c8fa71358550dec40093bf35101d31a2b6f9521,test
raw/banana/fresh/freshBanana (15).png,banana,fresh,local,v3_408e390cf7be6d17442facbff0800398,75809d753be032ecdc63bd5f08cc6c9b8ac7cc80d7ded308f0a68d2066543f3f,test
raw/banana/fresh/freshBanana (150).jpg,banana,fresh,local,v3_3caf4ce12bb38d8a16f879c99e8d8a03,c6f8afc35ad41362aafe18a088f07cb1998925bdd8ab101b89455a292b485805,train
raw/banana/fresh/freshBanana (150).png,banana,fresh,local,v3_3caf4ce12bb38d8a16f879c99e8d8a03,6b7b654d7283eee4ea1b7493f3ae1eb38a899df69560aa94183447b8b2b5a030,train
raw/banana/fresh/freshBanana (151).jpg,banana,fresh,local,v3_e6d772e9481f1f81517c3ba40cb80490,ac0a196b747e169914d8b86a7f462bcbe5e76ba9980f873a1270cfd911d0ef3f,train
raw/banana/fresh/freshBanana (151).png,banana,fresh,local,v3_e6d772e9481f1f81517c3ba40cb80490,31fed9696cba82adeb1708a44f39e81803d6625b45673ec45e4cbb54aa2fe8d2,train
raw/banana/fresh/freshBanana (152).jpg,banana,fresh,local,v3_12497adcb5ea2e470695f219e1a63961,5232d706fa78310375be0cd4019a49623a5a6828f89ac2982614e617c0c3c645,val
raw/banana/fresh/freshBanana (152).png,banana,fresh,local,v3_12497adcb5ea2e470695f219e1a63961,8efaaff18e1aa6bcd946476b102e06ee04113ea76cba888e880dad354f4132ab,val
raw/banana/fresh/freshBanana (153).jpg,banana,fresh,local,v3_6e212326b3c45d99ba525e08363773b8,5db96f70cb31ab70e51ba3574d0ce2e9bd2359d0d67f14c90c07511e22678d73,train
raw/banana/fresh/freshBanana (153).png,banana,fresh,local,v3_6e212326b3c45d99ba525e08363773b8,106affc3eaa8e5a136570df278aab6b754dae8c087fba45e90c5a6d5f9660c6f,train
raw/banana/fresh/freshBanana (154).jpg,banana,fresh,local,v3_1a2df1b453aa169db376119810e96949,dbe2fa4f29f9fdddbb491dc4b4bce3a8b38e640a38cfbc0686c09996a94372e8,train
raw/banana/fresh/freshBanana (154).png,banana,fresh,local,v3_1a2df1b453aa169db376119810e96949,6a36423e1ca5ec64f23bfdb7bcbec9113a2f1a51581175cca463d949f5214fb7,train
raw/banana/fresh/freshBanana (155).jpg,banana,fresh,local,v3_75e806bb794b95058a4849fc8fb1a2a1,a54adfe177c113267afc254d096b4d1aa9ada52810f6da9298efe28993d9c8ab,train
raw/banana/fresh/freshBanana (155).png,banana,fresh,local,v3_75e806bb794b95058a4849fc8fb1a2a1,6b5bdfa3f9fb6b2ed74eba727a67fbe264a512ade36484858f636a1bb633f4bd,train
raw/banana/fresh/freshBanana (156).jpg,banana,fresh,local,v3_b3e83f4ce81b5115abe4da24e72bf3d3,13a9782f3a63273c5ef359104c73b11c1b14291e3bf5ebe69c59738e98a3546b,train
raw/banana/fresh/freshBanana (156).png,banana,fresh,local,v3_b3e83f4ce81b5115abe4da24e72bf3d3,c95aa0a8b832d20b3b5d846ea1b1006ec5c5cadc322d408ac69ea4f7e5c143b4,train
raw/banana/fresh/freshBanana (157).jpg,banana,fresh,local,v3_98f677939fb747891700bedcbd6fa89b,7b2b2a72d3468dc7c9d6a1d64d72f9a7c133b544d5ce63b27112e9a88832e319,train
raw/banana/fresh/freshBanana (157).png,banana,fresh,local,v3_98f677939fb747891700bedcbd6fa89b,2a09f6effd69c887375e9ca0bb43066c0b056953e34ec6727fdcf3cd5245ddc4,train
raw/banana/fresh/freshBanana (158).jpg,banana,fresh,local,v3_a287ed5a103578ed216d3c4b440780a4,ae665350ec5c8b942a8d3f9749159cd79e6e5f7f4230ac229a2f565e97dfccb4,train
raw/banana/fresh/freshBanana (158).png,banana,fresh,local,v3_a287ed5a103578ed216d3c4b440780a4,e81a53c82cb8011ab1b2f6f1b63977651e1f8b8a60f064d98175cb99a59d1b43,train
raw/banana/fresh/freshBanana (159).jpg,banana,fresh,local,v3_0da6954e5764c5d404794392d48aa754,00c2ed8b2f2e847f3de65be58431cad340a2feab50ac29e806d229aa0a9d9763,val
raw/banana/fresh/freshBanana (159).png,banana,fresh,local,v3_0da6954e5764c5d404794392d48aa754,3d061c71fb321599a0fbdd7a711cd20fb38c64ab8eb4e977d6fe2874b1ee404a,val
raw/banana/fresh/freshBanana (16).jpg,banana,fresh,local,v3_eebc0b6cf7eac02bee90f6f27e313670,e6882213d7d436240f907657b8ecfa34a898ff3fffec08e42e803f3f965cb207,val
raw/banana/fresh/freshBanana (16).png,banana,fresh,local,v3_eebc0b6cf7eac02bee90f6f27e313670,268f55b82fcf62f52a67fc7e997adc552a0a84410b1ecb19abc2411e3be984b9,val
raw/banana/fresh/freshBanana (160).jpg,banana,fresh,local,v3_d5507ebcd4887174c25b5fcb78b75ae7,f520d06f0ddc3ea11e3f678d2e3e4e05d92634a1ad1c4be4cddad7f163ccefa7,val
raw/banana/fresh/freshBanana (160).png,banana,fresh,local,v3_d5507ebcd4887174c25b5fcb78b75ae7,a39d675c4901bd33374ed104f42abcf0e4df872144fc6ccc12f1efc8e9f3459e,val
raw/banana/fresh/freshBanana (161).jpg,banana,fresh,local,v3_3dc9cf783da8edf43c74c2cafe01e5c6,bf75e4bdb41dc525aa94771afbcdb4ae7a38d66bb119bed8b23ee054919c2054,train
raw/banana/fresh/freshBanana (161).png,banana,fresh,local,v3_3dc9cf783da8edf43c74c2cafe01e5c6,b1e34f2cb0c81ce96b21b09b9e14a7036ebf654e0df30869e529ca38b434a4ec,train
raw/banana/fresh/freshBanana (162).jpg,banana,fresh,local,v3_dab7c4af62c807e2e10875c5b7eb3904,73e00779a27c3c193da56a8bf0f8674e3d470cdf5a16f972983ce5c27e4db46a,train
raw/banana/fresh/freshBanana (162).png,banana,fresh,local,v3_dab7c4af62c807e2e10875c5b7eb3904,1f0acd276a028c05a2fdeff4877fea299032fc41e13d3fdf8fb704b0f6ca5ed8,train
raw/banana/fresh/freshBanana (163).jpg,banana,fresh,local,v3_0b85e504971117c9d3c1690a663b4e4a,e08291c226299e00aa65cd760fbe08faf808466ecb09a0a600a4cf5680b60568,val
raw/banana/fresh/freshBanana (163).png,banana,fresh,local,v3_0b85e504971117c9d3c1690a663b4e4a,1ac13fbff8d5455fd97934cb76d9abcd7bec9ba02903d61eec16f40b484d9373,val
raw/banana/fresh/freshBanana (164).jpg,banana,fresh,local,v3_be2635cac79229f9576f22b88dec9723,257f706db013c2a552d0b737c2fc215daef8bdc3a3e1d8ea2b160ffd7de4378e,train
raw/banana/fresh/freshBanana (164).png,banana,fresh,local,v3_be2635cac79229f9576f22b88dec9723,fab31cc8624a8273bbfa2d910c5facd4c3f9ea2ff4eaa0ad52e89ff8074e71a8,train
raw/banana/fresh/freshBanana (165).jpg,banana,fresh,local,v3_b9115da7950d68a4b99461de880636ab,80e530a639a0dcb396a9e16a66c230492883d68a9640ab221c06ba0af425d9b4,test
raw/banana/fresh/freshBanana (165).png,banana,fresh,local,v3_b9115da7950d68a4b99461de880636ab,c9a56cba41a5ebcada936ceae887d8117068f27056a20120b3cf9793c4aa1e8f,test
raw/banana/fresh/freshBanana (166).jpg,banana,fresh,local,v3_14e8dac907c472a0a096cd4e47016766,53e73a0aa85312792091b4b03a2a8dd7119a13b71273022ed789c15a714072aa,val
raw/banana/fresh/freshBanana (166).png,banana,fresh,local,v3_14e8dac907c472a0a096cd4e47016766,081648937d7cc2941c6552217e56001c35de6e06925e645cb822e6b9d13c8844,val
raw/banana/fresh/freshBanana (167).jpg,banana,fresh,local,v3_0974d0144a546bdfdb10d74ebadec7ed,9f553554bfe31423cefb7d3df03f5dd06567608a9904a9edcad43d21ca4a7ffb,test
raw/banana/fresh/freshBanana (167).png,banana,fresh,local,v3_0974d0144a546bdfdb10d74ebadec7ed,e50b149848695faa920ae16d02a68faa226e0b8d45f0040dd51f69e0e6aa2a27,test
raw/banana/fresh/freshBanana (168).jpg,banana,fresh,local,v3_de3d6fd62208f6cff6727d0872a95b10,aadc9f15255382c2e0c010022b7d80324018f5b8dc6101fb616d893d3ec5f173,train
raw/banana/fresh/freshBanana (168).png,banana,fresh,local,v3_de3d6fd62208f6cff6727d0872a95b10,45f529b4f524860180909c44e9d9fe2738d34dcda0b00a1df8a745a367e96f22,train
raw/banana/fresh/freshBanana (169).jpg,banana,fresh,local,v3_048b0ea0b365e4a10e7d510907db9e21,39d5cc1d3da22600d8be48d7315eb4e6051dd1f6808f3387954528111290a399,train
raw/banana/fresh/freshBanana (169).png,banana,fresh,local,v3_048b0ea0b365e4a10e7d510907db9e21,3178f97c360722987bd24e60fcc5812e1c23611b3758e681ad393d0d87fac9f5,train
raw/banana/fresh/freshBanana (17).jpg,banana,fresh,local,v3_682d097e9ca52593e44296d95d4093fb,a628cd427a6b40ab21a4c136f69e5fadc5b6cac3ddbd284153f427cf77e8c6dd,val
raw/banana/fresh/freshBanana (17).png,banana,fresh,local,v3_682d097e9ca52593e44296d95d4093fb,320eae84c11e39281f7eeb26e8d0eafae2cd1274038825984b0071ee4f653c77,val
raw/banana/fresh/freshBanana (170).jpg,banana,fresh,local,v3_65b60fa3ec919a19c5ab61c09156f29f,95aab4d6152577caf9153333d04e8cd322b5f4afba5eb41bacd359c5425be93c,train
raw/banana/fresh/freshBanana (170).png,banana,fresh,local,v3_65b60fa3ec919a19c5ab61c09156f29f,0ac1a7a1a3d3ea7f895429d32c16ede8565d3f28d431db740e9440495f92dd7f,train
raw/banana/fresh/freshBanana (171).jpg,banana,fresh,local,v3_79d38536f5dd28166b869a36693467cb,a6956ad0c963168347902026a95762c7e86481730ca3e9ccb7540b710556ca1f,train
raw/banana/fresh/freshBanana (171).png,banana,fresh,local,v3_79d38536f5dd28166b869a36693467cb,fca10cdd694bcf9a216644ecd97bc9dd8aee56bdf7361b026e4ce55c1b752e77,train
raw/banana/fresh/freshBanana (172).jpg,banana,fresh,local,v3_43be06ca40dce01c7735554ccb22d93b,c6dba19494a6a9782a2ef0b0c3078e90e3f43f29b343dd16eee8e8db3ea8558e,val
raw/banana/fresh/freshBanana (172).png,banana,fresh,local,v3_43be06ca40dce01c7735554ccb22d93b,33783c8602afe85b64c56fd9887509c0bf6eb658ebfd655785c5612e4e9d0678,val
raw/banana/fresh/freshBanana (173).jpg,banana,fresh,local,v3_095c1f3c6af2e601d86194f11e0d5076,0e11adf786ef309961dcc36a48b5384e9cc0cf6b5cf0d00a33cd71c2bd9af61a,test
raw/banana/fresh/freshBanana (173).png,banana,fresh,local,v3_095c1f3c6af2e601d86194f11e0d5076,0facbfdbf5b8a4353b5052f92eec569de7df05278fec2aca8927fdce89dc77ff,test
raw/banana/fresh/freshBanana (174).jpg,banana,fresh,local,v3_1bb38f824144e3bc4979f9cbabc899e5,01826528d2feaa45406477a2233e1df41326044dbdc5136fd5cec7d08fb82a4c,test
raw/banana/fresh/freshBanana (174).png,banana,fresh,local,v3_1bb38f824144e3bc4979f9cbabc899e5,ac857a48fab4c51ccb3e10f0bd6e40ceb53fa78b7aae2ab9d805265c7fa4d492,test
raw/banana/fresh/freshBanana (175).jpg,banana,fresh,local,v3_2de3a452e24abd2267a2a92300d87ab5,b9480a09a3ba8f5f996abe6c8675344f50be7d3d220a2fcc409c6e2919815c8b,train
raw/banana/fresh/freshBanana (175).png,banana,fresh,local,v3_2de3a452e24abd2267a2a92300d87ab5,3d7096b94f1eee6e96674a5b09c6a96aa11a577584de26c549ea5b0bd8790283,train
raw/banana/fresh/freshBanana (176).jpg,banana,fresh,local,v3_8f7005fffff0d6a924c3fd32b9932ba0,643f66ce5fdfda3c9eacb4ebaf5c2f3cdb8dcfdb82d2533fdfc9720eceaab214,train
raw/banana/fresh/freshBanana (176).png,banana,fresh,local,v3_8f7005fffff0d6a924c3fd32b9932ba0,1a7d1fcb98bb12cc561a45cf38c643b49fadfcc5620e58fe5c3a616b5ce7a8b0,train
raw/banana/fresh/freshBanana (177).jpg,banana,fresh,local,v3_e36f90d74611ccacacdf83ba9feb1f80,f8b8a2e589753f318d5e9736f907be482a56ab5d61bd22e1ab04b2a36a50f4ef,val
raw/banana/fresh/freshBanana (177).png,banana,fresh,local,v3_e36f90d74611ccacacdf83ba9feb1f80,5cb1fc70fafdc7c6cdb7a39228ba38f0317080d3309cacea9fc346963f8e956a,val
raw/banana/fresh/freshBanana (178).jpg,banana,fresh,local,v3_92ca0c27eccb594e4e5d9f6851eb8ad0,afc4da5e9558e6ffc6b08300f015bc1d7ee294f154ede492d3b6dcc275d8ac7b,val
raw/banana/fresh/freshBanana (178).png,banana,fresh,local,v3_92ca0c27eccb594e4e5d9f6851eb8ad0,6efa402d6618605feba63476ae5bb38a4b3332c3aea1cbd192e40f4ae63f2c69,val
raw/banana/fresh/freshBanana (179).jpg,banana,fresh,local,v3_82cf1ee535bf002892faa8a74b32a383,19473820629092a26b11ebc3095b44e6751c7d8db3f4f66a4b62eb1784e96370,train
raw/banana/fresh/freshBanana (179).png,banana,fresh,local,v3_82cf1ee535bf002892faa8a74b32a383,35e0638067fd7e191cc349d4b801e199d9560835ff87d159d3f1dccad369ddf1,train
raw/banana/fresh/freshBanana (18).jpg,banana,fresh,local,v3_f4fbd9301474db6d045510e4c2bf3231,d8c159374cb15a606f0122612e076d2b77f975f04868f7c1db06b78b26feeeed,val
raw/banana/fresh/freshBanana (18).png,banana,fresh,local,v3_f4fbd9301474db6d045510e4c2bf3231,555e44b2a8515407b125d3f430b3bf83060325edbe36a5d07fd2cdcf4651ddda,val
raw/banana/fresh/freshBanana (180).jpg,banana,fresh,local,v3_ca74c238a8cf65106f4b1bfa6f669182,3cf54de3f64e750a6801dbe50f26b479fd5d43ee7fe29a63ddcf1bdfcd29185d,test
raw/banana/fresh/freshBanana (180).png,banana,fresh,local,v3_ca74c238a8cf65106f4b1bfa6f669182,50503c7d64b0a0a529bcd826c09f34028cb273b5f343f8f06dbe87b862f84d61,test
raw/banana/fresh/freshBanana (181).jpg,banana,fresh,local,v3_112960efa8167fa03545d4f3338def1b,a3811a8e36729109548479c7861ddc84402e12e35c4239f8828af23b804d261c,test
raw/banana/fresh/freshBanana (181).png,banana,fresh,local,v3_112960efa8167fa03545d4f3338def1b,61f26a29183f86d34ccfd706e4cca23deedac6d1ada66b32640c52f9a4f776b5,test
raw/banana/fresh/freshBanana (182).jpg,banana,fresh,local,v3_79682fc166aa1f14562ac6c9e17f6c80,292ef57bc77fcb38c7b2f1e21e59c9eed17920f15b94d57427ed39cfca0152e9,train
raw/banana/fresh/freshBanana (182).png,banana,fresh,local,v3_79682fc166aa1f14562ac6c9e17f6c80,cd60883c6514829d2591ece691397c62e2ec21943df7adcf06ec7e2aa3a84e58,train
raw/banana/fresh/freshBanana (183).jpg,banana,fresh,local,v3_f29f02cd6e34507c023afa299535429f,25f7875dd07d4885cce7e082b0308729ab2a7ced05fb99192456de1bdea864fd,test
raw/banana/fresh/freshBanana (183).png,banana,fresh,local,v3_f29f02cd6e34507c023afa299535429f,e30bff87f0eb2290661b1d83b447267eba0d255ac307c646d5aed56deee53294,test
raw/banana/fresh/freshBanana (184).jpg,banana,fresh,local,v3_4f7871d3810a97d76239a8eded18ea9b,a02b06c3405565d589784731f26534a8e2af68bd578b9d05684bfbb646509bce,train
raw/banana/fresh/freshBanana (185).jpg,banana,fresh,local,v3_9f41741fdb52eb3645abfda8af01138d,6c3527f915042cc32a1829ed4da2eba5388a6fa2adf6ec4d33babd242b1d67b3,train
raw/banana/fresh/freshBanana (186).jpg,banana,fresh,local,v3_2e373be2f790efcfcf4651bb46c6b495,c3ae3adb00526e153b8fd863da592bb2018cfa18b6b3fc915be95d89d9985991,train
raw/banana/fresh/freshBanana (187).jpg,banana,fresh,local,v3_5a5104b0e1a682bf4f637181aeb65281,6c20158c4583584cf606355a99b177ca67f4a584c76ac310bb71972853d84311,test
raw/banana/fresh/freshBanana (188).jpg,banana,fresh,local,v3_0bf4886a555bc38604c94d17583d83aa,8fd6457ca4e04f868b02e5b8ce2e2224aceb4312eabb128604db3d145696bea3,train
raw/banana/fresh/freshBanana (189).jpg,banana,fresh,local,v3_b3435a56f0a81f57f9968525d0008895,cb56a171a8f04699f9e6d0c8bcd2dcce35d29a558a39c72461d76f14f90f3595,test
raw/banana/fresh/freshBanana (19).jpg,banana,fresh,local,v3_2deb3e1d17e729b46e7b4f06ab05f37e,f6658cfaf76c9ead7e99e9a65a1ad8997fb07475377e38804092b74b0700ac7f,train
raw/banana/fresh/freshBanana (19).png,banana,fresh,local,v3_2deb3e1d17e729b46e7b4f06ab05f37e,b859dbcde6bf78996ea5ba7749e5d209d70bdcb9ae8e72963a64fe1076790e1c,train
raw/banana/fresh/freshBanana (190).jpg,banana,fresh,local,v3_e9d7d59aed80c3e11e35640d3942dc67,9ef80e6693ed84babb281c26267481039be476cafd86946430ec36cf181d9689,train
raw/banana/fresh/freshBanana (191).jpg,banana,fresh,local,v3_0de5a9a4e602a66af20d5f616d345ab3,33d56b0f30f5c243caa4eb0f6b6a4eeb94a43250c1b3a2b8246a4d0ca106244c,train
raw/banana/fresh/freshBanana (192).jpg,banana,fresh,local,v3_75bbb0677246a696b5e22471465ff060,cb1b73d75ec77ff7c6c84d62084e969af5d6e160a26885e7dbbc88c212c352a8,train
raw/banana/fresh/freshBanana (193).jpg,banana,fresh,local,v3_238a3dc0c6e3ef76dcad519df2736309,b0de60645171017d7cc960e1caecf88d9e4d86d179f4310709d4f7db86d134b0,train
raw/banana/fresh/freshBanana (194).jpg,banana,fresh,local,v3_b2f38388c763216b5e10bf270b3fd8c8,a45becd902ad48e9aa13de3cdbadcd22d4fc8e856a1bb2c3a4183e3a59b530ac,test
raw/banana/fresh/freshBanana (195).jpg,banana,fresh,local,v3_37617cd086c3529a6e8e0ca258d20810,3859d72e526f24f10fce5ac4c11be7e87552176ac05672ef83efd229ccd7c011,val
raw/banana/fresh/freshBanana (196).jpg,banana,fresh,local,v3_2d87b85dca85e0b63db030825e53736f,cbc97601a012ec291fdebf069c9733fa6ab3070bd9400987f0462d221653bf2d,train
raw/banana/fresh/freshBanana (197).jpg,banana,fresh,local,v3_b339bc5904bb4f30279331e6df92a73f,087fde4a131254f87c927002ef69e43b743b2cdc929dd18e9f87f267d806d1e6,test
raw/banana/fresh/freshBanana (198).jpg,banana,fresh,local,v3_1e396774cba68375fa4dc704d45924ca,8babcd6e27849ba7dfabca48a150d0ec6cf4e2c70658aa4c5251b059ca00d4bf,train
raw/banana/fresh/freshBanana (199).jpg,banana,fresh,local,v3_d222c7487de295db97079df9e4a1c273,01c613afa4b164906207715134fa1e4032f48842f4a301325a9f0b77eb9abc1e,test
raw/banana/fresh/freshBanana (2).jpg,banana,fresh,local,v3_c6e75284cbdca4fdae7591b6c37562dd,2c86ad71271bb1819c0686de5f76e54192966523de6780d90e99d58026389dc4,train
raw/banana/fresh/freshBanana (2).png,banana,fresh,local,v3_c6e75284cbdca4fdae7591b6c37562dd,21f854283473fd03396cc9930e5235d7dcc377270869d3a62153d2f8eded33a2,train
raw/banana/fresh/freshBanana (20).jpg,banana,fresh,local,v3_9422779727f5435bc668959c519cd0ae,43a2951ef2e4c0ece7cc331e599d3cb074c030b88596545373ff3e4337476b04,train
raw/banana/fresh/freshBanana (20).png,banana,fresh,local,v3_9422779727f5435bc668959c519cd0ae,12bb8e3de07bc2f9020778d6ca768accd78a52a3420442980fc8aa25abab82b1,train
raw/banana/fresh/freshBanana (200).jpg,banana,fresh,local,v3_9b92f29cd0d92fafad91b6da174f0bc3,59df03f1dbbf3aa6813e0fba650197d23b378c3365b63383396330e0d0f5794f,train
raw/banana/fresh/freshBanana (201).jpg,banana,fresh,local,v3_cc2db52ec24f276be76a44b7d6da6ee1,3130cedf1bc03e16df56c7716d8dc83f750c493821a3fa7e3e19c8bc8fde8284,train
raw/banana/fresh/freshBanana (202).jpg,banana,fresh,local,v3_3e095fedf3b1c1c9d6234e7622b5898f,bfb24a321a413db8d1063c63550ce834eefe7e976d88fd588e5a404b33a6771e,test
raw/banana/fresh/freshBanana (203).jpg,banana,fresh,local,v3_992b590017ed533f797f37c5aaff609f,20a1beb04cab81eb2b586b711aa3627347386218655441533bd024724b489b13,train
raw/banana/fresh/freshBanana (204).jpg,banana,fresh,local,v3_992b590017ed533f797f37c5aaff609f,96506fe53352450906762c43cf9a9e6d1a5378f5e08c7d8fe049c6a08e04ffc0,train
raw/banana/fresh/freshBanana (205).jpg,banana,fresh,local,v3_8925e1f7bd6e88e60570f18d6c3aed82,80e76f50ee46d969a45617ccda14e674132dbe14414730b6e8add7ead1e46af0,val
raw/banana/fresh/freshBanana (206).jpg,banana,fresh,local,v3_1379393d9cc6b2340036631043aaf5f1,be0954c3b592034f308c739bbbb0d785672845d382c04d1b3a21415a95c10a60,train
raw/banana/fresh/freshBanana (207).jpg,banana,fresh,local,v3_2ee5d44fbb3961cb753411b579e1e347,4a653b740deb69b2233eca6141a3e9ff8e9c0af0edb975818ab85f9e9b78d703,train
raw/banana/fresh/freshBanana (208).jpg,banana,fresh,local,v3_c2303e9d4cd2aa1ac93a542405bb244d,5b43a7e9f94e58de61ae827ed8a8db68ec9b649fa32ac599bde86d8a9ab54765,val
raw/banana/fresh/freshBanana (209).jpg,banana,fresh,local,v3_692db0444121716f3537148fbc7ee2a9,ca2342622e0ee652a8571c36850e9c2d816222c2bf1a4962f94086a4e1abe0a4,test
raw/banana/fresh/freshBanana (21).jpg,banana,fresh,local,v3_2deb3e1d17e729b46e7b4f06ab05f37e,df6da97e9f85f5e932f4f3988a2c1abeeb1e5a6200578517ad900a31a18d25b8,train
raw/banana/fresh/freshBanana (21).png,banana,fresh,local,v3_2deb3e1d17e729b46e7b4f06ab05f37e,185ac89f09918f630efdcd7913b6a0727f2de60070177bd84575a5ee656748a5,train
raw/banana/fresh/freshBanana (210).jpg,banana,fresh,local,v3_a03a9aa71bc04cee6e9e212d43069f41,8784031077513b8a0391ede083ae7f7a5249163d9e0f96d873857191f5c9900a,val
raw/banana/fresh/freshBanana (211).jpg,banana,fresh,local,v3_6030ebd7d63dd2dcea0d88cf21637c90,cae0413a3d031a41a66cc50623bf92337710f7cf64cb176036b9211a88231bfb,train
raw/banana/fresh/freshBanana (212).jpg,banana,fresh,local,v3_cd13f0847dcf673ccc1e47b5adaabe25,2e2e1874a4b014c084fe9d333e6f3dda8005f9385461ce6988ed6b1b8ff782c8,val
raw/banana/fresh/freshBanana (213).jpg,banana,fresh,local,v3_a1d7e182b086fb7bc71101d50d0f523f,014d5a36d7ff2a653fa0ed404e51be8a3b053959def08248bcaf79347393e10e,train
raw/banana/fresh/freshBanana (214).jpg,banana,fresh,local,v3_998a0e251f99628ef96a19302f623ac2,4d535906d4e7b08da133cdf33e3e4c47478cbc5111f1723f89df02bd8dd9bc10,val
raw/banana/fresh/freshBanana (215).jpg,banana,fresh,local,v3_265da186079cd571cde43c58299ecf32,c2b08f001940131b1c549d3e53cf94463bdff0a8dc2c662a3222fc867380765b,val
raw/banana/fresh/freshBanana (216).jpg,banana,fresh,local,v3_e3dc5404f076284c9025541f638df83f,42ec32300aedfb89db2989a8a4b4d2f6e3af48ee31d940bbd7aafdc4e4c92e87,train
raw/banana/fresh/freshBanana (217).jpg,banana,fresh,local,v3_53fbff3c338373bb7f5619c54d11d5e8,8eda0495d2f8013a506dc94c0964ebe6ef4563aac7b7fd91a08ffbbf3bbd45f3,val
raw/banana/fresh/freshBanana (218).jpg,banana,fresh,local,v3_caf4802829e6d06ccd4598d4747bf9fd,ef72a468e49719ec3d278af3554fe4bb3a8c66461882a542acc1502442c883e0,val
raw/banana/fresh/freshBanana (219).jpg,banana,fresh,local,v3_76bab1edcce3fb9b0babebb6ee27ac1d,3c4ca4f7d1f35d6f34a50d5b735f103167da800bc78c356add95691349f33d77,test
raw/banana/fresh/freshBanana (22).jpg,banana,fresh,local,v3_7bdac74cea469a30852090258d381631,a778af41d82b500829a70ec17c1acf524253ef13b6756722108928fbf0b28d5a,train
raw/banana/fresh/freshBanana (22).png,banana,fresh,local,v3_7bdac74cea469a30852090258d381631,adb39919067703a55cca5d1dcd39c820b655c1f1b528e27b9a6e43344d205faf,train
raw/banana/fresh/freshBanana (220).jpg,banana,fresh,local,v3_7d56778280de0a7796096de020854764,7a06effede0dd96598b025c9bc38893594ebd7df48f859484d8c805a68cf7269,train
raw/banana/fresh/freshBanana (221).jpg,banana,fresh,local,v3_54cb3cc89573b4b9f02cb3cbd759f3ad,8f8c74dab81a3983a3203bedc00858c4a95d688fb1587e11427d97e9645920a7,test
raw/banana/fresh/freshBanana (222).jpg,banana,fresh,local,v3_215dafd7869f6f25c36091a64fd0566a,1d1e02e65ee24a59ab8d2bd76def0ddb38a8a293af550ebda5cb79d272b947ba,test
raw/banana/fresh/freshBanana (223).jpg,banana,fresh,local,v3_a2a5c03e5c116f9c515f32f259b830bd,cd5edae7e7862f73e73a2c3081a61c8ebb704fc3f89bc1ef788c0ba5fbc2d4a9,train
raw/banana/fresh/freshBanana (224).jpg,banana,fresh,local,v3_ed70deeb5c5981ca1b40776dd14a9710,395be2b8b1262df53234eadad1e82226f844ec0fd97f516e2bdaf6d2e75f147d,val
raw/banana/fresh/freshBanana (225).jpg,banana,fresh,local,v3_fefc6bcbb6dff2808140ca686467a5e1,c8899f9f66deca3c37a5b978977921b155e5bf48906060df46aece2764bd838e,train
raw/banana/fresh/freshBanana (226).jpg,banana,fresh,local,v3_e43167e0e01caea40ccb29c0f20812c7,bcb1ca967bee65b067e268b01d019f95ff07605bcb518fe76abb71725b8da066,val
raw/banana/fresh/freshBanana (227).jpg,banana,fresh,local,v3_7050ce89a14bc05ceb720937090e7ed1,a6b75da1dc33ec20e443b195450bbe7650ef0ae6c7c35bdae892197d854073bd,train
raw/banana/fresh/freshBanana (228).jpg,banana,fresh,local,v3_63cdae54c35b83535ecf8ae6c7f4437f,1d006f32e1ec55be8999e12a15cc5bc0a7488b6014f60bae6d715f4887a0b5e3,train
raw/banana/fresh/freshBanana (229).jpg,banana,fresh,local,v3_93518fdf0cc32ff3fe178728478e77d2,828ab1d75123950ca352170bd9819e5c713be384c4c1f634c24f3c48aab6b88f,val
raw/banana/fresh/freshBanana (23).jpg,banana,fresh,local,v3_e3adeb675b407907e21ac1d3a2e5cce6,e5b80ca0de4199d3c3597ba2041a2c70fd0e6a3c8bfff9318ddb0295f88e6687,val
raw/banana/fresh/freshBanana (23).png,banana,fresh,local,v3_e3adeb675b407907e21ac1d3a2e5cce6,a12f20d3064a82f9d4b1d1a0396ecd13f5798920b95924104820ee72a1c46f66,val
raw/banana/fresh/freshBanana (230).jpg,banana,fresh,local,v3_3781d35ede3075d7fb9e152fb4c71896,9283b86582b9af0ba0a6f7a14234d34301cd11b08b14692774f46a6163b3d8f7,train
raw/banana/fresh/freshBanana (231).jpg,banana,fresh,local,v3_20bcf690bbd4376bbebd686a27c8500b,e261636194fac21af7b3ae06e0059e37885ba338b2f616f9dd1cc14fcc7aab02,train
raw/banana/fresh/freshBanana (232).jpg,banana,fresh,local,v3_1c55314ac69a75dbc274b728cdbcf0e8,22e540c2fc6e42febae6ee7d2c3ac957264efe99ff60b721bdebf18fb9580ccf,train
raw/banana/fresh/freshBanana (233).jpg,banana,fresh,local,v3_25b56975609e2ee05a7c325198b55030,9ab7219846e4b28ee0d62ffc72a0272aa5043b69299a6d1b50df3b9620bbdb1c,val
raw/banana/fresh/freshBanana (234).jpg,banana,fresh,local,v3_08cf05bd6c1b96646104e5143920f06d,a44e92b30ce618dab7a7457590bda8251b6a6a3c1ecccc214a31bf3bcfdabc5b,test
raw/banana/fresh/freshBanana (235).jpg,banana,fresh,local,v3_bd80e6cc9a1929af6374db56c02dacd6,0f230439fc69eb67c26cbcfad72c5a363bf9dc759e8b5efca90896de16b569bd,val
raw/banana/fresh/freshBanana (236).jpg,banana,fresh,local,v3_5454f7a00a3d6d0de2d0c061535380c2,b3fb50a8ac057ceda60a02aa04586ff7453a904926b69af0011bdbd9e2556515,train
raw/banana/fresh/freshBanana (237).jpg,banana,fresh,local,v3_1b44854fa943c54c2a3a60c4a39081c9,9c5c964f1f58a5b87b7d2236796f4a15468c0d088ee665dc1f3555cbcb7f6d2b,val
raw/banana/fresh/freshBanana (238).jpg,banana,fresh,local,v3_d3bce0065aeb535c2c59df8840c72706,b9394bd382476cb50dbe3b6d9d2432b13b107ac6b9f44247c05f5ee7f9a6c8f6,train
raw/banana/fresh/freshBanana (239).jpg,banana,fresh,local,v3_88ca869d66595fa8b812dae7560b47ea,a0e3482f18d19079499649e221421078ead059d3d765dbd28a16ec6a1bd7977a,train
raw/banana/fresh/freshBanana (24).jpg,banana,fresh,local,v3_1a5a4aead64dce2ebd359f269ac9a913,85bce5318f245a0ddb70e76722ebe191af77e5ee16fa0f79ceef7024352d1f50,train
raw/banana/fresh/freshBanana (24).png,banana,fresh,local,v3_1a5a4aead64dce2ebd359f269ac9a913,23922e2f63b398aa1984fdc165b52838d7015b38e5f08bb82bd4bdb0ab96db25,train
raw/banana/fresh/freshBanana (240).jpg,banana,fresh,local,v3_b192c9eefc5ec9816fd6cf534e8ba3d5,de96cc95a803dcda1fd1ae8fa6d194b54d3473e801b7ee6ed9a39abbcede5bb5,val
raw/banana/fresh/freshBanana (241).jpg,banana,fresh,local,v3_3d4b5b77b3681be7aa05d82a672a7e71,49de2ef45590c0ff027a6538d051e3f41b75df146b65ad658fae84b91b845254,train
raw/banana/fresh/freshBanana (242).jpg,banana,fresh,local,v3_41233067ddff71b41f3c73f04dd182b4,f4ce0c8f4055dccf16da2ebd2900643f3d0e81b2b9d10a6307cb55b7818901de,test
raw/banana/fresh/freshBanana (243).jpg,banana,fresh,local,v3_40d12f73e1729d04fafa23e9a3611d1e,ec33ab2f1af74c2cebcd938f16235971b5dd88a3ddc46c4262f7cc261144ddd4,train
raw/banana/fresh/freshBanana (244).jpg,banana,fresh,local,v3_261a3e08a6596736d4f00aa250e31284,a887d3a5b83fdf3cc69955f695d59ab4bf612a527787b4e24e1d09b18b9628ca,train
raw/banana/fresh/freshBanana (245).jpg,banana,fresh,local,v3_bc83a6eb38cbf0412dcb3810b113c356,5b2b27f49957fcff59d4560642e0b0a0afb6710a0d95c6cff01ce397a603983a,test
raw/banana/fresh/freshBanana (246).jpg,banana,fresh,local,v3_8247375d445b2ff6a6c88266505e0a08,a20aded92ef33102a676b63516986778f6c572bcf493e4174220b6085c6ea639,test
raw/banana/fresh/freshBanana (247).jpg,banana,fresh,local,v3_10e6706502a42bfe80adbed30163d44f,5e87591716e0077a2655db7c17bd68423dfeb56009e4a30dc2c982dd864c6cc8,train
raw/banana/fresh/freshBanana (248).jpg,banana,fresh,local,v3_ef263cb6d2a2695d5db9038774ededf4,0883791faf480dc66266ed490817bc51f7549f8d56c244325bf94eb86969419b,test
raw/banana/fresh/freshBanana (249).jpg,banana,fresh,local,v3_e45c6438f1d37fad05e9b9a2a974a98a,f1df8962cd806772128a9c2c07ac28c768e3ca9c422fbb9bcc4a39c03ae489c8,train
raw/banana/fresh/freshBanana (25).jpg,banana,fresh,local,v3_81f7e9bae6122832bbad096bd060ae04,38ffa6f266beac99438749abb982240aa7fbff7a073f600628ed91bd0af521ef,val
raw/banana/fresh/freshBanana (25).png,banana,fresh,local,v3_81f7e9bae6122832bbad096bd060ae04,5a2da83c632b4379284f079c2e8b7fa8c2dc8a4487aa32ae5822a6581c31ffdf,val
raw/banana/fresh/freshBanana (250).jpg,banana,fresh,local,v3_c9e4e387b5f603429dcbeaef11abcb1c,7d35b62426c121f2984f70f67c338f8c5334dd2f89d9cc33c7ee4c297afe6dc1,val
raw/banana/fresh/freshBanana (251).jpg,banana,fresh,local,v3_7aefc1e88974cc9cea3e28c274a04baa,bfc8038ee69ae82072b8587bbada3339957e24fd1abe07637de88874475117a3,train
raw/banana/fresh/freshBanana (252).jpg,banana,fresh,local,v3_e8f53274d0f1dfd05aa728215f99e433,293c825d9cc479e9576aebc28fc33d7d730f4d536e1357a9ee0660d8faf5c6ea,test
raw/banana/fresh/freshBanana (253).jpg,banana,fresh,local,v3_91052b946392c256597c89300dd6ab63,c6ccbbdf6d1f9dccefbab47c649857ff954f228cfd8cebdf660573e584c03ed5,val
raw/banana/fresh/freshBanana (254).jpg,banana,fresh,local,v3_e9e7e5f50ad348743c5493b6a944406d,db02a48c66d61f98d0cfc85a41caff66200f8adfb9e072ebc422c49cb1023323,train
raw/banana/fresh/freshBanana (255).jpg,banana,fresh,local,v3_033ced5cfa3d66bf8c77cd5d31754bf2,30888ab043c2bba9d2c28775ecbc241d62befd1932de915dec62f2c61f746743,train
raw/banana/fresh/freshBanana (256).jpg,banana,fresh,local,v3_860271e91b0bd8b767351c600b877cb2,2a55877987d120d12819e8c9c9c88d3d91734b3c22c778b740c10e07713b81db,val
raw/banana/fresh/freshBanana (257).jpg,banana,fresh,local,v3_62b9f073621ce275066d4a5d42d11cf7,3449fc572287f2118c3ccafd64398f3f35e3f096a1c9a9bf47fd230e336ae36c,train
raw/banana/fresh/freshBanana (258).jpg,banana,fresh,local,v3_d1e99e4e5a98bc9970a0191aea770061,e3ba26904205490080ac142ab2731d8e5fd94f1a295d5e3086935751fbab43ce,train
raw/banana/fresh/freshBanana (259).jpg,banana,fresh,local,v3_0d5ae48c66972d4b54584abdb0117e1a,32bb095a5cb890adc293ff49531dac2034020463a283ae17e41fc021e4f5dc3a,val
raw/banana/fresh/freshBanana (26).jpg,banana,fresh,local,v3_2deb3e1d17e729b46e7b4f06ab05f37e,3a7d4d795d8889044580599980ba78b8f7ab6d295d233d2a9b61227cbafd0282,train
raw/banana/fresh/freshBanana (26).png,banana,fresh,local,v3_2deb3e1d17e729b46e7b4f06ab05f37e,1ee66f0563620c5b08d98536d34fe942c41a17508f587d654ba1cf9855a0b471,train
raw/banana/fresh/freshBanana (260).jpg,banana,fresh,local,v3_8cd7cfdeded3272ec6f6870b6c6d4a4c,5f9e76638b1ec74344030faf7ac3eda275176ac4db7aff59f8f117b9b817ec9e,test
raw/banana/fresh/freshBanana (261).jpg,banana,fresh,local,v3_4649f287100f9de43b9e5d36a0b0a15f,5a3b4f7fbcecb135113b39baeb2f050230b4f85384b7fcfd23a8c8ea8b80615f,val
raw/banana/fresh/freshBanana (262).jpg,banana,fresh,local,v3_1b23d31abfceb374e207142cb7cf0b3f,908fe33310c1c50257a6ae0586763d70bd6a893dca85abe636a1adafa45b4cbd,val
raw/banana/fresh/freshBanana (263).jpg,banana,fresh,local,v3_78721f6089932bf6cfb12bebc5e0ef9d,529b6e0ce8678623706900858f4079636754b07f4197fd69beb2f061d7f4e91e,train
raw/banana/fresh/freshBanana (264).jpg,banana,fresh,local,v3_ba314316ff1f9487e6ca7b365e5c7314,efd218a2532436aba4ca5b7fd05b5c71db328f65315c63117374cd39f87114dc,val
raw/banana/fresh/freshBanana (265).jpg,banana,fresh,local,v3_1216f9543ec798aea4681ff79ff98497,b4a945b7ae83e4fbfcfba35178a8f30ce4d009057470dd597c7ad86ecdce7ca1,val
raw/banana/fresh/freshBanana (266).jpg,banana,fresh,local,v3_a1081312ecd6af99a998ac80c8040d2c,7b40e70d3e0ec47a8c8c05710d555ad433e3597189bb3bed62e0f8af0a5003c5,train
raw/banana/fresh/freshBanana (267).jpg,banana,fresh,local,v3_dced7c2c87abbee9fb90e9ec5bed025d,e8fa3d86fa0e719e1645672f56cb74641bc24302fff1d98a47823ef8de8b18ad,test
raw/banana/fresh/freshBanana (268).jpg,banana,fresh,local,v3_bbc7596ea4d85c4c0664c04b1044ace4,584b880597e9b7074d633414cdcaf1e3534ed2155a85c8fe55d5979ee6df2e7f,train
raw/banana/fresh/freshBanana (269).jpg,banana,fresh,local,v3_4da449c382f89b33d4b7feb6c67bf425,f47fe1bb1c2b35d44c472c34a23dd9c2ffc3981b2771daf3abeddcc80911bda3,test
raw/banana/fresh/freshBanana (27).jpg,banana,fresh,local,v3_e3adeb675b407907e21ac1d3a2e5cce6,99070403c251c328d053957329846c8f37dbe9359fd3cc80147388dba36f8f64,val
raw/banana/fresh/freshBanana (27).png,banana,fresh,local,v3_e3adeb675b407907e21ac1d3a2e5cce6,41422b85688c2a0f47a9770be76a188f52f13d168e5aaa0877273e83f333b004,val
raw/banana/fresh/freshBanana (270).jpg,banana,fresh,local,v3_4bec00739764600f046e3246d935e534,13ba07d9dad32375d593d855642965870f78e0cffef8a37be5b67fa98772be78,train
raw/banana/fresh/freshBanana (271).jpg,banana,fresh,local,v3_b04e2f9b0a7194d343a2febef1a59b53,bf9d3cdba1478a6ea21ccf4a262ea22056010f831ddaf08e86681af85562f3cb,train
raw/banana/fresh/freshBanana (272).jpg,banana,fresh,local,v3_647537d5666e53e9b5513006a8d66273,7a7bd979447871b5263f6bc6dff4c4506c3079e7b2cea48fd06cf02c476ec02b,train
raw/banana/fresh/freshBanana (273).jpg,banana,fresh,local,v3_9c22d716e651698aa74ab37f5720cc08,d4b84dc290d03fe7231726d8322b34814e1fe3577b3dc26d481f895176f26e6a,val
raw/banana/fresh/freshBanana (274).jpg,banana,fresh,local,v3_16a17e2b2474c69b97fd8634cb76c263,5598eb31065206559f561a462b3e6f79f6ae78b9b76a308714bdad742166bd8b,test
raw/banana/fresh/freshBanana (275).jpg,banana,fresh,local,v3_dcebfbd80d5466fd3df791ac50e70d2f,1188cc605f3729956b8cd405d42223cb2717d1be7bb255d1549bf64a893dd254,test
raw/banana/fresh/freshBanana (276).jpg,banana,fresh,local,v3_312c830d0189b83938dcee88f2d128d8,631f9ece880309df2cdd1d154fecfec39ba381cbcf8a62d402a392c8d5d81b4e,train
raw/banana/fresh/freshBanana (277).jpg,banana,fresh,local,v3_e8c207605528133ed3f447394787a23d,b637310326a930d191e9dbcc5728c22ca4b78070eda971c5241ab4742d3d44d9,train
raw/banana/fresh/freshBanana (278).jpg,banana,fresh,local,v3_0c6c0930432b410276d81a6938a644b8,364142ea69b494e68f379c22cf4d7566b17f25663940e6561407e864b491f567,train
raw/banana/fresh/freshBanana (279).jpg,banana,fresh,local,v3_1fe110b481b444d5520504d84ab421f2,4cca1d752b7f6b29df1e4501d549fdc5b1de0f5a5bc3e79285c61483e22c4681,train
raw/banana/fresh/freshBanana (28).jpg,banana,fresh,local,v3_2deb3e1d17e729b46e7b4f06ab05f37e,2129dffcb4de56a887affc676fd64eda58eda5a099f3c6891d6d3a5e74577516,train
raw/banana/fresh/freshBanana (28).png,banana,fresh,local,v3_2deb3e1d17e729b46e7b4f06ab05f37e,46fa2ef897e908aa0b1c86cef5e48b42a377498b9f0299a9886e5c2e898181bb,train
raw/banana/fresh/freshBanana (280).jpg,banana,fresh,local,v3_bc8d2acfb31be830e0002a680284ea84,daf1582c474f8926816be275f1ec4a343405e72e9d0935d238e1141074aef089,train
raw/banana/fresh/freshBanana (281).jpg,banana,fresh,local,v3_6ae352fd125f22fa3ceeb82eafdf4697,b19ea2ee76ade94a88e165a6a01bbf7ec1aa19a322a755c9ec361ea41bb4cbe9,train
raw/banana/fresh/freshBanana (282).jpg,banana,fresh,local,v3_e0fda836dbac766d0bf11b19cf74cb99,5f6279f542113103d60601b6160f09232d7076df8e1f996074e70dabda94f768,val
raw/banana/fresh/freshBanana (283).jpg,banana,fresh,local,v3_a10d676ce9bb0fac85352e302fe9f10f,70f179e947bbb0cb18b768a124b3ced8a59c925eea02102ed0115bca50a592a2,train
raw/banana/fresh/freshBanana (284).jpg,banana,fresh,local,v3_fca852849cb102826c41ac9c301f2055,4b2a9de857af48ef51e5c37a5d0a7148d759b31ccdfe44a92d031b22dd589bde,train
raw/banana/fresh/freshBanana (285).jpg,banana,fresh,local,v3_80e9bb8bc35a300205ad2f935f227876,e28ef03d7a42089b38738391d22641982277ff48784cf772863ed9adbc542444,val
raw/banana/fresh/freshBanana (286).jpg,banana,fresh,local,v3_dc931a66c1a7df7492667c1860fe06e9,616a8a5a5332d458413121a669ef856bfa51b25c1794df837db62a57f2102063,train
raw/banana/fresh/freshBanana (287).jpg,banana,fresh,local,v3_211d6450c15315b6ea8de48e20a376e7,5c2aee6bddb75c95db2402a8a68a2f1cc5c45758e904d863dc18fb6ef70ec99c,train
raw/banana/fresh/freshBanana (288).jpg,banana,fresh,local,v3_2edc73fd57a76b3a84b893e4e8718a21,fea7c9553cfc765cbe0771fa761fa424df4c48e3fe2e39369fb728a123787b42,train
raw/banana/fresh/freshBanana (289).jpg,banana,fresh,local,v3_7eac3efe4ba58115bfa2b39f699ff4f2,169b737b035941762f51ee4c40db0d3c1a6ab2c8d0731c4490b92d89fe16e0f8,train
raw/banana/fresh/freshBanana (29).jpg,banana,fresh,local,v3_7d2285c0026bc0f7a8775841c3fcc835,8addcc6bf478af182d4fc44b6948a4acc3ac864a413849c1f0e2e844d7622bb0,train
raw/banana/fresh/freshBanana (29).png,banana,fresh,local,v3_7d2285c0026bc0f7a8775841c3fcc835,6503a441c015cbc29d3b7acfbb5d5fa5aee9a43d4113a77f3ed84e3ade763cf6,train
raw/banana/fresh/freshBanana (290).jpg,banana,fresh,local,v3_289ee32705787d2b2825e8ebd1a6f300,a0cc7fb7781765846fb0ac6cfd8b06bf60bfcddd773b799c01cc54d791c36514,test
raw/banana/fresh/freshBanana (291).jpg,banana,fresh,local,v3_da53eecff4eeb93c17992f9ef40aba0d,68d8b53c71a55ba5e9dad30b4a523a044d9dfbec9e6dac05611a88be7bd875a7,train
raw/banana/fresh/freshBanana (292).jpg,banana,fresh,local,v3_aab910eb81d320e1e28454d27fc58b53,ce88ce7d09fcf28cc9d1137da4904556e89e7b54b5353809a947e18840cd0d11,train
raw/banana/fresh/freshBanana (293).jpg,banana,fresh,local,v3_c63b641d1e2a559563d7f363f3d7a8e2,abb6c5c2bde351cb2c39b741ea9a712f5f0be5b1e124b17222a5b4f6f0ed2f53,train
raw/banana/fresh/freshBanana (294).jpg,banana,fresh,local,v3_812b5d4fcc7fc52d8b95bfad65e6b277,19c8b55ec673e066b33cf621a25e264496424f30fde9b5c4414cdcd7ee779753,train
raw/banana/fresh/freshBanana (295).jpg,banana,fresh,local,v3_812b5d4fcc7fc52d8b95bfad65e6b277,21fa7f1b2d0d25eaeeff7a3dff62cb1d34467d0b00772ac513342b0bd24b5d37,train
raw/banana/fresh/freshBanana (296).jpg,banana,fresh,local,v3_052fc3de7145a5273544308fa2d72b20,c6fa2cf9449247f4ced08b12b5d31c35513cfa5cf4bc53213f156c34c9a6aa2f,val
raw/banana/fresh/freshBanana (297).jpg,banana,fresh,local,v3_590493c74bc2e0ff6efd17d2b86e53f3,de9de4d59e76f849aff321ef27ef11207e3d2445ccc1753c11d9639fa7a3ddf8,train
raw/banana/fresh/freshBanana (298).jpg,banana,fresh,local,v3_24cb0de2e67441df2df21fb26748ee60,ef686bb6035c2db015314e38c4972ea043e2d3ed25634eed2704f6a4e58f4311,val
raw/banana/fresh/freshBanana (299).jpg,banana,fresh,local,v3_c593edd1291c5e3fd0e51a6d538a9ea6,bf17577fe317b4e43ed24678099b8cdd17c7234059c5d677c7eb04aa75fef7e8,test
raw/banana/fresh/freshBanana (3).jpeg,banana,fresh,local,v3_90809c87a22176e3b1bfaf02ba958d79,15642ac969e121766b8db28ea6c8db0376a8f042528b59a586b19af7a0861772,val
raw/banana/fresh/freshBanana (3).jpg,banana,fresh,local,v3_90809c87a22176e3b1bfaf02ba958d79,24c35d8b6c2792d869a7e0cebed935c6c4b4859133b0bcdfe977d70e35392154,val
raw/banana/fresh/freshBanana (3).png,banana,fresh,local,v3_90809c87a22176e3b1bfaf02ba958d79,03e1e673c4a487d6a6c19f04331d3347d3142a729a42c56ce395a87f007b36a7,val
raw/banana/fresh/freshBanana (30).jpg,banana,fresh,local,v3_12572901c8e40f1e2660793b8fb07901,e4f90ea6b2fcbe79719b6e93286b06367a1a26c112166f2cbb1f2fe2994e61a2,test
raw/banana/fresh/freshBanana (30).png,banana,fresh,local,v3_12572901c8e40f1e2660793b8fb07901,e1d16eed66e080ed3e158fb6cfa278fbde7c77adf2add4761986c768379d7fb7,test
raw/banana/fresh/freshBanana (300).jpg,banana,fresh,local,v3_a891cca96d782aeadcb9166ff2708212,7579f39c82fa4b9ab525f14167ba740f2d31daf4f4c1786dc8bb1caf39016dc4,train
raw/banana/fresh/freshBanana (301).jpg,banana,fresh,local,v3_08b1de3de13c639c422669fca14891a0,7d917a5930003a59f8deee2ea7a61fed19d3c8d5353d85f8e9396037c53deef8,train
raw/banana/fresh/freshBanana (302).jpg,banana,fresh,local,v3_3742d4ca33a037224ce0ca91b696bda1,90ab7e31db758f3cc55980535727298887d5d6bc0d52b84744a262024b8316ad,train
raw/banana/fresh/freshBanana (303).jpg,banana,fresh,local,v3_72ef2db86cd5ccec1eaac8e1eb2fab01,5a599104a0bfd3529be67311fd2b579e702b4dfa9f57db5b75a6efa70f73cd9a,train
raw/banana/fresh/freshBanana (304).jpg,banana,fresh,local,v3_d1a1c0b6996ea5714ea7ad963ffc50ed,dd7936b7f3fa7a83f09acbc2d33f0e9ffd74efad07b4dad8d7ad04e5b5cdfc34,train
raw/banana/fresh/freshBanana (305).jpg,banana,fresh,local,v3_b2b53942a2146d6874ebd2ce2775da19,fd1f1c2a9004d907796672584de60b658ee8c4e6f3c539a6fbca7ab2434f0202,val
raw/banana/fresh/freshBanana (306).jpg,banana,fresh,local,v3_7bcda8f4b101919644e51985ec2f1b24,d53f0605e4b4921eb6bdb98d93aae2ff2f1d645faa312893fa5998de48b61ebc,train
raw/banana/fresh/freshBanana (307).jpg,banana,fresh,local,v3_390d2ff7dd555bd634d28b5d32247063,639bad3602704ceb7f8e2358b98340e8c5955207970e75d519d1a4312c2d6419,val
raw/banana/fresh/freshBanana (308).jpg,banana,fresh,local,v3_a36ae60f48717283a549b98e0468f587,e60d305e1d51e2497c2bb9f17185dc9736f94eb2c9fde5ef140aa28030e215e5,val
raw/banana/fresh/freshBanana (309).jpg,banana,fresh,local,v3_0ec8a637a19ef102f8ff4df554df9b67,42bb8a85f2359a1c6cfa75638eafc7e60773f437400a2e4ff7ee98a15d332138,train
raw/banana/fresh/freshBanana (31).jpg,banana,fresh,local,v3_d062b093a2efc781568e4880843b2c10,9c6d11e4dd1a45893d8d354b9eb01ce9a7ac3aa7c54183acc9b45388f2c2bfdf,train
raw/banana/fresh/freshBanana (31).png,banana,fresh,local,v3_d062b093a2efc781568e4880843b2c10,a7484edc83c6a924c9977efbc703c114598c0fb842114058e82ba0d237ff1b56,train
raw/banana/fresh/freshBanana (310).jpg,banana,fresh,local,v3_51f688c8c4ead00879dbb37df2bedd65,9bac4e4e27085fbef258bab93b2180a6298a353ecc044121bf2ea3f836a83c6a,test
raw/banana/fresh/freshBanana (311).jpg,banana,fresh,local,v3_79fec3e9588f407dcb33dfb725b5e397,2716b057ba45771438bb469bd8779201df47a8c4f9c670e3d2403b50ad5ee636,test
raw/banana/fresh/freshBanana (312).jpg,banana,fresh,local,v3_25b712e183f1c3fd36afc4ddc3f267f2,71ede6d19d9f57382625d09686c89fd7317c899ba1abf40f1145bababde3c41d,train
raw/banana/fresh/freshBanana (313).jpg,banana,fresh,local,v3_e00711fa1c42e62257f1857f8dbf5a4f,70ee48799b204300e8f616b7ed12d56645733a1c7c52ec30050670694535de2f,train
raw/banana/fresh/freshBanana (314).jpg,banana,fresh,local,v3_92dc66a6caecd9336a07242e0adb8105,6e6488e56110e63369bcf14e0416f1fc1a2c392022e84f3f8146d95413d689d3,val
raw/banana/fresh/freshBanana (315).jpg,banana,fresh,local,v3_bfbbd346314223282e37991faf2d222f,58a64f4841e1340dd02e40e55a3e75c9e5e56e0bbd7addb8d79b0ca7da777162,train
raw/banana/fresh/freshBanana (316).jpg,banana,fresh,local,v3_20cadfab1878e350b483fc35ae2732a4,99f7153b8a4bbf1c99dc54256a76090a465a7dc0defd8d233a73325e3e9818f6,val
raw/banana/fresh/freshBanana (317).jpg,banana,fresh,local,v3_ad10c2a0190b668c2db576d8b3c7aeea,9a4d1d031a7214e7c930b5ff7b6ae55c83d345c993090b682699ccde1f094d32,train
raw/banana/fresh/freshBanana (318).jpg,banana,fresh,local,v3_6f160b28c46c4edfaeea05294a93ddf8,443f9af2c81f3709e0a03a5b000891e7ac543e1c0b4ef124c02186f09df9b0cf,train
raw/banana/fresh/freshBanana (319).jpg,banana,fresh,local,v3_ef5687a78ca0615d2b788a4466dbfdde,a4cdebb27be18e8fb720221ea975af0c5b6a8bcd69ecb3ec9844e95980c3c24b,train
raw/banana/fresh/freshBanana (32).jpg,banana,fresh,local,v3_18d9773acd10a0d3c745f2e35ba81cfc,55c025e3b266271ba67a783bb9f9fc11f2390d88711cfc91e489e6095dae2bf9,train
raw/banana/fresh/freshBanana (32).png,banana,fresh,local,v3_18d9773acd10a0d3c745f2e35ba81cfc,f897ee5cdf92116a00534d551eef7bca824b9986a603280b74ad2e6cedffc3aa,train
raw/banana/fresh/freshBanana (320).jpg,banana,fresh,local,v3_e87cb97c552b6c72350310493d44e9af,792bab7e6e2aa6a9c9bbf7083fb9c819f2d65137893bf25828a7d517d51aece1,train
raw/banana/fresh/freshBanana (321).jpg,banana,fresh,local,v3_fcb7452ad6ee1ef29533b7905731d078,b6049a4b48c658a8708c3a539da9d2bd47ec579d5d7fd6e6dff37670b5e9062d,test
raw/banana/fresh/freshBanana (322).jpg,banana,fresh,local,v3_f6157031475df4a7d24ffb960cf9e790,8371ca2f1ace637f4b17aebd13d0124575698924a9debb5727f0f85f3abeeb7b,train
raw/banana/fresh/freshBanana (323).jpg,banana,fresh,local,v3_7d8b63adfdf79faba4170f817fce74fd,57962f556baf34666677d95d374709536603edf4c7ece5299c3f36d5a5695d5e,train
raw/banana/fresh/freshBanana (324).jpg,banana,fresh,local,v3_a3bd715940d033a3ae0fe878721d3221,07d15dc60d5dd0f8b5f1b479d1677ac73a6ce0395007d1cba0b0f499cde3ada4,test
raw/banana/fresh/freshBanana (325).jpg,banana,fresh,local,v3_5b4194547cde424e3a41d84ea15a63a2,063aa3fb33706319d84816004b669c9af40c59046a59733bb33b42b5451cdb08,test
raw/banana/fresh/freshBanana (326).jpg,banana,fresh,local,v3_003819c549a39c52c3883927501b0dc1,3f796ba27ff4aa8116a2a0f62b7f592a54f2f11b0c7949bce3b4e646e423a891,test
raw/banana/fresh/freshBanana (327).jpg,banana,fresh,local,v3_355619065ca215851533be179423256a,766a573739a3a7200dfc93512981317789bf8e879a6cb23e6b4cb6a12e019a47,train
raw/banana/fresh/freshBanana (328).jpg,banana,fresh,local,v3_5073f61a820f113659df177ed2b21d4b,fee965f4da6539edff3db8094e2bbdae6ce70c003a174eda976957bf6d30bfdf,val
raw/banana/fresh/freshBanana (329).jpg,banana,fresh,local,v3_0631abefb8b0374a21fabb58db6c69fd,8640dadcbbfa029aa69a85b32d1a9acce018ec04bfab64cd19eb981c20e7cce8,test
raw/banana/fresh/freshBanana (33).jpg,banana,fresh,local,v3_928750821d5ee4ccc9b914d8ce87d6c8,f3d405465d1b6f003c7853487245811811db126dcc6383df4239d81e795de18d,test
raw/banana/fresh/freshBanana (33).png,banana,fresh,local,v3_928750821d5ee4ccc9b914d8ce87d6c8,22b6e835c977f95f2933173d72b6896179e4405ba4b454635b68297ea4ead01d,test
raw/banana/fresh/freshBanana (330).jpg,banana,fresh,local,v3_7e81b8c447d263f6529ab89367b1198b,8b60016d92c7c26241e41a48faecc2edd13e89b8c1c1665d391cf5ab1fb8dc09,train
raw/banana/fresh/freshBanana (331).jpg,banana,fresh,local,v3_9833dea3aa92ee9f55ce2624d8b7dac0,2e1b9024546f3c636e253e559a3b66c282e199c789db886d930779ecfbdae4db,train
raw/banana/fresh/freshBanana (332).jpg,banana,fresh,local,v3_251ff08c2880f93c4967ae560bd7dafe,5b7738eeb78597df4c69fd0b11f078ada553c77d048e43336fb304bdba3662fb,train
raw/banana/fresh/freshBanana (333).jpg,banana,fresh,local,v3_84387a36b3e600eeab956108b746dd03,590a4192ccf0983ea217f2bd9917ddb8c29e7057e0b97e0355e4e1e66fc026b7,test
raw/banana/fresh/freshBanana (334).jpg,banana,fresh,local,v3_28e46ae694b8d9a8b4ce582a8c04677d,53208487469a078e9cad1e209e71cb4079b9b35d9d956f1c7cc97f2b7b57aad2,train
raw/banana/fresh/freshBanana (335).jpg,banana,fresh,local,v3_3dbaa605fb4ef9676d53fecc82ac6ca8,6b0485f3523f99f4c7248d087f4f7dd52f77f2dd847906875250bdb1969538f7,train
raw/banana/fresh/freshBanana (336).jpg,banana,fresh,local,v3_9b8cad388f1ef19012d9a6587d00db87,ede6ffd9650cda299457f8f82332c13c5ba596f1026ae9dc23439cb335e95f9a,train
raw/banana/fresh/freshBanana (337).jpg,banana,fresh,local,v3_381ed8d902736816d8e2cd65cc2a96c2,30d95146c62d653ee6642a6657dc6f83edac231003db4b680853ebc49aa0cc93,train
raw/banana/fresh/freshBanana (338).jpg,banana,fresh,local,v3_ed1df731cd4868d8a8864faf574287c6,183aa53141fc3f48b5b6d08e0066f1d9f4a2974ee84eb795fccd618d7e479997,train
raw/banana/fresh/freshBanana (339).jpg,banana,fresh,local,v3_4135b2013c6b5d0a519f4c37111545e7,e8dff654e1ff26e87bbacf1da1bb4bf0918a79b229f9be51ccd877b6fba11ae0,val
raw/banana/fresh/freshBanana (34).jpg,banana,fresh,local,v3_81ef3dbf16f083bab8db22f40bc1fdf5,194d0eb0bea395277393bbfe0c5b56c0936cccdc757a67e8a0234c26dd382e35,train
raw/banana/fresh/freshBanana (34).png,banana,fresh,local,v3_81ef3dbf16f083bab8db22f40bc1fdf5,1e4c05e62f6c847ee859311136b94436a14dd7131022a702b754828b2fd75dad,train
raw/banana/fresh/freshBanana (340).jpg,banana,fresh,local,v3_0652546ed73c4167db66ada561cfe56c,cb1c8eeb8eaf0d70e046bb8636a46cf5f8ee52141b33d6a1ef2786e6e155509d,test
raw/banana/fresh/freshBanana (341).jpg,banana,fresh,local,v3_eacfd267fbfe22ccd53bcd24c9dadb6f,8fff96090558da7ec4dc9af08ba68ef630e8a1d9f4eb13c9c40704d371369975,train
raw/banana/fresh/freshBanana (342).jpg,banana,fresh,local,v3_feb8359d3d2075e775f2af7e9dea3148,07e363c37fcc157de60aa66e035490885d555bc40866737975f2a18f8534a107,train
raw/banana/fresh/freshBanana (343).jpg,banana,fresh,local,v3_7e42564c162a005b7a6ff6df5c3a4b85,a715fb096dc86510805044eba4532358a4672d3711bf140b542475d2194f1025,train
raw/banana/fresh/freshBanana (344).jpg,banana,fresh,local,v3_a8c41c228da399fc9ef99b5eb223d592,3f37c14f88a7ecea504de1e394bfa76231a3b0432a457019b8cd1cca0d321e49,train
raw/banana/fresh/freshBanana (345).jpg,banana,fresh,local,v3_8b332d346ba10cc7aaa2aeed13d72e69,4d005620d2072b349ab6c60c64bde8d88fff9141d724f4ac65c4289357fd15f3,train
raw/banana/fresh/freshBanana (346).jpg,banana,fresh,local,v3_96dfafd417775ebe48a0a59b7c885166,ed5f9a68d920bd9bcefd5d94f3d5a6c22fbf138582270e63b9bc72943b2c7260,train
raw/banana/fresh/freshBanana (347).jpg,banana,fresh,local,v3_6a5b16f822b4927a319a37c958222c8c,c484114e9f52e6cdd1be6ca9d5fdcbabbe5edeed4260ccf70293cb9baba8242d,val
raw/banana/fresh/freshBanana (348).jpg,banana,fresh,local,v3_fcd1dda6ac2958b820ee985ce72dc591,2895b9139e7bd68c82cd59edcb4c35346594fb7353ec5873789f6d18e65fb50e,train
raw/banana/fresh/freshBanana (349).jpg,banana,fresh,local,v3_ecbf304a38f03448f038e4f333f08354,d63e41d793384c610a7310d855c9022318e6a600e75d4e25e31c140c113b1483,train
raw/banana/fresh/freshBanana (35).jpg,banana,fresh,local,v3_3dba7d6e43df49e9f048766adb8386f0,fc7c9fb76e123f7844c0d76011da32b8f5ff926975b15b3cdc3597bd41e80679,val
raw/banana/fresh/freshBanana (35).png,banana,fresh,local,v3_3dba7d6e43df49e9f048766adb8386f0,b816b8759dd46c71b04f7baee40fbfa741d325390898643f35b8248268543ba5,val
raw/banana/fresh/freshBanana (350).jpg,banana,fresh,local,v3_1b2cd17236aca727583726eea002222d,cbc0c4109d0b9457d98f0110e6adc037fc31bcb3404d81e76867e97d9babccb3,train
raw/banana/fresh/freshBanana (351).jpg,banana,fresh,local,v3_d52a9c712cc47e87038255211abaeea3,7a9893516945cfe162fa8c5a6728871692ad9aa605d70e404d07cfb87c31822a,train
raw/banana/fresh/freshBanana (352).jpg,banana,fresh,local,v3_6ba52ff97cfb52cf9c27e571f4457a7e,bc9b723575443b34723675e4aa796541e1d1e3fccb5538dbccff0a403edc8d57,train
raw/banana/fresh/freshBanana (353).jpg,banana,fresh,local,v3_bf367bfc293121a65084ec4cc2598878,c729c2ed49315e1f6ae349dad59897f91b36eee29e6a08c398b5c2456fd1ab18,train
raw/banana/fresh/freshBanana (354).jpg,banana,fresh,local,v3_a40f958c7b399e176c672bed01f2a047,6331ed2e8db5639c0d073f11041fac1a4bc2d3a43dd61a2e86dadb98a3809693,train
raw/banana/fresh/freshBanana (355).jpg,banana,fresh,local,v3_612d9852d3761258cecd86e3266faf38,382f4bab08c0fe799a65fd2bef277c37e245f1c23a4ecca38a34b1cbac92e2c4,train
raw/banana/fresh/freshBanana (356).jpg,banana,fresh,local,v3_cb78490fc7a846e30a96d2920fce4c03,046640939fd08e8a7c38b4822c2614c4d8ec7e3cd4cbfb6e6ac55448096b0786,train
raw/banana/fresh/freshBanana (357).jpg,banana,fresh,local,v3_c209d39ef25f1e4b92cbe071d7eda357,2ea1e1dd0e5620387088bda06cfc124f4e0fd8ed627fe1d3f8798b659f531aed,val
raw/banana/fresh/freshBanana (358).jpg,banana,fresh,local,v3_674632ae274480387da256e5212235bb,3b3c6414cdf4836ae0e32bf1e389039a8625e728cb8908e74f95f15418b4dfe4,train
raw/banana/fresh/freshBanana (359).jpg,banana,fresh,local,v3_a70c5176791d0cf1cdf790d7525f3d14,62354ead6219dd27d8669349e2ae1357fa5555a9ef551395d56fd56b8502b1f2,train
raw/banana/fresh/freshBanana (36).jpg,banana,fresh,local,v3_faeb287b7d0fe743b4069a1c7fed8d44,cbb02a1076e19205c635fbdeb2f7687cbd637fac683375815664c94abf477480,train
raw/banana/fresh/freshBanana (36).png,banana,fresh,local,v3_faeb287b7d0fe743b4069a1c7fed8d44,27f1b8a13e468d68615ffae821678228683a922989219c7723fbe4fda5012f93,train
raw/banana/fresh/freshBanana (360).jpg,banana,fresh,local,v3_d5638bd4eeca0a8d8464ea75a9a7d93e,a19ffb73a6cf58bdd99d8057ba1c46716266c3724a5401ba22cda7c47472a4d1,test
raw/banana/fresh/freshBanana (361).jpg,banana,fresh,local,v3_5e2f8c5762d38dfec8d982d372c3af7f,255c8f5be4672d673fcce933fb2cb258e71b7692564bb94b78bd83111e747c76,test
raw/banana/fresh/freshBanana (362).jpg,banana,fresh,local,v3_5b5ecaab8fc57e7c9315b241fa45b507,a25d1e823478da3c931ce211b8bb75c3347027e4b47b105517764dcfc15dd907,train
raw/banana/fresh/freshBanana (363).jpg,banana,fresh,local,v3_82f1616d6acf738330b3b064db8de2cd,ba6e07fd195b2e2c979511b5b25657b5e0eb4967f10c140b46b3514aee351598,train
raw/banana/fresh/freshBanana (364).jpg,banana,fresh,local,v3_831eae78e64616562f282571c3233561,d117bd4b041a0a2d21a4f5f97ff701b611dd990ce43dcf03021b1bb594fcb97a,train
raw/banana/fresh/freshBanana (365).jpg,banana,fresh,local,v3_683a9cb0df0c852a8bc0867f59b9d1fb,1f067652d01784298da57bd0339a0de4bed70ac217c403344ecafa9dc186e4f4,train
raw/banana/fresh/freshBanana (366).jpg,banana,fresh,local,v3_e623632a12da7db2630d61ec68f13173,df31198e74c543defb316bf33fe0db13631835e7b958b3e4b799045e1ea2e44a,test
raw/banana/fresh/freshBanana (367).jpg,banana,fresh,local,v3_3cd4a3014d23fbe1b051ecf81d43c3c0,0243455246e9d76f4773a1245360b3ad1991c684a110a98d0bc4f631c48bffb3,val
raw/banana/fresh/freshBanana (368).jpg,banana,fresh,local,v3_f08b85f749d1f1efb716d0d98fdd1f65,9c3d8820756e9820f87e446ac2527f59e1ab0a0c758d4a969027c1a51fee3b93,val
raw/banana/fresh/freshBanana (369).jpg,banana,fresh,local,v3_d866cac0340243bf2eff3e5b39ac2f72,56a2c478e8c3be3d395326e6b180cdf283dfe725c8d4d4fe70d54af3516ed1fc,train
raw/banana/fresh/freshBanana (37).jpg,banana,fresh,local,v3_8c221ce4b8bdb059a1124c64d8761893,9026d45b961d28132a45c138e9dc886372600b8ec6183e7d0e8bf6bbbc62468b,train
raw/banana/fresh/freshBanana (37).png,banana,fresh,local,v3_8c221ce4b8bdb059a1124c64d8761893,c795830ad5ea236f5740ab57c507eb743214fee079a38003322503f8f035dcd2,train
raw/banana/fresh/freshBanana (370).jpg,banana,fresh,local,v3_c61fb537a82868b315a390a857623404,7d149e63d9db9e249177737c31adc18c77ab1ecddfa0aedb391f49e528d7114d,train
raw/banana/fresh/freshBanana (371).jpg,banana,fresh,local,v3_5c508b4778d3b4206df934a691b5c18a,4729e8989bae1f4ced9df4a4d8b0dd77e64a2154814aceaf9367fa5c722d7866,test
raw/banana/fresh/freshBanana (372).jpg,banana,fresh,local,v3_4467c554c569a8a7a7f7f8bf94f615c6,ff1055bbc55b18b8094af3e7ce45d6d3c15d8d6e381c094c448b357a2eae7d96,train
raw/banana/fresh/freshBanana (373).jpg,banana,fresh,local,v3_392d168e45a37251e70fa68c72948f5e,1866c9565027c51aa4c5c11d2a327c8917978a204e860bf56d2cbe0633ea58b2,train
raw/banana/fresh/freshBanana (374).jpg,banana,fresh,local,v3_505b6fb9eac0c3b04deccf4441e405d5,7b2dde21019e78d82b9f79b5ee1c6abaea61c1719f9c8dcc02ab3a64377d6274,train
raw/banana/fresh/freshBanana (375).jpg,banana,fresh,local,v3_97612c950f1621e63127a3669a7544b9,c43910cd0ae46ab780713c5e1504709d261f6a52f46358e2baa6907a727d82d7,train
raw/banana/fresh/freshBanana (376).jpg,banana,fresh,local,v3_1b376a7fd2353a5aa61e36fa7f2b824d,700e8212c84c69b5cc722ca27c6913c91c3dc7408c2020ee7798f0da5ab3f4bc,test
raw/banana/fresh/freshBanana (377).jpg,banana,fresh,local,v3_5000481e8c49bfc7713e40970dd6b306,f77c0beb3b2739219329877f7377395cc9a4c65d62f168fda8fbe12264190257,test
raw/banana/fresh/freshBanana (378).jpg,banana,fresh,local,v3_4bd0aa405cbd03487fd156dd01ddd7f4,18cb298b7afece4ccdfc1291f5bcf1e3d1cbeb2cc2d4c1968021298ae2f66241,train
raw/banana/fresh/freshBanana (379).jpg,banana,fresh,local,v3_6828186d8bf1b58b8559f40680eb75a2,8275feef2ff55e2fd092642f1adeadc51d0db5654ea34e989819a8689ae0b2db,train
raw/banana/fresh/freshBanana (38).jpg,banana,fresh,local,v3_fd5fa6aa42dcc074eda5a38527c0fa7a,0d18e6898370bcda5ba362a53b96bb747c03132f60e8538395f581f066d7cfb5,train
raw/banana/fresh/freshBanana (38).png,banana,fresh,local,v3_fd5fa6aa42dcc074eda5a38527c0fa7a,44347bbf15ffd844844cfedce6d45e22c03430639b7436a71e0c161763ad7804,train
raw/banana/fresh/freshBanana (380).jpg,banana,fresh,local,v3_6d0c06e61fb6c92ad99ed2599be3624d,4b5ba57815930b15397672547ac36a02723d7216c28c22c2f031253766948b41,test
raw/banana/fresh/freshBanana (381).jpg,banana,fresh,local,v3_0387a9006d8f9429c9ec5c3cc34ce40f,a74433bf923945300074f0b236a1b03fed8b2cbffc074ef53bdd3b47160f1b16,test
raw/banana/fresh/freshBanana (382).jpg,banana,fresh,local,v3_4ee264f2fe90e2fa2337d387d5803998,49e0a4be2eb9e265a2382510b8a31b4c273ea203765ff9326abf258ed4c7f44a,train
raw/banana/fresh/freshBanana (383).jpg,banana,fresh,local,v3_9bb8886bda969dd3ea8e336045fe68b1,adfe81704577b885ad563bac4595a6ef81fa6646e905fdfa873740f5e4d556cf,train
raw/banana/fresh/freshBanana (384).jpg,banana,fresh,local,v3_336db0105998e77aacb3af8bb65eb816,551d2b923ceb3c3a554d10b6272ebe1b23814ddfa9414f6905b2bb371560982a,train
raw/banana/fresh/freshBanana (385).jpg,banana,fresh,local,v3_1f2a958babfc8ee09dc3d7951bc6e4a4,9fd432fef8be17cb7d60248cfce310963b9bb365d9accd33d5728adfb4b308da,train
raw/banana/fresh/freshBanana (386).jpg,banana,fresh,local,v3_22904968f638201d6ab670c148a79630,5f8d8a9216b79fa8cafae73965773736c42e4bc4601333d0cee6eab39d596bf0,train
raw/banana/fresh/freshBanana (387).jpg,banana,fresh,local,v3_09446ab24d00f8b45de54b43b99d5ec8,d97585474a7e3a689b8f61b040985d7e2b97998fa3238f22f370a5c8cb335017,test
raw/banana/fresh/freshBanana (388).jpg,banana,fresh,local,v3_233e3f2708ae65b1152810021d40d7bf,046d39869d666069522513afe68b3b0d7f6cb4078bbc510bc0666f65e5596222,val
raw/banana/fresh/freshBanana (389).jpg,banana,fresh,local,v3_52385539373981c38514f64f8a5fd00b,614b80b2adc5051841d87aac22d4ee4d9699f1165d4f46ba10d0a21c78fddaa3,train
raw/banana/fresh/freshBanana (39).jpg,banana,fresh,local,v3_c6baac2b6cd4039311353a45bb082609,97d810d056a68eee18ecfd223031d641720e2572d7b5ea178a7f17ed0b3653e6,train
raw/banana/fresh/freshBanana (39).png,banana,fresh,local,v3_c6baac2b6cd4039311353a45bb082609,f9cdabf7890a01b43db2d36d36b66176f0f3a07ae068f67fa179f4eb6274d7a2,train
raw/banana/fresh/freshBanana (390).jpg,banana,fresh,local,v3_d87f84ce2cb39f499d2438d1b37c6d09,8f29e8984f21afda3fc9bed09657a465c5505674a2230376a356d0edd88548f0,test
raw/banana/fresh/freshBanana (391).jpg,banana,fresh,local,v3_2a372eea6582216584540d1dda512fb6,638e18255c819ad5a8aae02bc51d0d37664dbe30198c3916370c53ecc13b8506,test
raw/banana/fresh/freshBanana (392).jpg,banana,fresh,local,v3_5fc95688ec3c6e0ffb7ac7e1e9db5a9e,0ade26ac1bcbd243da91ce1ae3087cb165d3248b619614a53d4df06b6012f7fb,train
raw/banana/fresh/freshBanana (393).jpg,banana,fresh,local,v3_ffddab7f33914bab356b246c96c90117,289fb9c67000f9cb0aa36dc09b67d9856d6e12e2b4c383ab9b439311db81f884,train
raw/banana/fresh/freshBanana (394).jpg,banana,fresh,local,v3_d16091c761c40e2d51bb0865305c69cc,0e8ba653b1d0ce73913522316136d4773203bb04202538b9b73ac0a7184248a8,train
raw/banana/fresh/freshBanana (395).jpg,banana,fresh,local,v3_1b9c6ff6c6b767a90c10e06a64241f22,c4cd96b145dd05d5454ddc1135a4bfe745a6c6c5d7291248fef92f577fb049a2,train
raw/banana/fresh/freshBanana (396).jpg,banana,fresh,local,v3_a2201635cf550b8face6058a8dc0a238,23e4656a665e421d35eb2b6db89592840aac7e0f8899be42050fa17af142cdc3,train
raw/banana/fresh/freshBanana (397).jpg,banana,fresh,local,v3_1743537d205c56a4f021e6406f558928,ad28826fda32f662899a99f71a41e9fdea7de77cb0c85c250d36fab19b64f56c,train
raw/banana/fresh/freshBanana (398).jpg,banana,fresh,local,v3_bb777b93a355edf38458dff7c8121653,2bf6853ecb355675b2d15d3889f2b6bfb5e97f97a81d1b2ea57ac2b33a6b9fe7,train
raw/banana/fresh/freshBanana (399).jpg,banana,fresh,local,v3_45c3548c4c2ad5857bb1e316cc65cedb,9a4cb21c60a1a038d68cead035c200c318b7f9b7dae0b1e4253f8d5518bf3d33,train
raw/banana/fresh/freshBanana (4).jpg,banana,fresh,local,v3_89e021a4073b286b920822c355a7c7bd,32a5da25697eacf1dcf2fc0af9f21a690ee61b3c0c3a5dde9435e819e84860c2,train
raw/banana/fresh/freshBanana (4).png,banana,fresh,local,v3_89e021a4073b286b920822c355a7c7bd,aa4763f650b01eb4871c97e1eed90f0a35aa66e301bdd474afdde81b66fa72a0,train
raw/banana/fresh/freshBanana (40).jpg,banana,fresh,local,v3_9de545813ca8bb853b49c8117e05ab89,792cb5c1c25e1999682782cd02a541a4deede266f9de11e09e0f9522526f9b98,val
raw/banana/fresh/freshBanana (40).png,banana,fresh,local,v3_9de545813ca8bb853b49c8117e05ab89,662ece685c2931ad7532be155116abbade5eb430ffea2b02b5c5d2c23189cefd,val
raw/banana/fresh/freshBanana (400).jpg,banana,fresh,local,v3_6b64846c376c55075196ed8fe7894920,0e537e65b9cb5b62b96e957c0f0ec68cbd3ede7796fffe988729da50578e1d5b,train
raw/banana/fresh/freshBanana (401).jpg,banana,fresh,local,v3_47680bb13297a6e7d8935af49e34dc0c,d2401283e7a902faa204da75959b4f81d1fc5590c41073b7a5f6f17d4c86590c,val
raw/banana/fresh/freshBanana (402).jpg,banana,fresh,local,v3_00612e3a9ff680c347292688afaa0aa8,1620b390074227848cac516d3f0d7825a4ae35471497d269d2d940e25f1b7dc5,train
raw/banana/fresh/freshBanana (403).jpg,banana,fresh,local,v3_978694baa5022b885a9a54edd7bc89ab,f137ad2328866c656f664ec45e4ac554b8c73bc3f4d7cedd9a3496b04c46f563,train
raw/banana/fresh/freshBanana (404).jpg,banana,fresh,local,v3_9b2f6c1bad6e96bfd7ce8c020c6d5f8b,ebf01b9d867f3fe23d3171f4dd5f5cfd22dc68b90cd03eb1cd47d5ed4ea72055,train
raw/banana/fresh/freshBanana (405).jpg,banana,fresh,local,v3_3a1ba01142fa5e69c0d2f4ee2c36854c,c697248077590578ae33ad69e49d066eb6fdfaa588ddba4b14e1f1938114c3e5,train
raw/banana/fresh/freshBanana (406).jpg,banana,fresh,local,v3_80910008c3fb1b74efc80868ae7b559c,1dc919599aebf750a097943bf787466ac3ac2290fde7cce5ebf363fa6db88423,val
raw/banana/fresh/freshBanana (407).jpg,banana,fresh,local,v3_f95983e2caef4fb80102b6cbcf3552ff,78f986f598bd8ecf540da4dc2e82589301cf1bfe028245c7534deb63d5afdfec,val
raw/banana/fresh/freshBanana (408).jpg,banana,fresh,local,v3_350823ba7bc4aa08ea4e5026a8ea22cf,0bf322a0ce38f54f3ec7585100bc5f14f37a1ec0ff149917c2c4c8dd09d75732,test
raw/banana/fresh/freshBanana (409).jpg,banana,fresh,local,v3_79b0fa2341e3563ffc4372144626464a,ec92e9478795f385ad92e53be8866c25faa9f5e8a1eef1e5aa2684fe16d2b571,test
raw/banana/fresh/freshBanana (41).jpg,banana,fresh,local,v3_7cd8873a46283b92a216888eaa430ca7,c7617ed734e286727fe4486fc3a1aa48d7d2f9f1d6291212079fab99b38b8a49,train
raw/banana/fresh/freshBanana (41).png,banana,fresh,local,v3_7cd8873a46283b92a216888eaa430ca7,2390966a33ff5038ce6def34b08ce1beb098463a301ae5cbe318db6e40d0f326,train
raw/banana/fresh/freshBanana (410).jpg,banana,fresh,local,v3_e5061b16a44719b9bd15f39a49f80da9,b1e05cb0f6ca60319a4fa0ef1c4ccf0bc5799dadb2c26f650b9242ed9708ced9,test
raw/banana/fresh/freshBanana (411).jpg,banana,fresh,local,v3_081b0bc6fc1915464abfe4bc1d0d2fca,692fdb214570ace51b70bc835aeca788c0838b290629003d750ecc5bedfe2588,train
raw/banana/fresh/freshBanana (412).jpg,banana,fresh,local,v3_9eaeeaaa522a41a36b5e4bae39ccc674,3483db6717733e2aecb9d5560eb9e24f2cdcf90cd3644f03942ec712895c78ed,test
raw/banana/fresh/freshBanana (413).jpg,banana,fresh,local,v3_85b46d08b38ec4b6b83f983208a6b618,3cfa2979deea62040b6e1ab7d54d4444485f2685fdc7066783e4a89e3d743485,train
raw/banana/fresh/freshBanana (414).jpg,banana,fresh,local,v3_1bf4bf9c744990ab339cc82bee81e4fa,4788de714da553f7ef85a6a1d3face5af46db24721120e1a2debde6d6c259462,train
raw/banana/fresh/freshBanana (415).jpg,banana,fresh,local,v3_c292b39dcc3124c4a151c4892991d59e,7aa308b065fc1641fd7a147baa3600cdcbdd44f8bc73c4981ee3cb4dcd36d293,train
raw/banana/fresh/freshBanana (416).jpg,banana,fresh,local,v3_ba341489d66167830def8e3ad80e957e,43e8951987c240bcd703434c04309bf1c350c14ab7e022cd62014e8138e3b7cd,train
raw/banana/fresh/freshBanana (417).jpg,banana,fresh,local,v3_c8832e3a328b06777315156ca6435f04,53f55861ae242bdb74fe7281d0ebb55f6a093a6acb73046e996976371c84042e,train
raw/banana/fresh/freshBanana (418).jpg,banana,fresh,local,v3_750afdae322180ac3950e5c9f21b587d,8d2e8185f4494fb620cf62954b1f96ac50be01a1d07e553c1ba5a08a7d906074,train
raw/banana/fresh/freshBanana (419).jpg,banana,fresh,local,v3_d1381d4be47ecc13f61a7986d548ca40,57a8d9476dfb658e897aea37258eee3d94b95303d4d63316a8924732a97cfbbc,train
raw/banana/fresh/freshBanana (42).jpg,banana,fresh,local,v3_897a95f866506cfcad7bfa868768b80d,633f746861746b98b64a8e57168385a597e84e68dcf86921b2cff81a526fb143,train
raw/banana/fresh/freshBanana (42).png,banana,fresh,local,v3_897a95f866506cfcad7bfa868768b80d,f614c6db7257bdbbe0d4d4efd848b55a56b5c6f9e7ddc7a4d31325399d067a75,train
raw/banana/fresh/freshBanana (420).jpg,banana,fresh,local,v3_926b762a9c016c5c48d20926295bc120,2fdf488a46f680e51c289f3be44c4b134d062338696c688af523bd0180e78a92,val
raw/banana/fresh/freshBanana (421).jpg,banana,fresh,local,v3_35926b5899251378e4b53201698ac2f7,7c91488b2ce17125948cb2a54f0846abbb6605c3eab1ab31ae87af5658b877bb,train
raw/banana/fresh/freshBanana (422).jpg,banana,fresh,local,v3_dc670950e12c8fa8ace578f1a1dc45a6,b745d9e9f6d4dd2396c5cd88615fb0f2e07c77948ebbbb068b4bbd6aa6cedac0,val
raw/banana/fresh/freshBanana (423).jpg,banana,fresh,local,v3_53d33d590ad5cafb3368013771b918f8,219329640a027ceb0415f4142e3ca0685c1a792952f078a4fce2403b05565201,val
raw/banana/fresh/freshBanana (424).jpg,banana,fresh,local,v3_dee0f2dd4a45e3e7133c5e024991df91,f06c82cc46b8043595d41457a55b7247a9b1081a5e6d465ecf95eb4e7310c7de,val
raw/banana/fresh/freshBanana (425).jpg,banana,fresh,local,v3_525f52041821fbbd17361c3b69f4d036,10750aca0c28fd6e058bf229aa050ea25976c3d9b5176b0e8d15bbb6f10add77,test
raw/banana/fresh/freshBanana (426).jpg,banana,fresh,local,v3_03bb80b0b4c5010505f82bb1988aa43f,0541533655df4d4d833037162767722e4a85bc5eeaa43271ac08e2b86d3a3c73,test
raw/banana/fresh/freshBanana (427).jpg,banana,fresh,local,v3_5b0e9e47677bf94353064a0bdabf0f9b,3acc2c0d04237335f7a61c0fd9e3da203c4317547706169655239018ee5fbd3f,train
raw/banana/fresh/freshBanana (428).jpg,banana,fresh,local,v3_65ed1605fd1150036404bac9809132a9,36879b4bf42c771e3510213297abb3c0d48f11b5c60c1e87042f2ed19dc1a318,val
raw/banana/fresh/freshBanana (429).jpg,banana,fresh,local,v3_b0cd474bd24b3110fba80dafca625045,2078786d6ed347594efaf72d3d0660ade91f460fcd2c8edbd3b9123ebc604df0,train
raw/banana/fresh/freshBanana (43).jpg,banana,fresh,local,v3_3da735b1b8c26da4e868da93769f4728,f477784dde8c7b60d2c8604f5f1cfcc52ec4b0b9f4d1992b0c454aab349f5344,train
raw/banana/fresh/freshBanana (43).png,banana,fresh,local,v3_3da735b1b8c26da4e868da93769f4728,0e692e92ebca7e831b81b80c6738a032f82c59eee1a84d8a716814cc9d5eaae6,train
raw/banana/fresh/freshBanana (430).jpg,banana,fresh,local,v3_a8b8a2642b4eed7ce53bd49017b84fd1,92607f98d1930facf94b90d1b583061a1d484755b150ed2380247d1cbebb8231,train
raw/banana/fresh/freshBanana (431).jpg,banana,fresh,local,v3_3df0e1b63380853c45e037b79e8600ca,87f1d123f9e134a472462a4de3f7a290ea3eb9cf326e073b46bfe98649227360,val
raw/banana/fresh/freshBanana (432).jpg,banana,fresh,local,v3_52c987673e4dd38ba1ab9dfec0e81f52,713edc80aab6786eb1f4c8de78cbf670706435ec81c1eba28c4c4b756c39f886,train
raw/banana/fresh/freshBanana (433).jpg,banana,fresh,local,v3_b241641ce06eceedae031b147a249ee3,b5b0133b7826c5a00f8f3dcb785b34f713a1a4bb922450e8ec491831ffe778df,train
raw/banana/fresh/freshBanana (434).jpg,banana,fresh,local,v3_9758eeb0c65621c13c79be8f0faa508e,d55a728f41d8d8ee9812b05ae3f6a0c542d3898de48dee5c53bdee21d2b2350c,train
raw/banana/fresh/freshBanana (435).jpg,banana,fresh,local,v3_3a68affb4a1326f9496b5c7f028f7beb,40c6218564f93da045f542ec83fbba25c031ae390a79c7bf566db861009a0483,train
raw/banana/fresh/freshBanana (436).JPG,banana,fresh,local,v3_62f15712513c660bbaa7ce42df9c3d47,8955dbf93a5fff5c30a3e47efd58b623b619d6d86b077adbfd48ab7d7e197c4a,train
raw/banana/fresh/freshBanana (437).jpg,banana,fresh,local,v3_7975975fc077963eb017956aeaf2d75b,a5848c2aad817de585fe8af8b09fdcc9434ae8580de261e7ee2d19a5af6f0943,test
raw/banana/fresh/freshBanana (438).jpg,banana,fresh,local,v3_ac8e0b777de1fbd21f69962ce301c90e,f77db04dac26b45c0f172254dd8b37959ffe7878b712844336c989d681915ff1,val
raw/banana/fresh/freshBanana (439).JPG,banana,fresh,local,v3_65d74bbc1d29e07ce60d649ed830b793,6bd5992930988e174f6c21b3f7bba7c37edfe8b900c8870e6ff2c4f148c12b2d,train
raw/banana/fresh/freshBanana (44).jpg,banana,fresh,local,v3_7d4ce9d44c4ada9a4808199c4d74afbd,979882fc52efe029cc421a1d46244d552455596e184cd893f0e8e701813c39bc,train
raw/banana/fresh/freshBanana (44).png,banana,fresh,local,v3_7d4ce9d44c4ada9a4808199c4d74afbd,fe5cc33a4dce1221a226f12b05d48740837615766b6f939955552d82ad75b1a9,train
raw/banana/fresh/freshBanana (440).jpg,banana,fresh,local,v3_aa596a255719ab078ac27ec138cef01f,fcfce13c1ea4c29763412cc670d02861cc536066b219dbdaefc6732fe87b96b8,train
raw/banana/fresh/freshBanana (45).jpg,banana,fresh,local,v3_5dbf59d087b5d28c3cd83f53081997ee,5507a29dbc0b35c68297725c2a3eb9529da6f8a49bce2a566909f5499acc93cd,train
raw/banana/fresh/freshBanana (45).png,banana,fresh,local,v3_5dbf59d087b5d28c3cd83f53081997ee,08c1ced159f519b22a44ad2297fcc512c7cf3cdd63f5b4fce388bd838441112a,train
raw/banana/fresh/freshBanana (46).jpg,banana,fresh,local,v3_a0069d6a6edf2c77413d979a8f3900d3,ee6646339853f7d0d8a4967c446a6454c6dd914df17f215185e95b8f00181909,train
raw/banana/fresh/freshBanana (46).png,banana,fresh,local,v3_a0069d6a6edf2c77413d979a8f3900d3,d16afeae964cc8513644ec21c4e88f0c102746c9aa351804542898a06ad9aa89,train
raw/banana/fresh/freshBanana (47).jpg,banana,fresh,local,v3_30f779b32b13b2a03410cdadccf67089,69902dc495831c36d8940b4e316e0938b607e8308fe037383db0bbb2514e3eaf,test
raw/banana/fresh/freshBanana (47).png,banana,fresh,local,v3_30f779b32b13b2a03410cdadccf67089,ab1bc89bbfc8603d0352263b42da46327ca902abfd8fa19649e1b7751cdb7791,test
raw/banana/fresh/freshBanana (48).jpg,banana,fresh,local,v3_627350ba4223ed9bb4baf46a99cf5feb,6937371fb479c831650b777cc15fbee90408804cd73e444b5435382c3e1495a8,test
raw/banana/fresh/freshBanana (48).png,banana,fresh,local,v3_627350ba4223ed9bb4baf46a99cf5feb,601d2b5543c07020f922085ea998b494144bf83dd1255474f2e7189201d76cca,test
raw/banana/fresh/freshBanana (49).jpg,banana,fresh,local,v3_06ae9561804de4c5d8a4ff17adfeba23,869d58b6983f4ced8f85dfe379a8dcc07faa517e2ae148f83276a932ac01f601,val
raw/banana/fresh/freshBanana (49).png,banana,fresh,local,v3_06ae9561804de4c5d8a4ff17adfeba23,d803bb8340cca8d14194c3e6652bbc61b360729062373162082784250621555d,val
raw/banana/fresh/freshBanana (5).jpg,banana,fresh,local,v3_74ce12d098213ecddc7075bd466f284e,2c97f64fa870bf38f33b1f47eaccf34d05c18d51d9f8260e0ad0ca9c0503235b,test
raw/banana/fresh/freshBanana (5).png,banana,fresh,local,v3_74ce12d098213ecddc7075bd466f284e,2ddefe2b4a665014b3c84699c7571171c6da49c30922336bda98c0e9a20cab64,test
raw/banana/fresh/freshBanana (50).jpg,banana,fresh,local,v3_e55100033f78e81c8b41ca0ee03fb02c,eec7e207f282d12b82e2a15aa53ee326b2e1c1f04a2be85f5565287836b217e5,train
raw/banana/fresh/freshBanana (50).png,banana,fresh,local,v3_e55100033f78e81c8b41ca0ee03fb02c,5ad9f9a30d9c76519e5c7f55a6c54623074cacc112dae74d49e56e49d4680987,train
raw/banana/fresh/freshBanana (51).jpg,banana,fresh,local,v3_064dbbc963bf9c66c644d13683aa5e73,2d61b552260e6c428f8af076a9d17d544d73e707477f0aa0c3a4ef9a3d19bae8,train
raw/banana/fresh/freshBanana (51).png,banana,fresh,local,v3_064dbbc963bf9c66c644d13683aa5e73,142e5bc794824111b245d7e1c7681433425bb4a1b521da6ee0528af18394b7bd,train
raw/banana/fresh/freshBanana (52).jpg,banana,fresh,local,v3_78970d07eac73b67c0dfbe80318d0a60,55a6b2ce0d2acd7c9d7f5ea3278634ed65efacdf7f757a97b83d7667152c4a1a,train
raw/banana/fresh/freshBanana (52).png,banana,fresh,local,v3_78970d07eac73b67c0dfbe80318d0a60,12f8995ca7baa20169e49f45a25f812fd68ad9fadf04df167d2d3296109df531,train
raw/banana/fresh/freshBanana (53).jpg,banana,fresh,local,v3_19df43c0b3674dce2483d67c6656cc6f,a63ed50eb382716fa6e23988894cb5410c4d728e8ffe1ba75c4b45c1473be772,train
raw/banana/fresh/freshBanana (53).png,banana,fresh,local,v3_19df43c0b3674dce2483d67c6656cc6f,0b544cc86abbc1bce30cc2a7d12904957c0b100ec7bf245f88e145a600ac6a6c,train
raw/banana/fresh/freshBanana (54).jpg,banana,fresh,local,v3_5f0ee6aa047ed9ca80bbb872e1a36a29,1bc8f9bb997775ffa40a43255bb91da142cbb1d359dd0d6fe9df5d5f15f1f653,train
raw/banana/fresh/freshBanana (54).png,banana,fresh,local,v3_5f0ee6aa047ed9ca80bbb872e1a36a29,fa43f5e2e0564d8d7e335f4e41564e8da08840f2940268b5cb41ed2acd7b3e83,train
raw/banana/fresh/freshBanana (55).jpg,banana,fresh,local,v3_d688f1d5408cdffa13b11d6ddfc05f83,1151eb755169401efe883d5668f119ad3106b1fe4c4d0c78365bec50526b8fbf,val
raw/banana/fresh/freshBanana (55).png,banana,fresh,local,v3_d688f1d5408cdffa13b11d6ddfc05f83,ba8aeb56c690d7ca3e4ed76d2e6bd9d9281613ce4fb9752ec762ce52f8166c85,val
raw/banana/fresh/freshBanana (56).jpg,banana,fresh,local,v3_f57e39422d76be28770f9c4f45741080,75094f54e5a53a94e8422973881cb8fce511187fabfc16f9e80fa1004486900d,train
raw/banana/fresh/freshBanana (56).png,banana,fresh,local,v3_f57e39422d76be28770f9c4f45741080,73e593b70a961ecda38e881d10552d8311cf1acc2c210eb2af9caa5f5383a110,train
raw/banana/fresh/freshBanana (57).jpg,banana,fresh,local,v3_d865ec861fad1ae5a40e215e3decea58,b2b04d1ed45acfda13c07602ccc9135f781881ad8fdbb5a4e28cd70a5652a037,val
raw/banana/fresh/freshBanana (57).png,banana,fresh,local,v3_d865ec861fad1ae5a40e215e3decea58,3109d070b7d20e555bc2c4939f033b8fa16ec16bddc29dacf328e12f91ceb716,val
raw/banana/fresh/freshBanana (58).jpg,banana,fresh,local,v3_6aafabe19a7933fdc36a55fc571717d2,c0e58260c82910463c44fb2f2fe0e9de8d8367a95988094b88d1b5b5bd066268,train
raw/banana/fresh/freshBanana (58).png,banana,fresh,local,v3_6aafabe19a7933fdc36a55fc571717d2,f7d5ba866e786507646dc6cac3b99e797769643e0cfeaae2f7edadfde7c35371,train
raw/banana/fresh/freshBanana (59).jpg,banana,fresh,local,v3_ab0d1ed9a0896d47de500ef144f57326,7a1898ec1138affbce09058826ab0efb6ce46a1b3c44831d1b74294c706b1e5a,train
raw/banana/fresh/freshBanana (59).png,banana,fresh,local,v3_ab0d1ed9a0896d47de500ef144f57326,a20b50f9df910ae4d280f7458bdca772a7418e5243e39a3bb3288ccf25614d75,train
raw/banana/fresh/freshBanana (6).jpg,banana,fresh,local,v3_43101788f2f9106e77e0f09fedfcdfb9,ab3aee50bf80cf3045a1bae6586f13c3898229850d2a2dc9e2e547fa1dd6b304,train
raw/banana/fresh/freshBanana (6).png,banana,fresh,local,v3_43101788f2f9106e77e0f09fedfcdfb9,e7f3d821206dade566bba1c7712a8e162dd52c2d4e1c7d4a38cfe2774f08688a,train
raw/banana/fresh/freshBanana (60).jpg,banana,fresh,local,v3_c2453ffcce71c5c587888d99ea4736db,704e05c4274ed717377aba2b3af99e0f82061da678f1fc42a66d7814084148be,train
raw/banana/fresh/freshBanana (60).png,banana,fresh,local,v3_c2453ffcce71c5c587888d99ea4736db,80275ea25773620da893a20243f8a70738a3fb62c9aa6bca68bdc9c74d209d36,train
raw/banana/fresh/freshBanana (61).jpg,banana,fresh,local,v3_897a95f866506cfcad7bfa868768b80d,dd8a464e59a1d89e3e7e4dc074c33538e44c683f0e7bc00fd513a2971b665530,train
raw/banana/fresh/freshBanana (61).png,banana,fresh,local,v3_897a95f866506cfcad7bfa868768b80d,6066eb8d96f86831232a9f0ac18a69c3cd3b191495df3333b07071fd01afe288,train
raw/banana/fresh/freshBanana (62).jpg,banana,fresh,local,v3_bc87062edde0f90ee13eace756db5101,82c0f4d811e982793b45a5b5a08c2d3b56c410ac19094d7426cacdb06b46255d,val
raw/banana/fresh/freshBanana (62).png,banana,fresh,local,v3_bc87062edde0f90ee13eace756db5101,0b2a40120a5f3f1d9c6943f22470ff4df98ff4e93ac6a2e55e65e1fd4e83c20a,val
raw/banana/fresh/freshBanana (63).jpg,banana,fresh,local,v3_083156a9edba96e64ba7771c7c955157,ef64d12c0c153285519b134718d93acb45559b01e3cc8fab80a7d6dca91560cf,test
raw/banana/fresh/freshBanana (63).png,banana,fresh,local,v3_083156a9edba96e64ba7771c7c955157,bdf1052aae3afb030063a75e300f373f59bea211b306910da4363f523b3453f0,test
raw/banana/fresh/freshBanana (64).jpg,banana,fresh,local,v3_e15241b4950a4afac2862b47d85d0d18,eba1fde58e6a289a13db8f71518b92c485b2200fd8cfd7a00a6dec518148caf2,test
raw/banana/fresh/freshBanana (64).png,banana,fresh,local,v3_e15241b4950a4afac2862b47d85d0d18,90b6acbde2dd41f3d7787d99d4b8a112f30d883b091b55318e7f5049e29badb6,test
raw/banana/fresh/freshBanana (65).jpg,banana,fresh,local,v3_d33813a79bd4b213f746cfb987ba3c73,1a8776ab3f225c782cc82cd8b08fb3514fa0eb88e85aa17fd5431511f93c788c,val
raw/banana/fresh/freshBanana (65).png,banana,fresh,local,v3_d33813a79bd4b213f746cfb987ba3c73,2c529ced49522f9736820b2b394ff379a029b6f2f1b0a909c37fda17da92585a,val
raw/banana/fresh/freshBanana (66).jpg,banana,fresh,local,v3_14fd4c0e9493f7ec75a5a920e0bd95e6,8d4a553352600073d97b423a8b1829121ca9d556186974732ecfe0d9c72b2292,train
raw/banana/fresh/freshBanana (66).png,banana,fresh,local,v3_14fd4c0e9493f7ec75a5a920e0bd95e6,ad84b1d416e237ce9c4b7378a99b3e0ec5ea15a64c86de78fd65159c55b284e4,train
raw/banana/fresh/freshBanana (67).jpg,banana,fresh,local,v3_dae4a0dcd295fb647d1456c8bad9e36b,b495d6005abc8794876f4ef2223f464c9cde54496598eb41d8a2d74bf3024cea,test
raw/banana/fresh/freshBanana (67).png,banana,fresh,local,v3_dae4a0dcd295fb647d1456c8bad9e36b,89ba38d4ab8d1d9e98c6dcfd19eb3049921972e78a5ee1318ac4f9e87a0d3dcf,test
raw/banana/fresh/freshBanana (68).jpg,banana,fresh,local,v3_3beb3792560ac0cce3aea236bdfcc850,413d50b7e051fb35a1a7c6bd76c12753c9c1833389babc254efa50802b728d42,test
raw/banana/fresh/freshBanana (68).png,banana,fresh,local,v3_3beb3792560ac0cce3aea236bdfcc850,ad204d6ae77e2b21dbb8ee6c5a5853488f2cf106f9eb1e613b6ce94bba7e513a,test
raw/banana/fresh/freshBanana (69).jpg,banana,fresh,local,v3_a930ca1bf4ae80a654c010299ea25a22,8607e3426f987f173fa4824c30f685591cff00d0be86519cb4b83d8bb9de8e03,train
raw/banana/fresh/freshBanana (69).png,banana,fresh,local,v3_a930ca1bf4ae80a654c010299ea25a22,5304a9777a8b7deefe7d50da469a7ac7c67496ebf797d7064a4671cdea4eb58e,train
raw/banana/fresh/freshBanana (7).jpg,banana,fresh,local,v3_cf4f7540032b47338f918460c137168b,f744b8e2e0febb4cc21d064c62c6551d5cef231a31718caa024a200c19ab0c59,val
raw/banana/fresh/freshBanana (7).png,banana,fresh,local,v3_cf4f7540032b47338f918460c137168b,4f9d2007170573bc800d38c18babda6779b8e7637ed5250de44432563860befa,val
raw/banana/fresh/freshBanana (70).jpg,banana,fresh,local,v3_94028ab7d3aeaa67f67b36d6a6f365ba,da21d193fdc98ca927f6199263d49f3752672e158499165113c87181ec9f1c83,val
raw/banana/fresh/freshBanana (70).png,banana,fresh,local,v3_94028ab7d3aeaa67f67b36d6a6f365ba,fadf2649c0c02d1a6c88445096017b47ab15427c2f94137cd2bb612523d1b396,val
raw/banana/fresh/freshBanana (71).jpg,banana,fresh,local,v3_1bf1b6dd091f2221d256d305b3d2a52f,b053cf5f396284aeaed0605157da7b8c81265c4f3c7c78361866739025f2ca9d,train
raw/banana/fresh/freshBanana (71).png,banana,fresh,local,v3_1bf1b6dd091f2221d256d305b3d2a52f,feb6e28b38890addfeb28b88bda51d4d991f3d5ab86363758fbd61f5f799fe3b,train
raw/banana/fresh/freshBanana (72).jpg,banana,fresh,local,v3_1f562ce0146d4f2f2404f866f22162d7,4cd43562f54ca0e2078f5c7c319a1cefcd3d811c90a6e7bc0b649e4666814a60,val
raw/banana/fresh/freshBanana (72).png,banana,fresh,local,v3_1f562ce0146d4f2f2404f866f22162d7,4124c2a075723b7ba3e6883a9e01f6cc85306751229880262f840444fe85cac1,val
raw/banana/fresh/freshBanana (73).jpg,banana,fresh,local,v3_f932378c04ff1b23ed3ab5c9442761e5,d6d3b9738552c0a512f132c5a01ee6e5a7af29b02ace383cc19a7f22d78799b9,train
raw/banana/fresh/freshBanana (73).png,banana,fresh,local,v3_f932378c04ff1b23ed3ab5c9442761e5,b6ba935e1dc8eb856be736ed5ace3ac239316dd5276f6f30c905a054c9762c38,train
raw/banana/fresh/freshBanana (74).jpg,banana,fresh,local,v3_e6caf4fd0b8d8d763b007a54e40711c2,a65791cd3514aac9f049f54e58671217e3916665558830cd6eff033dd7386914,train
raw/banana/fresh/freshBanana (74).png,banana,fresh,local,v3_e6caf4fd0b8d8d763b007a54e40711c2,f8e962c54833bb90a8bd98cd36b766dfbdd4b36f72ff6312ea8f401bab98f827,train
raw/banana/fresh/freshBanana (75).jpg,banana,fresh,local,v3_ec29bb4e13287289e941da94158f054a,779f7af2f9921d028aead574dc6c1dfa6480c4b3cc00f5b221547b0df3f2015f,test
raw/banana/fresh/freshBanana (75).png,banana,fresh,local,v3_ec29bb4e13287289e941da94158f054a,36ef534fa7dc66bff890473473558fa4888c54d01e8362a51d7ca68c2bce1668,test
raw/banana/fresh/freshBanana (76).jpg,banana,fresh,local,v3_aa46f2e709d313b79d1749016bb8fbe5,a3f6b175be129588e300a13a54b728affda6486deac04efc921de0dc17287bc2,train
raw/banana/fresh/freshBanana (76).png,banana,fresh,local,v3_aa46f2e709d313b79d1749016bb8fbe5,7714af2d03e5000b5e8493c79a14420be62374e348490dd7cfd178dc59fa12e4,train
raw/banana/fresh/freshBanana (77).jpg,banana,fresh,local,v3_eb977a4046e3853e6366c01e5a7d25c9,0f62da9269e47774e0d66afaf6013e3e64b929efc0a50d70d1ac8742dc38924a,test
raw/banana/fresh/freshBanana (77).png,banana,fresh,local,v3_eb977a4046e3853e6366c01e5a7d25c9,88abc309a36ebf1ad171501e5888346ccc19d0a983b7935e4764e467f6463d05,test
raw/banana/fresh/freshBanana (78).jpg,banana,fresh,local,v3_b4ab291cc4d4de84e92523ee32abc6f2,e8804606310ba4a2ae40a4345862f1f89cfb9c79e5f54dde26808f3336079f67,val
raw/banana/fresh/freshBanana (78).png,banana,fresh,local,v3_b4ab291cc4d4de84e92523ee32abc6f2,01808cd8b0aad37f07fe6804af07be9706460c60a13aea9498dc251137148896,val
raw/banana/fresh/freshBanana (79).jpg,banana,fresh,local,v3_83ac374a9ad1c7dcb0e446e4e7a45ff2,3701aeb3b0089aa1c12a02eb506e96a28835a7ee1e14d05c43b753c5fe91df04,train
raw/banana/fresh/freshBanana (79).png,banana,fresh,local,v3_83ac374a9ad1c7dcb0e446e4e7a45ff2,bc26810ffbc7107b5f73c15ddbe83421640d6509f5fcc581a1226673f88aebba,train
raw/banana/fresh/freshBanana (8).jpg,banana,fresh,local,v3_754104dcf4340c5764260812565a28a5,af66a748d9efd629ff421dbb5b904a514c1db4f5004687451eaf14a2e1b0ade9,train
raw/banana/fresh/freshBanana (8).png,banana,fresh,local,v3_754104dcf4340c5764260812565a28a5,ef6f4266a8cc7d6dc08e1e117fd611f13fe3ea50fd9396554c75a270879d02c6,train
raw/banana/fresh/freshBanana (80).jpg,banana,fresh,local,v3_6f0849f6ade44ea8f7d451fb6d030955,4bc9d303c8d2a4933bb0c8b59f763378c6ec46d01818394e396d98d32ae11c18,train
raw/banana/fresh/freshBanana (80).png,banana,fresh,local,v3_6f0849f6ade44ea8f7d451fb6d030955,6558c83b155a5763485d69b87b6cb617045a65397bc58d616fc646b921b55303,train
raw/banana/fresh/freshBanana (81).jpg,banana,fresh,local,v3_93222dfc6a83ee59689606273965c6b7,4c3856d5966ea3cde6767a04a98d8bb77c9a4efc8c24e0fb3698e61b890c524d,test
raw/banana/fresh/freshBanana (81).png,banana,fresh,local,v3_93222dfc6a83ee59689606273965c6b7,5131099f87a98b98190eb12ccc595607e635b630a0b785b0541265229280d4c8,test
raw/banana/fresh/freshBanana (82).jpg,banana,fresh,local,v3_06db66103725c123e64b972c12a28909,aadc75f5fad61ce52e9f8b581640c67ed9ad46c81def2f62af164e114ba7205c,train
raw/banana/fresh/freshBanana (82).png,banana,fresh,local,v3_06db66103725c123e64b972c12a28909,0686328eea10640ec9c5fa7af8ed0a1fd3eb2672661995c51684aaf21d26d3e8,train
raw/banana/fresh/freshBanana (83).jpg,banana,fresh,local,v3_e17a13bff31fd3442b72c64ac260819b,0ffb1e9822d911d64bee82c4c3026d7aa03edd80ff15f745660ae951dd4a6837,val
raw/banana/fresh/freshBanana (83).png,banana,fresh,local,v3_e17a13bff31fd3442b72c64ac260819b,9d383ca00a65b63250ad6987705921dcc8809e077c9abee8fa4f73c40b43643e,val
raw/banana/fresh/freshBanana (84).jpg,banana,fresh,local,v3_348f13e59a16e502397c82fd44eee1ed,cd31a3afff2bb332e960930617e1eecbabc427022feddc3939182b0d94b9a1b3,train
raw/banana/fresh/freshBanana (84).png,banana,fresh,local,v3_348f13e59a16e502397c82fd44eee1ed,7eeabf8867fd06ca58fcff1f99abb3f855feb76eae2282f392f85c2c20de6a19,train
raw/banana/fresh/freshBanana (85).jpg,banana,fresh,local,v3_d0e42d93145f74963272a5745a66b798,ffafae2bbc2c4c44d40bc4a3c19bf43b8f6c2d96271788daaef355aa5dcbfc07,train
raw/banana/fresh/freshBanana (85).png,banana,fresh,local,v3_d0e42d93145f74963272a5745a66b798,bb862cf78d80b1a8899f57d788cbe54ba01b48f727a4c0ff4879b8adfd9183de,train
raw/banana/fresh/freshBanana (86).jpg,banana,fresh,local,v3_59aa1c5fa26159ca6683b5a2d54c7881,10b492b6fa1a9d552c99c1d30cf977df35e322f2ba8d5b16232efdc863578f84,train
raw/banana/fresh/freshBanana (86).png,banana,fresh,local,v3_59aa1c5fa26159ca6683b5a2d54c7881,ffd46d2d53438202cfc3822b94d875dc256b8717e584347f73297eb07692f95c,train
raw/banana/fresh/freshBanana (87).jpg,banana,fresh,local,v3_10d76dc55a984e7cf5623fb88f7a0717,daac7fec62bfdd5b0a9c5da9a3f731605111871003614bb08002595b4b53cd1d,val
raw/banana/fresh/freshBanana (87).png,banana,fresh,local,v3_10d76dc55a984e7cf5623fb88f7a0717,2ddbec221e2f084380f895ddf0f395f0623eb263b3cf7a9d2a876b1c1610e382,val
raw/banana/fresh/freshBanana (88).jpg,banana,fresh,local,v3_438217c14b0176d43d2949edac33b751,07925881fc9c2db87bf28a7f846a58bca13b8095250d52112aa2d7d82da8c4f4,train
raw/banana/fresh/freshBanana (88).png,banana,fresh,local,v3_438217c14b0176d43d2949edac33b751,c95d6456bb8c886997b935c9d970c2e4b84d20c9eec1185a4ad6fd506bf65c2e,train
raw/banana/fresh/freshBanana (89).jpg,banana,fresh,local,v3_33ab0d0a53b7e459007505216533095b,bdd2127161df5400f29c62e836c43745b4ba64c89f6a8e7f27bef7082f5e56da,test
raw/banana/fresh/freshBanana (89).png,banana,fresh,local,v3_33ab0d0a53b7e459007505216533095b,63f7552a722e44166188757c2d65d6a74050378fd8b66c5bb340c52d91ea0bd6,test
raw/banana/fresh/freshBanana (9).jpg,banana,fresh,local,v3_2e78cb80f9122b845bd659a99e8f03bf,81efdefa56788fad10eff647bbace86972d5d951c6615f1c4d8c299553ef66cd,train
raw/banana/fresh/freshBanana (90).jpg,banana,fresh,local,v3_22700e7371dad84c754aff6cce96c6c5,5b0cc467674a21b5041fc287c5af4d7457dc9113158a947fc1477bfdbef0a151,train
raw/banana/fresh/freshBanana (90).png,banana,fresh,local,v3_22700e7371dad84c754aff6cce96c6c5,f29452bde32de60682dede27896b9030658f13295132c313950bc6cf96dd7c5d,train
raw/banana/fresh/freshBanana (91).jpg,banana,fresh,local,v3_5dd8aaf524eb5dfdee4940de3dd54575,a7e3998cd174a8ecb73d03a955461b1bc61ee309f7f1215acb9ea59c668f523c,train
raw/banana/fresh/freshBanana (91).png,banana,fresh,local,v3_5dd8aaf524eb5dfdee4940de3dd54575,fd8505cd389680f541032487954a06b08ed1db13effc4dcd72eb52aba38d79a7,train
raw/banana/fresh/freshBanana (92).jpg,banana,fresh,local,v3_e6327ad49db213bbe1623ba6eca3f64d,ef5af11cd9b27835ede40b432e6eb3f516ff632be7fa4db8268b88cee0d12320,train
raw/banana/fresh/freshBanana (92).png,banana,fresh,local,v3_e6327ad49db213bbe1623ba6eca3f64d,9433448ac15d87489548cd403cbcbc1f1cc35e9aa97e7274f84151b614d0d36f,train
raw/banana/fresh/freshBanana (93).jpg,banana,fresh,local,v3_f572400c092d23529cbe1a443b6d3387,a697e6f4154db41ead738a095fad7cc290d4bc8825dcae17b6ab659394c63824,test
raw/banana/fresh/freshBanana (93).png,banana,fresh,local,v3_f572400c092d23529cbe1a443b6d3387,4a6add3206483101d9eac842c925af177f0e956c11ef5457dff8217074162f93,test
raw/banana/fresh/freshBanana (94).jpg,banana,fresh,local,v3_c56b747eee6d91682d6d9ee39c95bd87,db23715d92b82b3a2fcc3de2c0f5dac5919c41aa4f5781a875a9bcb74c2fad9d,train
raw/banana/fresh/freshBanana (94).png,banana,fresh,local,v3_c56b747eee6d91682d6d9ee39c95bd87,d0ddb29f626d36b13a2b04e1f1f18233007859182d8cca30a9a5ee20552927e4,train
raw/banana/fresh/freshBanana (95).jpg,banana,fresh,local,v3_7faa37331fbb4cf15f4f5704dd0c73e6,2fce477bb083a736684b81db2e0271738e6a1056f5ba02d623e55b3933fca6f0,train
raw/banana/fresh/freshBanana (95).png,banana,fresh,local,v3_7faa37331fbb4cf15f4f5704dd0c73e6,07635de26d93110d6915f8e6fdb83ccad009a4cb5f7f095d88cbe9a6b79f07ec,train
raw/banana/fresh/freshBanana (96).jpg,banana,fresh,local,v3_5944e54279c30989ed1c06b6a33c63e6,178c1bf0ac1f0b2a5aaadc60d37a95becc9aa7e79243de4d4e0f5471c161c5a0,val
raw/banana/fresh/freshBanana (96).png,banana,fresh,local,v3_5944e54279c30989ed1c06b6a33c63e6,6f84c3c3224fba17a4e28e4522e27a8fc1c2ae30521252f881636e07d7643498,val
raw/banana/fresh/freshBanana (97).jpg,banana,fresh,local,v3_d227b2e6e84e709b85fa8a7bccb66d35,752f1d691c28dd4ae3fe510fba26f89c1fdf999f69707cec0561ad5affad6909,train
raw/banana/fresh/freshBanana (97).png,banana,fresh,local,v3_d227b2e6e84e709b85fa8a7bccb66d35,25866c765a533d0a1898f14a565fcc3f32c556f3d94ad7f8fa665554ef62466c,train
raw/banana/fresh/freshBanana (98).jpg,banana,fresh,local,v3_88f1e2b804e1079f3aed29aa1a91de1c,8e5c07c4ce288ab75410ea566790ed0d38cefec236cfbc19792cd9cff1d9015c,test
raw/banana/fresh/freshBanana (98).png,banana,fresh,local,v3_88f1e2b804e1079f3aed29aa1a91de1c,488d77ee8cbee224a4b53c0bafafcb8142741857c824ff3ffdc7c652ab9145a2,test
raw/banana/fresh/freshBanana (99).jpg,banana,fresh,local,v3_52fd948cd5e0a1d76ebdf5a4898d7286,c9d78a807be674d5729166c169f6c97ca3138594ea2c1864d0dce11f1c0ca690,train
raw/banana/fresh/freshBanana (99).png,banana,fresh,local,v3_52fd948cd5e0a1d76ebdf5a4898d7286,8f334d33f3e27e4f166b0ef1d5701ef01553d63033b2bc1b3d4092e6401488a9,train
raw/banana/rotten/rottenBanana (1).jpg,banana,rotten,local,v3_8681fd54d73ef913802677b88128053e,a64d47ef86cbb4e0cfaad551b243e7da42b859da6c4d76856d9f2ee8aa3076a0,train
raw/banana/rotten/rottenBanana (1).webp,banana,rotten,local,v3_8681fd54d73ef913802677b88128053e,92657114dc37d0a9ed0c11db18c25be69e18c7c815d6aadf4173bbe3b7bd6a29,train
raw/banana/rotten/rottenBanana (10).jpg,banana,rotten,local,v3_0b06937c0e71b5a0a7a335ad9bdc3c34,45e4f9c9b313d6121f822ee8498ea8d70bac135cab958fd2e05955ec209c9055,train
raw/banana/rotten/rottenBanana (100).jpg,banana,rotten,local,v3_8f1d4bf3185c6f25f863f77cb3453911,ba6685058466720487f8ec5e2d53772f60d7e2fccafaa3624ec14825bc88417f,train
raw/banana/rotten/rottenBanana (101).jpg,banana,rotten,local,v3_fd849fdcbd8fb50c1e51cc9757e2f187,121cc72332bac50dcc7eedff4e04d211bdd52dd361995858776b9803db6b44e4,train
raw/banana/rotten/rottenBanana (102).jpg,banana,rotten,local,v3_9acec2d5bb0bb0adacfdd4902ac753c3,87e2e8fa2d98c1ba2e66a9fdcdf430f5c55b016076af8f9d103c2c6069989eb5,train
raw/banana/rotten/rottenBanana (103).jpg,banana,rotten,local,v3_ff6c5704aa65dfede6474a200f0b0a66,c3bcb24026d15c175eb7709fbb80bb016b3474047e940dcf65a85011d3deb7b8,test
raw/banana/rotten/rottenBanana (104).jpg,banana,rotten,local,v3_e9661c8dcb4f9f32db5bd2a891f77e14,179004516e3ee6a8458b5b081ae8c768a5d180a69478a869ab57b23b180a1131,test
raw/banana/rotten/rottenBanana (105).jpg,banana,rotten,local,v3_58609156619f051f252bebe8f8e8fee7,fd274243acad3e8d34a07154d184ea72d0b6e1c9b542fd225573c98936d79b85,train
raw/banana/rotten/rottenBanana (106).jpg,banana,rotten,local,v3_c9285eb0c6958c56faa52d1a942a3e94,7c9bae02515bbe7a54c54f4c607a7d893c9bfdcf73dc7e9c7f87186860e01e5c,train
raw/banana/rotten/rottenBanana (107).jpg,banana,rotten,local,v3_4cb10aced5ed402561d6d500f12b1814,478bfd039272ca6bc615c67a8351417e7095e1821f55986808cd4425bb400f32,val
raw/banana/rotten/rottenBanana (108).jpg,banana,rotten,local,v3_74184f745fb1c44e24a759b419960af5,b72197d46de05c92a94fc821c6d6a38fe9a8ec261c2a3243b4571829795930a7,train
raw/banana/rotten/rottenBanana (109).jpg,banana,rotten,local,v3_8af0eb9ca83ebcfc4c2446951eea8597,43c5ea8f5c6c2ca43ea0562c8ca88fdea8049f3f5c1fac3a2af4aebc819e51ab,test
raw/banana/rotten/rottenBanana (11).jpg,banana,rotten,local,v3_98262320c27e862ef361454fb428037a,683dc1b6b8e156e6fdd301ad9b87200767353ca2d35a5ad18b8004f81cb612cb,train
raw/banana/rotten/rottenBanana (110).jpg,banana,rotten,local,v3_2b0758f5cd78f3b7447f69b6aeb56660,ce0ba02cc56520c397c638aec59d61d598a0607db8420f748e2a55967ea467b6,test
raw/banana/rotten/rottenBanana (111).jpg,banana,rotten,local,v3_b191bb08a46131c4defb88fc252a6b62,1c6b1c614c308fa1394905cc2dca4efd39a38837ce173a403caf36f149e6b188,train
raw/banana/rotten/rottenBanana (112).jpg,banana,rotten,local,v3_c132742f53cc99f4ec7e7a66a98430b1,e3a5bed84eebfd9d8c44974b24114bf028941e47eff21cf4d9349931ed71f4be,test
raw/banana/rotten/rottenBanana (113).jpg,banana,rotten,local,v3_e0413b1ecfaaa9d8fd25a00d29044746,a11bdbf7b94bf93bad12229373b6fc5672c04db36c36cf2bc8860a85a45b3e69,test
raw/banana/rotten/rottenBanana (114).jpg,banana,rotten,local,v3_5c94a0cd18087f405bfe0d7276d13f8e,b0d842d153ae3ef01a64be76b6fac9e632181ecb8a5d35b930b25cca2e4eebb0,train
raw/banana/rotten/rottenBanana (115).jpg,banana,rotten,local,v3_31f7040481a5e814415ca5ee134a0002,6d1f4d458d989ec51ffcf88239c46cbbc4102255724bb3c4b6eee5fda8a4ac3c,train
raw/banana/rotten/rottenBanana (116).jpg,banana,rotten,local,v3_d4c454e39ee2e5d167df0e194df7d24d,3c608dc176a6ad2d9704389bfa45b31a4171c3e9f1aebe8695ca658491fea000,val
raw/banana/rotten/rottenBanana (117).jpg,banana,rotten,local,v3_e28f819a5ca426f16206f52cd29e86a1,57a24243961fdb91b821873da83bc9d5a4e1f31aab444187f3abd94a85ad85af,train
raw/banana/rotten/rottenBanana (118).jpg,banana,rotten,local,v3_ecf27c72605012cc1b1339965c169ccd,faa3a4e9055a2659b748f458de51e58e51d7493da06c93a49b9df4d9cec311a5,train
raw/banana/rotten/rottenBanana (119).jpg,banana,rotten,local,v3_a80932472bac2b35e68de75f3ed7178b,57cb1e2efc5587a0eac21906fd0acaa9ddf95c0235f7e1e139673a9d53db653b,test
raw/banana/rotten/rottenBanana (12).jpg,banana,rotten,local,v3_448f49f07fa2d8078b9577229b3d042c,3f376b0b603a7575099c9f8743c4604cd7f4acc587f70ca13e109a99ff33adae,val
raw/banana/rotten/rottenBanana (120).jpg,banana,rotten,local,v3_83deb616cc5925c45c494e05110ab9d7,c35448b2bcb3bbe70f3b2ecd1ce676a54a5c680b1cec3e7eda328a4997fc52e4,test
raw/banana/rotten/rottenBanana (121).jpg,banana,rotten,local,v3_b8a2e5c9505023c4c6e5034aaac5e3d1,8a5a57514d94cffa8710ebed52f6ae7aeaf232e4e5682e84cc5e548bc0d5de9a,test
raw/banana/rotten/rottenBanana (122).jpg,banana,rotten,local,v3_23428fe0306a9ff74c5008e4c5d7c794,4f1f3decf0af44d5181d9be7f4b89f7184e05e4542dcb325fb4d5550b491d011,val
raw/banana/rotten/rottenBanana (123).jpg,banana,rotten,local,v3_68fccac14f8b94ac0c53cd72f933dc76,147329376733e8809228bfdfc84765a20f7ae6c5bfb597be080e93554122107d,test
raw/banana/rotten/rottenBanana (124).jpg,banana,rotten,local,v3_35f66ff9ec576eb8e6a2466ed10b12fe,2e2bcb09469a9e0e34594998f6edba7c360ef67463c5245ba48c12fe334e3fe1,train
raw/banana/rotten/rottenBanana (125).jpg,banana,rotten,local,v3_c0e37d780bea0fb23a733def02bb5a19,f700c01c5f8e6c7b795e1ed1f27fab0c523353fd355d2eaefe364cb6dccfea4b,val
raw/banana/rotten/rottenBanana (126).jpg,banana,rotten,local,v3_4e062d15607ee52aa1ecdb73764341b4,46cf5157d86dbe6f19998c45cfba7b093d60a98694eaead3426509794df08bd7,val
raw/banana/rotten/rottenBanana (127).jpg,banana,rotten,local,v3_f1e6a62b8f66f8588e03b7f02e16fb22,08297695b1ccad954a53b91b488fb7ca340eb7e9ed27e60202450b58e8a9591c,train
raw/banana/rotten/rottenBanana (128).jpg,banana,rotten,local,v3_12c301310bf37e073922d41eb0a54797,1a827118df873fa6693a6a8258e47e0544cfa69cf1db3104505d547c12daacec,val
raw/banana/rotten/rottenBanana (129).jpg,banana,rotten,local,v3_cba5e4339a8d48245bb3eb685bb5d413,771c7d2fb2d812ff3b117c90ab628a61eaf8f4cfdb19ede8a1bc2a6cbaa1fd85,test
raw/banana/rotten/rottenBanana (13).jpg,banana,rotten,local,v3_6b634d5578896000828b6fdcc06e259b,1e31766f6b0a16315ee47e7dbdc35b340ea586ec08dca8c70836fabb331875b4,train
raw/banana/rotten/rottenBanana (130).jpg,banana,rotten,local,v3_7adfcecb557d4d3bc029559ee44ffd11,18a83de1b6df9dc1a0cdd6518ac953fc30d77ed974f3e7638fb889a3f5ce76bd,train
raw/banana/rotten/rottenBanana (131).jpg,banana,rotten,local,v3_4995178fa5b171194b267f2abdb03879,89e33388a78f4d73961f3fa6e244120c74bc46d7984489c33f38216a7abdf4a6,train
raw/banana/rotten/rottenBanana (132).jpg,banana,rotten,local,v3_1ebe9e9cb358379c88fdaadd1d5d4909,02d84f362415bc90a6436aae6f73c748dc01063e9379974f3b9a4c2f131142ef,test
raw/banana/rotten/rottenBanana (133).jpg,banana,rotten,local,v3_04a8722944de60bc5beb1503e2747087,0c63f15277cd9dc6789478105ee452e7330daeb2a91fc8e4b46643e407892f3b,train
raw/banana/rotten/rottenBanana (134).jpg,banana,rotten,local,v3_49db9af1721bc7841ccd1230da549372,690a6b107fe6da0f3776a4f9611355ca369740d5244d00b20b713f847dc7756b,train
raw/banana/rotten/rottenBanana (135).jpg,banana,rotten,local,v3_29a7b29625100d7aed549763fbca1ddd,44257405e03aa2af7e5772d5a911ba6cc0e91b1913b814e56305eb264c8277a8,val
raw/banana/rotten/rottenBanana (136).jpg,banana,rotten,local,v3_a2d16eafb7e6619027e7b7cd5a804b17,00c3d3d8b61bf5c9bdfec5b562a9e163ea9d4c2d3ce1ad0730b399141f0a72d2,train
raw/banana/rotten/rottenBanana (137).jpg,banana,rotten,local,v3_f2d772fbf5b66b9944b28ac25103afbf,4e7b72fe183675566d67db567384bc0b78c86c129402380c7dc847d823505dae,train
raw/banana/rotten/rottenBanana (138).jpg,banana,rotten,local,v3_d0a90e5f542ec6ded036947814dcf490,3ba449e4c15feb5ab9f4aecd05ec743597b3781d344a83e570dc514e98e44071,train
raw/banana/rotten/rottenBanana (139).jpg,banana,rotten,local,v3_d23d9347260d0476b30c2b864ce276f7,3ce4ddcaa4ae583f60bca6c1b09a861adce1b5d675144badd40054d194a6f588,train
raw/banana/rotten/rottenBanana (14).JPG,banana,rotten,local,v3_e75f190cb6a06eca83ef5a51e4ccce7c,6997f6aafccaeea12e9d71c3cc60448851fea7278779e9c947b73e231002d701,test
raw/banana/rotten/rottenBanana (140).jpg,banana,rotten,local,v3_bbca93c89d82ad7b69b18bd37e915953,b0172ed1fe3fb57304fb3b6d1cb923a150bf9c6d4305b1029b8097a19fbd4787,train
raw/banana/rotten/rottenBanana (141).jpg,banana,rotten,local,v3_30d12cd84b6f7ff7323d6e584355e781,fc8bfe04c212562cd410465633c90ac47088e498d220db65ee25213786494109,train
raw/banana/rotten/rottenBanana (142).jpg,banana,rotten,local,v3_19cece67370f41e30197792d53683f53,b80333a4adda5894c139fe7ca9e12f310e56eef60bedf99556e7fe7d2e2d8b05,val
raw/banana/rotten/rottenBanana (143).jpg,banana,rotten,local,v3_e529370a1281b457494fbab5abd2a964,1b280c6a1a686ecaabaf31a5e20f5001f1064c778a67c233ef38804febd90833,train
raw/banana/rotten/rottenBanana (144).jpg,banana,rotten,local,v3_a9cf7a007787480aa9d95f6008e7307e,25d1c6d6671b35b2bc651656eeb49e838a7322ec07c9cbcda550aa727fc88566,train
raw/banana/rotten/rottenBanana (145).jpg,banana,rotten,local,v3_21dc87bbacf454ca95cc2cd636398bde,bbcf99825f7b1c3c6ad2fbc47a24bb2c6d41d8f3120ac847324527aab033c6d5,test
raw/banana/rotten/rottenBanana (146).jpg,banana,rotten,local,v3_3dd3c512292efc88ada5da59c5011a9c,a1269aefcdbc6c6f386ee911204a85b07f24e793bb9ae82bafa57a712b96ce0c,train
raw/banana/rotten/rottenBanana (147).jpg,banana,rotten,local,v3_5aa234044ab2b97a6c277966649c15f5,34a2f1bec0c9ae52b63a435e3eddbd0d41eefa7e893a713c0eba6fb9f9ad2779,train
raw/banana/rotten/rottenBanana (148).jpg,banana,rotten,local,v3_c33d6ef10e70afda06c4b0e959001ac0,77ef5ac965d8c9df1cf1b282c243de6344a8b950b468271c7e6cec89232eba73,train
raw/banana/rotten/rottenBanana (149).jpg,banana,rotten,local,v3_2a890993615ca723ec2ff0937eb3039d,21a64e612d4ed748aa75782257023da115bb18b8b48b97351d65d011dec6de5d,val
raw/banana/rotten/rottenBanana (15).JPG,banana,rotten,local,v3_2a71862357024fe9e2311598c9c5efb4,9f78490d4d981580773f0aada29cb65f5849290aa5396ef6a4c9f8d2fb2c02d9,train
raw/banana/rotten/rottenBanana (150).jpg,banana,rotten,local,v3_de78057d78ef42220f5169ec293f7db6,3f1c57c395d1027883551deafa06ad076f9f29641820ae1ddc8d675bac0eb208,train
raw/banana/rotten/rottenBanana (151).jpg,banana,rotten,local,v3_828b094d4cdce647a43e654b0142fb8c,424ca9605ec43692375e10b1d009ad4e37a95a9e62d0c4c853c82dd9cb6211c3,train
raw/banana/rotten/rottenBanana (152).jpg,banana,rotten,local,v3_40796ce467d1fbadb65647cf59bccc87,463c383af325f9c569e06d85cd8a4b62e8bfc25ee6c6112b7389eba97fb92188,train
raw/banana/rotten/rottenBanana (153).jpg,banana,rotten,local,v3_70f2f7410b90655549eb01c9a01281f3,691b7586bbf277f18b07d35683c20946a1c61f5be46c6359bdd4cf0d57a0ebb9,train
raw/banana/rotten/rottenBanana (154).jpg,banana,rotten,local,v3_c8aed47b577e07274638aa26698c76d2,995a3ac53e2e2ef09d22916ffdf351104d79ef58eb142dd516c0ac15bf91deda,train
raw/banana/rotten/rottenBanana (155).jpg,banana,rotten,local,v3_d76473c238f05304112f64e91b5e4b98,0775f413818bcd04f1cae324cc46fef900ed95c9a135dc0f23e1c25fb97d7d01,train
raw/banana/rotten/rottenBanana (156).jpg,banana,rotten,local,v3_946cd40fd459dd5fc81fd7e7df6b96c1,813551003e961891dda879a3a4301ba5ff353b8ca6bdbbdf283fe26aec0c739c,train
raw/banana/rotten/rottenBanana (157).jpg,banana,rotten,local,v3_9956e2754a9bdda1644b4034606c793a,7f9469c837b5f0630a1c089b00cb6837d6a05e2608288654bdd5db47bf7fa182,train
raw/banana/rotten/rottenBanana (158).jpg,banana,rotten,local,v3_38260461b5bc1f6cdda373bd1a46f256,95a1f4dbf64d092ef650016cfb2774150525a90f0c340d2c94e8150b24316b2b,test
raw/banana/rotten/rottenBanana (159).jpg,banana,rotten,local,v3_d36a3276811885a4b139443d6bce9a2f,85c549cd86965d6724c597b3d42e471c9a1e8f3f609d194b746330c09ef6eefe,test
raw/banana/rotten/rottenBanana (16).JPG,banana,rotten,local,v3_bc1cb66d9c766eb8278ec12a72804169,50e31885c85111c2833ae778fdc1294500bd7a6dd86420ead3f5cc46f6deffaf,val
raw/banana/rotten/rottenBanana (160).jpg,banana,rotten,local,v3_00eea6e280b97b5aed1c8b9d3680684e,8db1fc696ef0bcd6da7331068c64c7fa14f78e083bb5f9bd8edbaa10ba81a5f1,val
raw/banana/rotten/rottenBanana (161).jpg,banana,rotten,local,v3_a05304adb7b0160ce852fd6acb4587d2,d2aba541757daee0e8a6fdc0fef29370dc2f24759ca36c7f851a756ae1de927a,train
raw/banana/rotten/rottenBanana (162).jpg,banana,rotten,local,v3_408b78e0609aa22e0b22de30c6baa398,fdc652f913761bd9741ee7eb81a35a4dc714793233862b6c961281071b567bf9,train
raw/banana/rotten/rottenBanana (163).jpg,banana,rotten,local,v3_f8f2f1f1d9d29d0a2ff6d23b5fba598a,c1adf8d464756f1168e284099b5209b481205cd042f2da8b5f418960e2211b2e,train
raw/banana/rotten/rottenBanana (164).jpg,banana,rotten,local,v3_615c66b61d0cfda803d9e51590e35f08,ad168634a6dde855d49bbf38b171bbcf3dc7aefc333cecc4c79b3ab589d8a8e6,train
raw/banana/rotten/rottenBanana (165).jpg,banana,rotten,local,v3_573cb510a7e8514907f2f16532e1503e,36d230bdbc30f861e1cc2fc3a0cdbfdd76266f0f0c865c93d2345573870056df,train
raw/banana/rotten/rottenBanana (166).jpg,banana,rotten,local,v3_5c561f51d3d91662e8a132646e6474ca,2cf27a2b81bd052d69b1d3dcb020c2006fe92713d40eec40164ab21dd46d82e7,train
raw/banana/rotten/rottenBanana (167).jpg,banana,rotten,local,v3_ce16a568aa0cd9d34669e604899f22f1,5f7ea948bd50a5a37bdd378d5c8cd568d03b0085f384d6fbd8a945b2cc91cd50,val
raw/banana/rotten/rottenBanana (168).jpg,banana,rotten,local,v3_c1517f88e9edbc12d032cb6467aa964c,c38520f943539ae3e4a4488fc10bb94fb62b650c151895c3c5b46fb1050a9ffa,test
raw/banana/rotten/rottenBanana (169).jpg,banana,rotten,local,v3_082620a1a84ebbfde9ffde41b3898cd8,d080e691ef013d2fbcc2b7a28d8c0cc9f3a8137c428dcf10035e3ae200cd92cb,train
raw/banana/rotten/rottenBanana (17).jpg,banana,rotten,local,v3_fb7c9ba6f50acd2295d3174d59973e9c,8006c305a578578128f97e08161deccd3ed28eeac21ed15e02f2a9dc6e316f4b,val
raw/banana/rotten/rottenBanana (170).jpg,banana,rotten,local,v3_e8848e3990fc41c741a9457b8cd202cf,15cd614d29ce89c408b1b16f4ca5036a5bb1b7b25f5857b323f06b1ec5d71bd0,test
raw/banana/rotten/rottenBanana (171).jpg,banana,rotten,local,v3_aa5b6996aa43a3cce4d850a785fdf610,fd178b6f063ef061f4e6d8a64a999ddf502f95dfc3b15a16a9749998f9155c4b,train
raw/banana/rotten/rottenBanana (172).jpg,banana,rotten,local,v3_f76d809dde6b0c8c95052f864dd52204,3cae6353542ef643056f5af5e8825b20d0852e4fdfa7e47111281afcb9bb1409,val
raw/banana/rotten/rottenBanana (173).jpg,banana,rotten,local,v3_23e19a3b4b7d514c07730cd882781402,63d711d466ab20fee782d35dae684594a5faa62e7d0321b43c4d8f4d563a8e39,test
raw/banana/rotten/rottenBanana (174).jpg,banana,rotten,local,v3_99a5201c6edf12d770606aaa6c16e58f,7faff1d09460d57b0313ecb1425b2972fa612ee341ff2df2e543aeaaa8f6780c,train
raw/banana/rotten/rottenBanana (175).jpg,banana,rotten,local,v3_576c105d91a2d7c2dde359e000333299,62e4125994966d9526f5ffd21665eda582f5d767c1514475ee86e578646e03f8,train
raw/banana/rotten/rottenBanana (176).jpg,banana,rotten,local,v3_bf1f9aedcbea47fae0f4752ac7c6626c,0ba8f6ef3f671cebe7d92b6290cd27ac86f90279c0f3c3757b1c087e2d0fca80,val
raw/banana/rotten/rottenBanana (177).jpg,banana,rotten,local,v3_48d77615bf832112834a7132b91f7771,c6d4487670478685dc8aecfde45018495d3447d003b09ad2ad9a1ffbc8331e1e,test
raw/banana/rotten/rottenBanana (178).jpg,banana,rotten,local,v3_cd12936e1f708993c2b1aef007543516,d55973249caab092085218752b030ccec02445e96d7acaa7ac7e702ccb6b4f01,test
raw/banana/rotten/rottenBanana (179).jpg,banana,rotten,local,v3_4c32b75f19aad4b68f9fd9cc48b8b364,584f01dbf25c9522e85588f1361ea37a9778c7df5527d31e08e82a5647a2039e,train
raw/banana/rotten/rottenBanana (18).jpg,banana,rotten,local,v3_b46838ca38d2a180884fbfaf4fd320c8,0592c966b0e47aa124db771c8d1de586e30bf92b514e05380982892901b7cbdf,val
raw/banana/rotten/rottenBanana (180).jpg,banana,rotten,local,v3_c4c724ed78f9cbbc76a480a883c677cd,cdb62d558f9e0668a11bb55c6124d32384a3378fad067f1efc98966101e7778a,train
raw/banana/rotten/rottenBanana (181).jpg,banana,rotten,local,v3_708e4047ae603abb14cd07cf3260ca67,e8fc301a18729b6c36b3e5b7818a716ee69827f5c68bfa1462d638b1dfaff3bc,train
raw/banana/rotten/rottenBanana (182).jpg,banana,rotten,local,v3_cb7d7fd40b0fa1a2561c692c3a55bff6,2103bcfe597c45fc261967bd8d29baf6f1e59c389d5ad39e95822357b7e4eb9d,test
raw/banana/rotten/rottenBanana (183).jpg,banana,rotten,local,v3_6d886058262ad8d288519198ff1b7369,82ea49e0b427e579118adab724c093eeae5f8e94c21a98e7a25bf1bd5db4c668,train
raw/banana/rotten/rottenBanana (184).jpg,banana,rotten,local,v3_ae914f0aba6e5114f36a5e6d0df9082a,e6cf2bfffceb4de256f1f5ab0797ecba0c6a23dc123701640b8fa92e9c879b67,val
raw/banana/rotten/rottenBanana (185).jpg,banana,rotten,local,v3_6ef7411f8986aa05de10dcd0bca2d139,0572def24d63a009067a493592356588a44a15133b3219259ead8bf1fcde4cd4,val
raw/banana/rotten/rottenBanana (186).jpg,banana,rotten,local,v3_044e12693af1fefa5dfe327dcc4eadd1,07c72adc9d94a9c1541458c68ccb21aa8490fd0c174b2bc138922bebae70cf78,test
raw/banana/rotten/rottenBanana (187).jpg,banana,rotten,local,v3_3e0d313199e1d472b4fb0a469c07de06,9a0a56428889f862f3f887c08a3d7461bd00266a896a81653f18e76c1c852fa1,train
raw/banana/rotten/rottenBanana (188).jpg,banana,rotten,local,v3_62187c47d265e109980e7503d9ddb3fd,dd7aaf68fc0805bbcdc172f53c846d94d00e776f1985270facd6b72b0bae8875,train
raw/banana/rotten/rottenBanana (189).jpg,banana,rotten,local,v3_1df70864ff84bf6adb59c62d484cf794,53fcb4da0c4477308717687ee5835dcca00819c68ae84e73648c67e3ebcad450,train
raw/banana/rotten/rottenBanana (19).jpg,banana,rotten,local,v3_4d357add81e46b256f5c312f8afca60a,98e06ffb26418d764443ae2ec5c5edfc0954b3888757ef61444f774f83d1ed76,val
raw/banana/rotten/rottenBanana (190).jpg,banana,rotten,local,v3_632b4124ac307b3c9ba69dda542dfba7,118142e26bcde97e8ef50f4d021cfb8776e24e4066892cacd47100b3c371a967,train
raw/banana/rotten/rottenBanana (191).jpg,banana,rotten,local,v3_2962d197ee3b0d8e18549bc3b6098684,8c265768f8ff8904a7183f9413e3e03d5acdc3cd5ee54893658f5836f1cf3a58,train
raw/banana/rotten/rottenBanana (192).jpg,banana,rotten,local,v3_272655d63174f13201f77f501b22ad3b,8904c5ee0a6a0ff303a750c8328f2c2afb64b2bef3ab82c76a863c42f1685f95,train
raw/banana/rotten/rottenBanana (193).jpg,banana,rotten,local,v3_d52c5f5a7acc0982e12194dfb83b320d,97ecb5177a2ec317ef12fb2f47cce62a1c4bb07b89f505bdb33e3edf61e403cc,train
raw/banana/rotten/rottenBanana (194).jpg,banana,rotten,local,v3_b5ceba1cb724dc8aacf5c8665d2b0cc4,cbf1af9b56b5e439c01c7d1bea947280d04db52265e7075fe52d7013fddb5696,train
raw/banana/rotten/rottenBanana (195).jpg,banana,rotten,local,v3_aac6907ed7d207ca5d4a85c3540c1b5e,e41ce4e37ecea067c390beebc573db1f78038fc84882004b47340ed0e176c5e0,train
raw/banana/rotten/rottenBanana (196).jpg,banana,rotten,local,v3_f4633d9a1d912d2c28119f35fdcf7b11,5955d28c1e0f648bbab8a4a6bb111c2a0089484a5afc97b3e365c5b678e8310d,train
raw/banana/rotten/rottenBanana (197).jpg,banana,rotten,local,v3_3cd1cf4692e33d7ddb1645ee9e67e1d1,c0600e66a042b5af67d72daba095e8081e14f63e5c58081dce6190d931617cf5,train
raw/banana/rotten/rottenBanana (198).jpg,banana,rotten,local,v3_ac98d62757ea687e00edd88f1e052f64,e16bd5ff7723920426f03fef3c0b30bc0ae0d3a30d3feffdd4459b11a8d8e215,train
raw/banana/rotten/rottenBanana (199).jpg,banana,rotten,local,v3_d6c1ec68767d0f67c555bf45c432f8c0,a30c438a7f32838ca4ddbf9d07a63dc655bf05b1384fbbf70c5d693d0859af36,train
raw/banana/rotten/rottenBanana (2).jpg,banana,rotten,local,v3_1a7b30fffee790583be06dea294ff810,9531629ad1533079753abfe4c07bdf8e1bdbd085f997dd05aabe08af2519f2fb,train
raw/banana/rotten/rottenBanana (2).webp,banana,rotten,local,v3_1a7b30fffee790583be06dea294ff810,82f6ccaa48b9437d13bcbe31e006385b93917ad2b649bb0238d73117a20237f3,train
raw/banana/rotten/rottenBanana (20).jpg,banana,rotten,local,v3_c13087d053ac727e48147e702cb88f10,3f28dda3aea239203c90571da7eda23a2b70dee521d8d9f396d797cc63f4750d,val
raw/banana/rotten/rottenBanana (200).jpg,banana,rotten,local,v3_028909fec0f5b2e2763c77c2a3ce1707,1e28f528cee489b55a248493c5be9bbf90caf1f7568b2baee4bc373f9657c456,train
raw/banana/rotten/rottenBanana (201).jpg,banana,rotten,local,v3_093153121647806be94ac1a3180d185e,465d9636b7dfef8dedf73623463225d0c5585be523d0347bb879c948fa047bd3,train
raw/banana/rotten/rottenBanana (202).jpg,banana,rotten,local,v3_8bad015452edaab213781701064584f4,9393b0728bfb1fb1e6757966064a7af651efa8ae8a96ba316e8eac591d14dcd9,train
raw/banana/rotten/rottenBanana (203).jpg,banana,rotten,local,v3_b588b573e8d3b4433d446595e68125ad,646636714460778d0b43d872915608cf84c61012855f2c3a34e1846a6cf71fde,train
raw/banana/rotten/rottenBanana (204).jpg,banana,rotten,local,v3_f5d12a870657f93a6a347d4735639717,feb30a2d6a45073f9777c0b5389093ec02bacb2e8dc76f1cf0c5b3e260ea202d,val
raw/banana/rotten/rottenBanana (205).jpg,banana,rotten,local,v3_c59f72343ee165fa18cec9637d6b2b3a,48ab7af40f797e241f09081d979beef1e5db2db7f045573109d0449064686e27,train
raw/banana/rotten/rottenBanana (206).jpg,banana,rotten,local,v3_987db11619169083decd2f279cdf9473,0cb8834494bbce5ffc732785a7dbbfa5e8f37776b30f371e4ceba68ec3e1fb24,train
raw/banana/rotten/rottenBanana (207).jpg,banana,rotten,local,v3_0658f12c355132b8bf22edc2e9ed1253,a81ee21dd60c1342b80d84ee68195c0091af8027ae09e3bab7c292d0c83d5797,train
raw/banana/rotten/rottenBanana (208).jpg,banana,rotten,local,v3_fe74d78192a54712ac2232a4a01db7bf,0e1032d1c1e97779e631be620be6d2a0cbd3af1173d83ce7e6cc9f66eb6678a7,train
raw/banana/rotten/rottenBanana (209).jpg,banana,rotten,local,v3_e531cfcf81655065aec9d4c620c6fbbb,d3552377a2a7055fd70424d63a31645f919b27bf2698d639460b53efb3879718,train
raw/banana/rotten/rottenBanana (21).jpg,banana,rotten,local,v3_a1102bfb3af885f17ed5a871ac8c4b8c,b5f6cd68fd8a98e2f2cd0fd8abe1e38096b5da0adb5b00d3a2fd6315241aba10,train
raw/banana/rotten/rottenBanana (210).jpg,banana,rotten,local,v3_4991382a3cabfb98c7e6c7af3a51fbea,7a4834dcfbe0867760b8f11b631fa1c298fe11ca91b03d433f52ef7c63543009,val
raw/banana/rotten/rottenBanana (211).jpg,banana,rotten,local,v3_9aed5490a61e6f723f9962361192433b,b93ebe85fbdfae762c86e47e0dc72ef639952ba6c2d48b0cef742fec3f8452bd,train
raw/banana/rotten/rottenBanana (212).jpg,banana,rotten,local,v3_0f3e3aa52ee01e615e7b47b54e46011d,1c1fd0ef87f49acb235d6194c29e06c5d5683888f230085d93966016f8601e68,train
raw/banana/rotten/rottenBanana (213).jpg,banana,rotten,local,v3_6f42117a9ed96b73331c1195be4ce6c8,525d5baacdd1949c8610be83593562a074ec14cff94637b7fa04d76cc3b15edc,train
raw/banana/rotten/rottenBanana (214).jpg,banana,rotten,local,v3_d40040c36ad1c93ad30dc876c69a92c4,e9a65a3758d2e9a05e8c1d3e9761c46b0128b963b9a9b9c0e199897d49a5c70c,test
raw/banana/rotten/rottenBanana (215).jpg,banana,rotten,local,v3_817c34aa1ac70127d66b2b5a8f7363df,f3dd65688ec6dcb00abc918d0c6021e869fda8873d5c5000678acc658b185314,train
raw/banana/rotten/rottenBanana (216).jpg,banana,rotten,local,v3_63cfce4735d2ac88fcc2c3440cfab768,a8ff94f9bbd61bd8e6567703caca98e079e2a07579615bb3f729d7db1e106e2e,val
raw/banana/rotten/rottenBanana (217).jpg,banana,rotten,local,v3_0a9e01ea8cf509e8a8f4ab68906bf02f,da3822b88940c7630867fffb3afcc3e635a53750b32135da62bfdeb500da4b7d,train
raw/banana/rotten/rottenBanana (218).jpg,banana,rotten,local,v3_913e55507b2950f0a5e377895d5ec93b,4c8686b10f2b256b481b0d9eedd4848f784681217ba2196bfe478f97078425eb,val
raw/banana/rotten/rottenBanana (219).jpg,banana,rotten,local,v3_b22f0862cb57c7f911714a9623a19020,17971cf3fd354419449547c6748f7494a50996833b98d78b497124f94be3c98a,train
raw/banana/rotten/rottenBanana (22).jpg,banana,rotten,local,v3_4b4943fe6e3a0f99b40a93666760616a,34185fad0d26186a58b732d8d50e97da054b19740e9bdcc0c6c578dcafccca1f,test
raw/banana/rotten/rottenBanana (220).jpg,banana,rotten,local,v3_5bd9f1da5fb0c39f628f8acce9a73142,7592df6edc8c46b5222c5793875447603b081577cb45e343829fde2709fd2926,test
raw/banana/rotten/rottenBanana (221).jpg,banana,rotten,local,v3_59c0788fa9bc34b0dd740bea340d2723,1b2116cd132f89721e1555a3071e17776b4c077fd5c264e9402da3fece2c0dc7,val
raw/banana/rotten/rottenBanana (222).jpg,banana,rotten,local,v3_09c78545ccffe8250cd35b2e3187c3be,2c4e9e3fdf5fe71fbffd5a568f72a2642162630318d4303a88566b9009060628,train
raw/banana/rotten/rottenBanana (223).jpg,banana,rotten,local,v3_7f0193d72b16ff40918faccb108e24fd,0482ba1fb55699f1aafe77de8e6b913212c1e2e3f4e46b84d3855fd42be792e6,train
raw/banana/rotten/rottenBanana (224).jpg,banana,rotten,local,v3_157041be68888f4b027af2f79f4e02ff,9c10a674645d891adf571edd1f70009790ab41ef5d860c3fb19820377a56acab,train
raw/banana/rotten/rottenBanana (225).jpg,banana,rotten,local,v3_9eea0d62b6005e5bf8dc5924ded15c62,c2f6fa5366f1397f00c88f133ce215fdcb6b1ca8861875b2d6a75dcff77d6f43,test
raw/banana/rotten/rottenBanana (226).jpg,banana,rotten,local,v3_583992bcb168f06cbc93f253526e8bfb,bfad6a6c75c78e07bdbfe781c119d26717561945c2663734a5fb8e0e3e5fff37,train
raw/banana/rotten/rottenBanana (227).jpg,banana,rotten,local,v3_570526e9c22667e3827f8736349d3e72,8bdd2e6a46f0b59c8b62ac624873d7389b37e074270ce03cb7bba182f15409e1,val
raw/banana/rotten/rottenBanana (228).jpg,banana,rotten,local,v3_f53a795e18631351845919afeddd16d5,01c0659f10d4aaf86025cf854a8eb64327e89235e9508d42789a4686a2363a4e,test
raw/banana/rotten/rottenBanana (229).jpg,banana,rotten,local,v3_6ad61edb1a4adc7ca341c6b4659e49ba,d8c6a1959cc4013dbd3f64b71f99fd9fb9d9007ab63f711b306e67301568a9c6,train
raw/banana/rotten/rottenBanana (23).jpg,banana,rotten,local,v3_a95c234bc9f893c0f5f8f9a011f0a6cc,c13eff2b2db446ed1044c29e567bc0d4d43a71bc25df201f5688c3d31c0ad201,train
raw/banana/rotten/rottenBanana (230).jpg,banana,rotten,local,v3_917a3e8a799bb3b0463d9ede1b0eb38c,19a613b0c24765fbec42b6d73e76e2865f162abea87585c524df978780fd9428,train
raw/banana/rotten/rottenBanana (231).jpg,banana,rotten,local,v3_1bde989954188c3f257b63bd3958d9b3,49f4a4f3c185ae983809bdd69c3142ae5fae4d388dcd0e63d4d1a73efa95a4be,val
raw/banana/rotten/rottenBanana (232).jpg,banana,rotten,local,v3_edee12f400fadec31d44e01a0c5e67cd,d954812f7f8f9ced8a5a8173d04c7becbd69847eb2da554059f7aaaa0f3ffe46,val
raw/banana/rotten/rottenBanana (233).jpg,banana,rotten,local,v3_ccdc1e529c96840ff8298a5b4373969f,93408732fb1705258b7d6d110b53d37c1d138366320d3ac2302d3d6fc9d77f5e,test
raw/banana/rotten/rottenBanana (234).jpg,banana,rotten,local,v3_1a39a4c7f7fae114c5e348e52523c0c0,51ec774eff1010103272f52ad7e3362e63e1b3f068e62aa5460cb1500d55323d,train
raw/banana/rotten/rottenBanana (235).jpg,banana,rotten,local,v3_b09b5397275c454d509faefda4480dd0,da2ab483a40652e329d07f2cacfd62fbe6979f9c4f0efade6d86f50812e4a7ad,train
raw/banana/rotten/rottenBanana (236).jpg,banana,rotten,local,v3_a9be78dc1d47b27173be8ce39a4c3591,6fc47440912f603a8eeafd0df228f3484dab51a628caabc8b6ad24cc044c5bc5,train
raw/banana/rotten/rottenBanana (237).jpg,banana,rotten,local,v3_5756433050944bc6210e8b9cfdc6a646,87a5faccadcca72af043964cee8b46db707e028e33afeaf579a0ab220809cdd0,test
raw/banana/rotten/rottenBanana (238).jpg,banana,rotten,local,v3_ed23254cabde47c6f99b461b7d96771c,caa4aa65f398bbc5f777d60b2facabcb02c6c61b709a4a7a979ee0c28be46434,train
raw/banana/rotten/rottenBanana (239).jpg,banana,rotten,local,v3_711c0a7af306f77a3679f2c702376d89,6af335dc45c419e1a1933a2b10aa61e2fab932a93c495b61919de847ae869e95,test
raw/banana/rotten/rottenBanana (24).jpg,banana,rotten,local,v3_56e59caea690216606c90e812b7667ba,6458b4c94f40c05f777053970147b88cc536a44302a08ca4ca5f3afaa34190a3,test
raw/banana/rotten/rottenBanana (240).jpg,banana,rotten,local,v3_cc8e9a08df19c1140561f04c02b435d3,12aaedf2bcc0603e422431a945a4f92710d67d5b21b33511bf696ce268b38d22,val
raw/banana/rotten/rottenBanana (241).jpg,banana,rotten,local,v3_8d806c2fab16eae584f84a14861a3ec8,aa859a000be012ec8d589a119ec70e2e5bd5724d39924d4d1810ae7e51586847,train
raw/banana/rotten/rottenBanana (242).jpg,banana,rotten,local,v3_affded921ac8eb249582b5f61ebc6c25,249c149bbc670183f575c49c4c017615aff926c8704d81e64be9acbdab5c17f7,train
raw/banana/rotten/rottenBanana (243).jpg,banana,rotten,local,v3_4b0438aca64eba432f6c70bc18bb68e6,a9c701f414e379653396468bee596cb8397d6a3c6f7942362926eca450f1c41f,train
raw/banana/rotten/rottenBanana (244).jpg,banana,rotten,local,v3_9acf48252310c2da4a50c33b2ef03847,c548e9233dc930cbd850e54fa3c5c037177ef4a83e48e90e83586cc7e15725ca,train
raw/banana/rotten/rottenBanana (245).jpg,banana,rotten,local,v3_3b23a447fdc834a07acf100626652e9b,f47bd12a9dfcbc30fe660d3de703987a0478fbeefa95164e0dcb0d1592ba7318,test
raw/banana/rotten/rottenBanana (246).jpg,banana,rotten,local,v3_2d08ad38e9277e73031ac58f4a67fd7a,01a65eafeb4b96b95bd8a7c8c0badef879b81b974a0c50004d4313ee3d90ce20,train
raw/banana/rotten/rottenBanana (247).jpg,banana,rotten,local,v3_0af9e7806d7a8e19a10e926633d78cfc,4e2d943dbb2728c5daad219e71c57e5430c27a665c58c179927bf43afe121411,train
raw/banana/rotten/rottenBanana (248).jpg,banana,rotten,local,v3_5b05a1fede4067b4434a3c0372b686a5,fbe61738ea7467ef7e467ea429df6fc459e46a54c4e9860130682b54336a4f36,train
raw/banana/rotten/rottenBanana (249).jpg,banana,rotten,local,v3_e22dcba8357f932f71d0498520e28258,1f54bf5ce881dd28a6506e6c89ab5fc1c989845e1b37e834f977536b6cffef40,train
raw/banana/rotten/rottenBanana (25).jpg,banana,rotten,local,v3_aaf0baa22f4ae6adf0c6c0050ef7fdb4,72262196c80dfeb608cc3c0ce8e8cd92d3a992695534675dddd8e4b6014de5af,val
raw/banana/rotten/rottenBanana (250).jpg,banana,rotten,local,v3_e0ca58af5dfa175c7a8b0272868c6da3,0cc3c9b7bc865042a09ecb424017b19e021d98a0c41e3a8c48b62ea7033bf9c2,train
raw/banana/rotten/rottenBanana (251).jpg,banana,rotten,local,v3_bfe43a5f0fd17f3c89736ac3d36a67d6,5fd0877d019a6d00b8f798beabdab7dcdbcc9c600ac9680815282c0fb6254567,train
raw/banana/rotten/rottenBanana (252).jpg,banana,rotten,local,v3_66d360038f6f323fe56bae415c05db99,2b4eee049497df3b1f291e42b17b7cddf8fc68c64257248bc13f01c8489be79c,test
raw/banana/rotten/rottenBanana (253).jpg,banana,rotten,local,v3_2e0ce3dcf5c454c955276f6c85aaeaf3,cb6c16c4e129317345b037f52866b7500a24afc1a173aafefb6f184976ff2906,test
raw/banana/rotten/rottenBanana (254).jpg,banana,rotten,local,v3_9ab8b5d8fe794529d6dc4270dd4bca0a,a7290b20f8b05ca84c7afff29678e93e2af676a05d047f15fc2000be338c937c,val
raw/banana/rotten/rottenBanana (255).jpg,banana,rotten,local,v3_13d9f5c6da6377feb12a345d637c2f2c,8efb14cb15aaf31bb8b212464c448e46fd997fa9adf250a1593fe302e97f7c46,train
raw/banana/rotten/rottenBanana (256).jpg,banana,rotten,local,v3_0af9e7806d7a8e19a10e926633d78cfc,ecba3dd6f3b252f1415189f1c849c5c6d783cf420366ce7b831d7f555513d892,train
raw/banana/rotten/rottenBanana (257).jpg,banana,rotten,local,v3_e71083d7151926c5250f40356a96251f,e609a4323f0e3e756ec00ba75f7b0951699a06a950b7692486007b823df9c37a,train
raw/banana/rotten/rottenBanana (258).jpg,banana,rotten,local,v3_d1ba461bae39058870a683a59d064c89,eae86528d225c2c55a6826348aaf2aa49bf58de72b2f95cabb5036bc46b70964,val
raw/banana/rotten/rottenBanana (259).jpg,banana,rotten,local,v3_f928f8e80bc06a3619179bd1a5f07cb3,79ae4d56ed087e92e444e24250c8f6fb15173a03544c700fb8054c5ae1f86fc0,test
raw/banana/rotten/rottenBanana (26).jpg,banana,rotten,local,v3_0f6693d59fbae68fdb6c7c842e1f160b,a50ee968e6e129d263914540a29ad3f589e9f95ca1446d4dd3c3da169359d3e8,val
raw/banana/rotten/rottenBanana (260).jpg,banana,rotten,local,v3_fcb2d80360c080e0cbd3ad7598360d15,bb505ec366ef7768746a506a53763e54e48fa312fef1a9e3d60ab8a098f6be56,train
raw/banana/rotten/rottenBanana (261).jpg,banana,rotten,local,v3_abae56c8ce8d32d8aff6b7605e204d07,458e3b523d57fa326b5a21b15bf3963cea1e1a87c590c6417d52c10e19a01ae2,train
raw/banana/rotten/rottenBanana (262).jpg,banana,rotten,local,v3_73c5cf8b518fe40413f479c472bab37c,0c3fe3408c0a2af150b400ca1b5930af39928fb64948e28fa624aae31cde56b8,test
raw/banana/rotten/rottenBanana (263).jpg,banana,rotten,local,v3_2cee6ec4b5270154815ed48ddca8c22d,66c57414480c6efdb06dc76b028a38181a5ad24868606dc905acb5f6b4fae0bb,val
raw/banana/rotten/rottenBanana (264).jpg,banana,rotten,local,v3_93dd84654aba958ba9812925aa157380,eef66a68e93370a59c87795017558995448473382a30875531a5774670f1c49a,val
raw/banana/rotten/rottenBanana (265).jpg,banana,rotten,local,v3_3b08ff426d8ef08815c452c6b9412265,adf7476db14a51309b3c457fddbb3bd6bec59b176ae5f2d2ee15866b6f73d843,val
raw/banana/rotten/rottenBanana (266).jpg,banana,rotten,local,v3_4b0438aca64eba432f6c70bc18bb68e6,7ce939a50c68a6ed6f770abcc772690d052088ac98e6e6cdc0c88e12896c2cb3,train
raw/banana/rotten/rottenBanana (267).jpg,banana,rotten,local,v3_b48a5bf2cb8c7f175ee20909de01a611,ca9adc2e6f9e704314701bc881409978dc201167fbb2b66fed2e086cfc1355e1,train
raw/banana/rotten/rottenBanana (268).jpg,banana,rotten,local,v3_8459e2447511959f6a2ee31762e3396d,a4519005c2e98efd8ced6e7fe7420ae648c7ad7472aa2078eb16adb3d888799f,train
raw/banana/rotten/rottenBanana (269).jpg,banana,rotten,local,v3_d9c15e4cf51af7f8827dec1d54816b34,df0aa3e4351e668cbf65f1d4e98a81a9cbb72772c6f7e85fa1e1269a32e5e0d1,train
raw/banana/rotten/rottenBanana (27).jpg,banana,rotten,local,v3_012968a824f55d5151c0e6478ea35bbc,76b250b117cd3c679b4cfa45647964fd80de740c965df7f0268ab31a5b53914b,train
raw/banana/rotten/rottenBanana (270).jpg,banana,rotten,local,v3_a9b778600ccfd05714fa64a2d00c045d,9eb4c11830d29502290c84395b15699286e91b064fdec1bd8e21938eb7d1015c,test
raw/banana/rotten/rottenBanana (271).jpg,banana,rotten,local,v3_93dd84654aba958ba9812925aa157380,abb5780c757c503c0d1944b77f6a30289e5440460e610795f58245dcde1f4fee,val
raw/banana/rotten/rottenBanana (272).jpg,banana,rotten,local,v3_13d9f5c6da6377feb12a345d637c2f2c,9d8d4753a5ed46183059a5c25e7fa4166c94a7cef867fce7757e72aee9402811,train
raw/banana/rotten/rottenBanana (273).jpg,banana,rotten,local,v3_160b8745048a85fc9affba1484df3dbc,0e9048db3e6a83e36103bc47f54b42fb31f715da93ca482b9cc71fdb952c3873,test
raw/banana/rotten/rottenBanana (274).jpg,banana,rotten,local,v3_1a95df71479e26e4bbea6309acc2d3d0,40ce68dffaf259382fc15c9264133df665b15024db29daead752c53056874fc8,val
raw/banana/rotten/rottenBanana (275).jpg,banana,rotten,local,v3_0cc91f66a81152561042684c824484f2,487078f27ba364f882f1bde1a58a47359acfbb4fcf5b10661103832f829838f8,train
raw/banana/rotten/rottenBanana (276).jpg,banana,rotten,local,v3_c11b3102abeace15a29d6210787fcf21,2711318536fcd7d21d769a968cda8360968c4b24fddc6b457af1a5a1a73ec8a7,test
raw/banana/rotten/rottenBanana (277).jpg,banana,rotten,local,v3_294db4c9fab209b9a37d3ce8709e7b73,78640d50790eab2ec90fdfe24c07b280c1e68464eebe5b663b888fb4d75f9c97,train
raw/banana/rotten/rottenBanana (278).jpg,banana,rotten,local,v3_f476707e7a071456e2448f5dc25e662c,8e654903d49aee8cb3e4f2d6c2e4778cee0c01ca5ac26c413c89e2ef08e5bc20,test
raw/banana/rotten/rottenBanana (279).jpg,banana,rotten,local,v3_9b95c525a4de4cf0535650bffdc45db1,73504cbfa9a7726cfed83dbbe1f70e9b971b8b209379741f654702e7601630ec,train
raw/banana/rotten/rottenBanana (28).jpg,banana,rotten,local,v3_f85ff80538caad90a27decb080092a36,b6be94ed2e44f36b88fb5f1d55881f388e39aae9b4b3853a47a8122ebc7c6990,test
raw/banana/rotten/rottenBanana (280).jpg,banana,rotten,local,v3_8f69caf2e116e21eb46b91933f83788c,c411496ad3b51b3e60573b59548f190b9f694d3401e62d4348e1c79a049d880c,val
raw/banana/rotten/rottenBanana (281).jpg,banana,rotten,local,v3_e420dbd4b53f727d5c522296749cc4f0,80fffa1a253fb8c30303ca6f6154d6fe3cf5571b3e89be2415a75d690b2d0c04,train
raw/banana/rotten/rottenBanana (282).jpg,banana,rotten,local,v3_b70f22f0212a0e0b9a4830a7f8d4e623,1c86f629de744f37a362e38e28b13ec6a26fdb26d79532adf623599985806c04,train
raw/banana/rotten/rottenBanana (283).jpg,banana,rotten,local,v3_aaadba35fb699e5dc6c8b079660e47f3,a37585b140957bcb12933f393e3ecd5bc79493aab40107dc9a790a1a15cbeb77,train
raw/banana/rotten/rottenBanana (284).jpg,banana,rotten,local,v3_f02286a6e02bde32feb9eb440004d206,0f55bd5b7f54911960f464f4541af196a9547f058665f5707ed9d6cdb60a874a,train
raw/banana/rotten/rottenBanana (285).jpg,banana,rotten,local,v3_e51f302665d60fa2d686d7761f44b298,f573e17055aae78e46ae73d46236e33789f2560aee9f31915377fa3905b8c28d,val
raw/banana/rotten/rottenBanana (286).jpg,banana,rotten,local,v3_505f870393b9f5e9dd680d69075c7159,c5d9522fbb83744b06370cf0e47bf8489fd4356e7a2dd964f386bb0cd3dae673,train
raw/banana/rotten/rottenBanana (287).jpg,banana,rotten,local,v3_f38d5c9234ae532e1bdedb3acce84540,6b934ef62eae2993a55ad30e11d10d2b5da76b80ca5dacf4b3890534c5d4d525,train
raw/banana/rotten/rottenBanana (288).jpg,banana,rotten,local,v3_f513a63f3a6fccfce32d59b55aff9273,61738f2b713b8482fa98db22f3e9c07010be396e30b25646555e500c8415ddbc,val
raw/banana/rotten/rottenBanana (289).jpg,banana,rotten,local,v3_cf3c4a9fea16ae36605d98a0f569d683,7438d7a60c9a758511aee7a4830bb797c96896668e00e6cc622063b457c6c3fe,train
raw/banana/rotten/rottenBanana (29).jpg,banana,rotten,local,v3_29b61b80d9eaa78d159e68478d59516f,c8fa708ce104f65117d5c7ab4f1675391fc3178e80ac9ace1501355599f4c61e,train
raw/banana/rotten/rottenBanana (290).jpg,banana,rotten,local,v3_d63b9365f99c7ea9313fd3c2dd99feea,c8e38b5645674af7b3d102bfb86a52a785fdf80bd04ebd8911c1d690324b5d48,train
raw/banana/rotten/rottenBanana (291).jpg,banana,rotten,local,v3_ac5f99e1072665719b0a7ff798ba128b,a1cbfe7794fe70e2b2d57035ae23e382cd8f241ac9c3a7e0a1a257d5573504ed,val
raw/banana/rotten/rottenBanana (292).jpg,banana,rotten,local,v3_465696514c7f736ad84e11ee8bf9cab4,a6fa1bcd807ff4bd8f3bd6168acbfcfa7ec6a85fa612db45d16bd46835e71bfc,val
raw/banana/rotten/rottenBanana (293).jpg,banana,rotten,local,v3_9449a1fe171eb93e68b5b6359b4a9e61,8742b028125f0afd0153bbb42921d471e7a28fc6f0795dfd689d31eae74299f5,train
raw/banana/rotten/rottenBanana (294).jpg,banana,rotten,local,v3_5f9b79c6e04430e384948178ec6a6a00,e5de8a344beb743043c0e132a777068590d32e507e03990838bc79b34b65bb0a,train
raw/banana/rotten/rottenBanana (295).jpg,banana,rotten,local,v3_70f8da1c745e05671f469f56a4cbd95c,a4d1860b3d0dc302032668989d9e0b06c11244578a08d545c19fcbe74eb90a5e,train
raw/banana/rotten/rottenBanana (296).jpg,banana,rotten,local,v3_18adb2f2528d2bdec0ec0e5cb5f54885,4ccef8cc49727e87762461ec34393d2b336fe5fb4bf8b19b7e196d803eecc013,test
raw/banana/rotten/rottenBanana (297).jpg,banana,rotten,local,v3_e0d6c268f6788e12e9e9aa73ff98699c,1f180897b52317c1664ed4d23144dbae7ebf5f1407705ac017ae1ef0e73aa293,train
raw/banana/rotten/rottenBanana (298).jpg,banana,rotten,local,v3_50350388cf8500b829711ea4189ebad0,8ac02b5417b1b4006ac83e8456341be027058ced51b2590d4178dd7cb656d023,val
raw/banana/rotten/rottenBanana (299).jpg,banana,rotten,local,v3_b21f2dd8a05d5b6becb70bd630198c91,8e6f4f41d876f5da882b4d28e84096497964699f0f6bd9a5f189d9e297efb7d4,val
raw/banana/rotten/rottenBanana (3).jpg,banana,rotten,local,v3_51fefc42e701f60fb90613bff5131ae7,4b7c66123366db1b2297c53ca2e0f7ed1c0aaf972d234ac83b6441f29befd60e,train
raw/banana/rotten/rottenBanana (3).webp,banana,rotten,local,v3_51fefc42e701f60fb90613bff5131ae7,44340b94b2c42083c786f550522b72b569d1b73a2e9384860fae63d0dbc7c9ea,train
raw/banana/rotten/rottenBanana (30).jpg,banana,rotten,local,v3_1f49e2cd93615d3cb3b2c431d1adb953,350275e7769c047b0c0c1402dfda9681a817c292d60d6c785df9b7c01d4cd931,val
raw/banana/rotten/rottenBanana (300).jpg,banana,rotten,local,v3_ff770d2466603faeab2c9a266e117651,88d352e0f4d547857fde3c6290a5a2a144c913a9cce77f0eeaa9d8eaa26efdc4,train
raw/banana/rotten/rottenBanana (301).jpg,banana,rotten,local,v3_2bb0d79e3b5d9cdc4dd7dff711af03fd,d3ecae2f8cb3632a70a363bec0d45d00cbdd2b5ed50ab978fb72a6f49f5f021e,train
raw/banana/rotten/rottenBanana (302).jpg,banana,rotten,local,v3_e44db4b4f1d171b081a5fb3a6b022335,d53750ae1c43c33f83fc7eedd9f4e6c463b8aa9ac0fb35dfe11c68cfbbdbfd26,train
raw/banana/rotten/rottenBanana (303).jpg,banana,rotten,local,v3_0222668677749b5e84ce937d04ff411a,4d455f1839308928f5b809ef000efff0a00bd50645ae7c7832a59f2a62e0c859,train
raw/banana/rotten/rottenBanana (304).jpg,banana,rotten,local,v3_cdf053bdb4207ba1b028d100500a855a,bd3cfedb441a146949acead6749228fa0587bd4713a4e7ad024966ff71f98180,train
raw/banana/rotten/rottenBanana (305).jpg,banana,rotten,local,v3_20637f9e0ff0f2655301f1794858e6bc,56e8ea843429321c1e59d7915f81de08de2f2dac3884c40ab89753816f4598ca,train
raw/banana/rotten/rottenBanana (306).jpg,banana,rotten,local,v3_d736fa3c058f77e547391cbadf8bda89,f8a6354add279eb82aabe872a1d5b5ca66c43207cc7768896b1ce78dce2acf19,test
raw/banana/rotten/rottenBanana (307).jpg,banana,rotten,local,v3_0275e28498f829547cab03dfed3a3a3a,bad4578bbf1986acb739e67d150ab953020ac78c2fa758cf89b14715dc6d333f,test
raw/banana/rotten/rottenBanana (308).jpg,banana,rotten,local,v3_05b0c5dfdf4814db2cbf548d629c7b73,aeabc6e57192199634b40b6d280d62b2d99eb180a7f9b550ed6c84ff935c61a0,train
raw/banana/rotten/rottenBanana (309).jpg,banana,rotten,local,v3_81629eac85048e8e99c90b6131beb1e1,3e8a66877c750fa161649c62bc58770b22775f78a9544728df48894db6b6f79f,train
raw/banana/rotten/rottenBanana (31).jpg,banana,rotten,local,v3_aa1f41cddc6c68c1042e0865156a51fa,758f4c02c2e21faa3965b14f5905d91462a677169258e13d85702dc60047ba98,train
raw/banana/rotten/rottenBanana (310).jpg,banana,rotten,local,v3_d72bffbfc2a8f793d92bb67212acb84d,655ac51a80a2bbd2e381b7ad875303605fb3ec11057969db775f227620504eed,train
raw/banana/rotten/rottenBanana (311).jpg,banana,rotten,local,v3_aca82364fbd4c56000caee20dbb5c4a6,ccc96a38bc1f066bdf0b47478c0a9b9cbeade6e5d4966c95e513938d8657e5f8,train
raw/banana/rotten/rottenBanana (312).jpg,banana,rotten,local,v3_dc44e5992abdc1fd0d2d24910b7e97fa,13cd49a87926be7083404832b3268a6954c0b710bfc410e42d3e04ade65d56e1,train
raw/banana/rotten/rottenBanana (313).jpg,banana,rotten,local,v3_9569668ceca18abf0c9ffc1ab3d46172,a3faad2e5af169db3cc18d2bd802cc4b625fd43c40ae97e1f64653b16575157f,train
raw/banana/rotten/rottenBanana (314).jpg,banana,rotten,local,v3_8a6a06ea3306fc38949e09ad1402fa96,a68d821e251f6f9d722fa74e2ee0ad5f8d181ccd0960041a1e832c6c4e816973,test
raw/banana/rotten/rottenBanana (315).jpg,banana,rotten,local,v3_a25d407bb1627b25b3dc5f2878d61a8d,8cfef63099f161e1d04d6ce3007131e30e6915d3f573298a57672efa24d75193,val
raw/banana/rotten/rottenBanana (316).jpg,banana,rotten,local,v3_a5c059181953d8051acf85f1730bf0fc,e922045ceab8d86f22cb55ab4f0dc53e0b42c7df2423d1e4f50b709636c57b11,train
raw/banana/rotten/rottenBanana (317).jpg,banana,rotten,local,v3_7fe65363e38fefc6ad9db93ad66581aa,795dbb54f4c946708e01d16f59a64cf4cd0b1a1bab19a881ba56c9afa7bbf3e4,test
raw/banana/rotten/rottenBanana (318).jpg,banana,rotten,local,v3_08ecb92b7982c8cf64f14a6bee981167,45583ffbda6b5542522fe985db7bf3d75cf5c21dce78c604d0d27991a2032bf7,train
raw/banana/rotten/rottenBanana (319).jpg,banana,rotten,local,v3_a6b82987313696d4d545d42dfab09448,5ba831002c5947fa98efcc42edefce27457d4b6ea55a0a1d585346848b75f7f3,train
raw/banana/rotten/rottenBanana (32).jpg,banana,rotten,local,v3_694e568fde69498eb80e4f6afb0629a0,05557a552bd41194fd27b8a615075d44f31c85c4b334e0ca6fc20c779f077259,train
raw/banana/rotten/rottenBanana (320).jpg,banana,rotten,local,v3_e813e743248f9111deb810ac9fbb86ce,60c0949ff742fad22a2b71bfb6230fb9b882747f8f346455458f57803dff7094,train
raw/banana/rotten/rottenBanana (321).jpg,banana,rotten,local,v3_5edb876b6b1e22d328384d434c0eab6b,208c52172bb8de3c13ba45d7d0335c2114495c1713d95791de4cdde99d267cd2,train
raw/banana/rotten/rottenBanana (322).jpg,banana,rotten,local,v3_593912d4632a8620554d09cd5d41225d,09a7d941f8034c4401a1ed7c4bd23ab54cefb883784710700c92e2ec5459c9ee,train
raw/banana/rotten/rottenBanana (323).jpg,banana,rotten,local,v3_57954de68a5e161c3dada456064c7170,93753ba5eb8e6a5e8de209eddc9212eee0d5dea09fda4255a47c0ad7e6c2e705,train
raw/banana/rotten/rottenBanana (324).jpg,banana,rotten,local,v3_1b9ba0527b96348c95c46f44611a31b6,9b0666c28970ec54f200ed205c03583e9884b8557943051f786f0b9f0288dd49,val
raw/banana/rotten/rottenBanana (325).jpg,banana,rotten,local,v3_2aee74222eb5654baea295de1d46ab32,23db27dce80d5375dd4e25a829d83a2e0e6515fdd0b1a5064ac911c051411143,train
raw/banana/rotten/rottenBanana (326).jpg,banana,rotten,local,v3_2ce6449122c260628d844c753036adaf,23ecb21eea504927cbf4650f728f21afc8576b114f2ae4cf91f6d6f4deebdb2b,test
raw/banana/rotten/rottenBanana (327).jpg,banana,rotten,local,v3_b5096c05780e3b1cdb98fc3be9528746,3e5e09763d647901eb5c87ce060e3a9cc0138eaa7a40430fa9c911c66b4ba059,train
raw/banana/rotten/rottenBanana (328).jpg,banana,rotten,local,v3_477aaeb4ca0234320b002c5ff250c89d,b31ba4a8c915349de67eada9f8d734a19715cd59aa994e5628817e00242a0854,val
raw/banana/rotten/rottenBanana (329).jpg,banana,rotten,local,v3_5028ef22a0615ad3cae43dc54c18de6c,22283877a11f9d1f76144ef649b5a55606a050ede11fb85bd2c6f962c15de990,train
raw/banana/rotten/rottenBanana (33).jpg,banana,rotten,local,v3_9cee275198a7f6aaaaefef432b0ac5a8,19e68d3b484280b79b67a7239de31f8bf1a8dc7a5397ef912ff68fd8c03ae2ae,val
raw/banana/rotten/rottenBanana (330).jpg,banana,rotten,local,v3_46d9c3cd64466196915214d2997a1e82,b57ec2640c7916f3a695998ec53376f41ccf15a790f145c94db6c74046ec7c0d,train
raw/banana/rotten/rottenBanana (331).jpg,banana,rotten,local,v3_4533dde612a13fca9d6a0d61a85933a8,8f5ce1e17e4babbb26a43e5efdf85ca09369a84228dff6b04c2c3c68318499ec,train
raw/banana/rotten/rottenBanana (332).jpg,banana,rotten,local,v3_e6e352b0b99ce61d2326cf9288ec648e,ae120cb8c1a325b2e57a3ac081c2735f0446f7aa686eb58bae93d77c88852841,val
raw/banana/rotten/rottenBanana (333).jpg,banana,rotten,local,v3_f2d296a0e27a2f6dfe0667dbee52465b,9e2683e0090ad282e0923af477a542c8acdbde011a426473fcccc2cdbc418fb9,val
raw/banana/rotten/rottenBanana (334).jpg,banana,rotten,local,v3_9a12740ccee5539a123bf7528a14d538,677159c31fcdee4d71bcdf927ce43eb7ece9c317e409aa190dcbb8f96d4d9561,train
raw/banana/rotten/rottenBanana (335).jpg,banana,rotten,local,v3_e04fc568acbaab4391a0f9bb8f985f3e,08396d2d9a4f1bf768ebdaddccea8f533965bd8903359f620a31ad10808f9146,val
raw/banana/rotten/rottenBanana (336).jpg,banana,rotten,local,v3_380d0b35afcf0eb9eb146b317f2ac570,e62e5f18dc47200dd8ca6550648af9110fb19b4603ac9f2acb64e915698d7685,train
raw/banana/rotten/rottenBanana (337).jpg,banana,rotten,local,v3_0f11f13a75a2760da22afa0bfff0ed89,487ec5c00066b40e1dc75bbcb873a6f552341fd931d099eac4a87f9c02c557cb,train
raw/banana/rotten/rottenBanana (338).jpg,banana,rotten,local,v3_16dac6e041fcd3237d965050d1a82ccb,10ff391f7c3ffefdfe64fdff0865ede0e3990dfacf9a2cc6a89d777c2ee2277a,train
raw/banana/rotten/rottenBanana (339).jpg,banana,rotten,local,v3_7115d4ad3e1cd1c64bfff4c04adad489,df529f1a8ab60feb06adb44c1a4835bd2b3d703fd1225f7a95b2079c0873492a,train
raw/banana/rotten/rottenBanana (34).jpg,banana,rotten,local,v3_370a1a7cf7da6be06cee57e046d7d951,31d6dbdb9cbb0617d8a920079db54bd08ae65a6e27eae22d9b5fff47150d26d5,train
raw/banana/rotten/rottenBanana (340).jpg,banana,rotten,local,v3_0d6007ebe829def6e9ce1daef107b7f0,dad00f4e63f575d37d9c9ab1a98a6c6867fd6d3f3a0eebcd3124acff00f3bd13,train
raw/banana/rotten/rottenBanana (341).jpg,banana,rotten,local,v3_f0cba48cc65cbd396a93ec692b4e092f,e9121104d00a93f9ea644438c155656ae7d2dd404b34b7fdb5a2e4f3678b0bab,train
raw/banana/rotten/rottenBanana (342).jpg,banana,rotten,local,v3_213a8f2834f687e93ae330604345771f,b42c77059a3c838efc247e3c0fc1d88f167be8f9a0c07e9b2152b1c49b3be045,val
raw/banana/rotten/rottenBanana (343).jpg,banana,rotten,local,v3_d9e63cba69eb6d53e31169e3f5a474bc,b806790f0b39dab47485d61d54d77f5abef063dfefe0e50672b91abc24ec6ab1,val
raw/banana/rotten/rottenBanana (344).jpg,banana,rotten,local,v3_72af401af6b02f799cada71722d3b2b7,c490a38ba30661dfbfd89b3a3a4263fc52c402d34bed32f40c11e2c5dd0060cc,test
raw/banana/rotten/rottenBanana (345).jpg,banana,rotten,local,v3_d5cbb27e1206fd91aa265d3cfb9dd888,3a7dcbf10fd740a32317d32e2a4065042fa0a956ce0b88c1777f0852f7406b0d,test
raw/banana/rotten/rottenBanana (346).jpg,banana,rotten,local,v3_cadf8111d8e91229a2510719f231eeef,add3d30ddeb2f878b778f263646a26cf6422e7e2638d4c065a7085f6b290576c,test
raw/banana/rotten/rottenBanana (347).jpg,banana,rotten,local,v3_5eddde67ada16d24d611ab88a39a0d11,51133df6d1d41f0cf5681f4d0b1bb180a860266174f5f20d4039931e2302b780,val
raw/banana/rotten/rottenBanana (348).jpg,banana,rotten,local,v3_e3e03aabd640fcea2e2afeb7c5c1acd9,04b7a96ea78875ba99df88cdb68baab7d74b8aec782283aba878521dcc1a1781,train
raw/banana/rotten/rottenBanana (349).jpg,banana,rotten,local,v3_05435f65c27e48f67475cf22d658da20,292aa21c7259133c95656e95ee4e313b256bd77e4e71dada241fc6ee3276fb6d,train
raw/banana/rotten/rottenBanana (35).jpg,banana,rotten,local,v3_39e381d4e21be2fd695b5e20f4db52e0,601d337a01724eb069f19af62b25c33a45f205d31a3aa9dc0f35fc0b6947263f,val
raw/banana/rotten/rottenBanana (350).jpg,banana,rotten,local,v3_468f9c8b7a3199b7fef6836c71d229e6,30a30230481d70b8b84bfb6a6d1a6ded68f5ce920ba7ebe6a547a9e62780a5e4,val
raw/banana/rotten/rottenBanana (351).jpg,banana,rotten,local,v3_8318f70d438a3ca3e92b927f8cb6c134,9c7df343794b5d41b8724e4e924205eaa3a1832bb85bd6539ad9f45a9d468579,train
raw/banana/rotten/rottenBanana (352).jpg,banana,rotten,local,v3_d8ddb34542aa9fbc548b14388a3cf28e,6851120d74624bbd59002027a3e424e25d797b83c6bb1c456b3f6a76312e6cba,train
raw/banana/rotten/rottenBanana (353).jpg,banana,rotten,local,v3_2787c4c1454707e4a6980a8e9eb056f9,28c38db1c8acb268dca8b43ef0ee35696f65bc45b40dfb05d836400ed872d6dc,train
raw/banana/rotten/rottenBanana (354).jpg,banana,rotten,local,v3_683dd3e35faef433fc8cf99f6cb29834,9fd67c92b83694d800fe287191dd04288e213c9d476cfb334741fac31f54931a,test
raw/banana/rotten/rottenBanana (355).jpg,banana,rotten,local,v3_3d4feb3cca8716891c935d4e8f66d646,aa209fd50c2f76b331cd51d57775e8e6d447b8838969ea758f4ead0ba19a1b7a,val
raw/banana/rotten/rottenBanana (356).jpg,banana,rotten,local,v3_7d0d88c482ed3c67c19d67d350dae336,d7f1c02a2693f5b9ba0265893edf9f91f1d2f6ee3dcc6f03927b6607653b751f,val
raw/banana/rotten/rottenBanana (357).jpg,banana,rotten,local,v3_a880d22639e8683e72292edb0e088b57,549c73c1367e3bd1a918bfd4fd346b67c878a0abd79826729c8bb3de2633f601,train
raw/banana/rotten/rottenBanana (358).jpg,banana,rotten,local,v3_53c42277548fceadd0ce7d795f0c0fba,f06db046c3c5959dfc58c085943f0dd94512ec627d38dbdb12ea8690b0ce0234,val
raw/banana/rotten/rottenBanana (359).jpg,banana,rotten,local,v3_8a3150829b0b7fd0a47441fa3c75055e,c9a4c70839f9fa96f7be66627641699d77fb3f82c1a29dfdfcfd75596e4e40f1,val
raw/banana/rotten/rottenBanana (36).jpg,banana,rotten,local,v3_342f28366c87f2cd6c50aa19dbb59342,58ea8ebcfdf4de10932e28a8a67d8252e0441c7db42bc63a84bfa244e2364c91,train
raw/banana/rotten/rottenBanana (360).jpg,banana,rotten,local,v3_2ffb786910bd1ada6ac5a4e074c99daf,a22018f148296b702d52ba0c595355d6653e7dd6a45e992038be17e895b2255a,train
raw/banana/rotten/rottenBanana (361).jpg,banana,rotten,local,v3_f9ed6b1f988a5265197ab105bffa4eda,490d12d0746c2d2264f963cdf4382d81683760925b17e312f85d235e4b4d0251,train
raw/banana/rotten/rottenBanana (362).jpg,banana,rotten,local,v3_cc0d7bcd90f1f2ad955ffd6c706058ef,6368f7e46f7545f090d3f027136388e14b3840444063639f0c1ee98011c0c0f3,val
raw/banana/rotten/rottenBanana (363).jpg,banana,rotten,local,v3_960c965a9082dc96dcbd9339d849734c,3a4c608027c8eea098471be6ea871e1f76eff83c9c8167684eabf15c04f1d69c,test
raw/banana/rotten/rottenBanana (364).jpg,banana,rotten,local,v3_70af676d18baead4fd4953e59ffd10a5,90634caa2c36278e317094498be01f015532aeaa188b9572c0d468ecf0a47db1,train
raw/banana/rotten/rottenBanana (365).jpg,banana,rotten,local,v3_39512a35c155fe4f95bb5f13637b6245,91054fd9179593fb4a9bb500539ef8f72e7974292be9b808524ad0ef36008c4d,train
raw/banana/rotten/rottenBanana (366).jpg,banana,rotten,local,v3_ff5fe09f747d9ee52928673d79ea9323,b9fc05c6e1db1c29c10e55d97a22790750bda6b14c3957dee00907cb503fb8f1,val
raw/banana/rotten/rottenBanana (367).jpg,banana,rotten,local,v3_3ebcc3d744eb2d5ca288c2aa99143735,9bf60981400e6e1f295b87c2f2383713cd6d474bdae05e4249a58d10edacf49c,test
raw/banana/rotten/rottenBanana (368).jpg,banana,rotten,local,v3_e111724b77d97e927f377ae2321e86ac,7eb5e2b415de79f11a2d1e21a6eee5ad659803c0d13f471a7f154304bf0ea9e1,train
raw/banana/rotten/rottenBanana (369).jpg,banana,rotten,local,v3_6b9100509970dd68632a84f6306fc609,4f418cd453445ef44c71d241e41cb1592009d0f2d97c323f83c4f72e98cc8828,val
raw/banana/rotten/rottenBanana (37).jpg,banana,rotten,local,v3_9e7ebbc52f8f77e0635f244aaa337a21,413017128ce12bcd2c2135a4dfadab7dde24245ca242bdfd20ffd599a43a27c6,test
raw/banana/rotten/rottenBanana (370).jpg,banana,rotten,local,v3_6bd90abc9832f13f893f0245c6a74698,3e02b4b8c221f2fe7c1877109e229941b0873ebddd411047d86b065dcdd5ab2b,val
raw/banana/rotten/rottenBanana (371).jpg,banana,rotten,local,v3_5557ae77974971b255bf991cb159d3e7,dc213064fecbc83c3dd5236245b5ea6a2f0b2ba0740cab0aff700224e6702a1c,test
raw/banana/rotten/rottenBanana (372).jpg,banana,rotten,local,v3_3348d5158c608a1571107ff031f041a1,ac35fec45bee8f8af355addf074c64b0639e45d57ffa57f64ba806ed55ef3d24,train
raw/banana/rotten/rottenBanana (373).jpg,banana,rotten,local,v3_e7637b5ed38df458f52ece1ff7258061,4d0231d56c0a8daa811b92e91df632ae3c419f4c97f6e5063f2ee45d3cfb5624,train
raw/banana/rotten/rottenBanana (374).jpg,banana,rotten,local,v3_6199e7e8332d138dd8a8a14474dc83a4,f274b8ca5709857e87745ace3dacb2b0c7d7df45b144a246fe8d4b7a157300d6,train
raw/banana/rotten/rottenBanana (375).jpg,banana,rotten,local,v3_d4e70ce6953e9e0459297be7430d8a1c,93c718a635413310c049159687b869153ee2ebe252a67a7097e260124296de2f,train
raw/banana/rotten/rottenBanana (376).jpg,banana,rotten,local,v3_ba2f40dbfa324706a0189b3b755475cd,8fa06d510b6c3d98054f207dd19ac0ba1d83dd5aa2b2ccb5a93dc692ca88eb76,test
raw/banana/rotten/rottenBanana (377).jpg,banana,rotten,local,v3_469494ab13285798ca7c581400959c7d,ea1134ddccb697666a5de04d888ddc28fa179f9f28026e0e08c6094a3c090281,test
raw/banana/rotten/rottenBanana (378).jpg,banana,rotten,local,v3_e479b55c891539dd727ca00f50486f9e,00bc4fdff0f26d68ac0794196d86fe3294a766ff98f995280d5954446c5cad1f,test
raw/banana/rotten/rottenBanana (379).jpg,banana,rotten,local,v3_1dfa8b20a9712e91a0e152114c1b66b2,03ba137cc8f884b49743dce79e998ea6d8d8ac396b5d458c9ae9d79b32040aad,train
raw/banana/rotten/rottenBanana (38).jpg,banana,rotten,local,v3_ed411c0a9be7e045a27fddc409340562,c322b4b6ec58928e5aecf75d1685cf6daf0f7f4a5b1294af9a960463629be775,train
raw/banana/rotten/rottenBanana (380).jpg,banana,rotten,local,v3_cfb7881e72f8f25f61322cfcb33fe4b8,635e64c674fe0d0a8d9ea09302155f11019a5d3e2b85c686a2716666d35c4840,train
raw/banana/rotten/rottenBanana (381).jpg,banana,rotten,local,v3_a98d35a3b727daae74bf53e8c97cfddf,79be25ead5501228c7c2ed10a80dc09e4693a44656451e1b3af0502a60e82164,train
raw/banana/rotten/rottenBanana (382).jpg,banana,rotten,local,v3_432dc7ff86ec6425a08b91d6338a836d,60c4e24aa2010fc2b653d8233c606e5cb05f8ed58070ab7c38aa8c1b40f44752,train
raw/banana/rotten/rottenBanana (383).jpg,banana,rotten,local,v3_fe344c89a1a7eea872518967f1f6a2b5,c65c8a755e93b76b6bbf89c27ee1a0b3623dd3dbaece16101fe5ceb2137a033e,train
raw/banana/rotten/rottenBanana (384).jpg,banana,rotten,local,v3_a8e06b379e0be56c6207df54d1c07727,80c6e9a50bec21a4aa9f6616002b6f434d0faefe04ad3a71634e368dea1cde9b,train
raw/banana/rotten/rottenBanana (385).jpg,banana,rotten,local,v3_36288a744e676a9d9ac57f847476ed23,de887e4d78635e7f025ec7eb036ac453d6c913b01118d73f2bc6589cede19ac7,train
raw/banana/rotten/rottenBanana (386).jpg,banana,rotten,local,v3_4a13a7d4be23f5ecc8922789cb73067c,ca10e2fdb2412bb900e9177e39303cb8b2efeab8d9f94f429fbdecc8d25dde78,train
raw/banana/rotten/rottenBanana (387).jpg,banana,rotten,local,v3_e029c51f440a6ec657260382f2cc0eb2,8d0e2b6b55a89f389f7217f63fdca1c9867ed7b5abf7ece86d15e0574ee4b231,test
raw/banana/rotten/rottenBanana (388).jpg,banana,rotten,local,v3_58f3500b6cf03328e51ef387777ad94f,a7e80b29ac38c2883504c002a0213ab2e8db5c1e2ef1206601f714d12214e3be,train
raw/banana/rotten/rottenBanana (389).jpg,banana,rotten,local,v3_02b3670dc8c213ec480c90c70efcc739,18d75c96e29703fed8b9bfa844ce1b2bbefaed34cdadb722641e05d48d58d58d,train
raw/banana/rotten/rottenBanana (39).jpg,banana,rotten,local,v3_f7b7d459adae5335843686a798c18c5f,3f867d59b831d331d91b9fb7c2ee223703de4865071fe9aa2083495e2bba77c0,train
raw/banana/rotten/rottenBanana (390).jpg,banana,rotten,local,v3_6fd2e1ccc92c4a60c4ef8814f7767164,e4942ee3d75a7da8351b10ac3c4e9e90b369dcf2cb91d7799f356cda8939776e,train
raw/banana/rotten/rottenBanana (391).jpg,banana,rotten,local,v3_b4e3dc0259094ed5e6fca8f18302b3ac,270f18cd711346ac37cc478208364c63e955f2362b328cd2bdd02ab9f5726e23,train
raw/banana/rotten/rottenBanana (392).jpg,banana,rotten,local,v3_836135850c573076b432f630b5129965,779e5f015f82cab4fb8174b9f9fe372bc10ef3e03815f19f9157fb2ca996345f,test
raw/banana/rotten/rottenBanana (393).jpg,banana,rotten,local,v3_c1e20ac5e64f2cf758c0b728f2fbf0a0,b1dfd4393c49b0b27e45180891bf36880b1e0cefa682f214d9c97a44afa8f004,train
raw/banana/rotten/rottenBanana (394).jpg,banana,rotten,local,v3_e14b1e45ae3e2cb6e8e3200007d13b7d,afeccc291f3e1f01941e0b1d7b71f8ebcbbbcce7f92e2ba0b7cc9c896d49c590,train
raw/banana/rotten/rottenBanana (395).jpg,banana,rotten,local,v3_2996cbf7450567a82cf558315dea456d,9a86b14a4e848855da21625d5beb314a17528b775f74f825ce75402b852dbf37,train
raw/banana/rotten/rottenBanana (396).jpg,banana,rotten,local,v3_edd4725d3c9fc89a72daf3e5f6c88236,1a7585a6a6ba145edd2a01f56aa12c209950f511d2934ef5b99e02dff3b34f59,train
raw/banana/rotten/rottenBanana (397).jpg,banana,rotten,local,v3_8a4baa7ca255d6d831ec40b0bc473d2b,d9590db5224af6c7eb748056e854ca362e6fa7e1c451a9502c94ffb484326730,train
raw/banana/rotten/rottenBanana (398).jpg,banana,rotten,local,v3_919f85b6cc56dd03add0b8920b035124,111b932aca9d36677eef2d85e59214e5b28ff3aa42365f29ffa71549b50dbed0,train
raw/banana/rotten/rottenBanana (399).jpg,banana,rotten,local,v3_72672dda1af081337e5e07b43f279b42,21851504f43e96539e75da19be88eb463ef4f59d3e0191564fd8b5771268f752,train
raw/banana/rotten/rottenBanana (4).jpg,banana,rotten,local,v3_3e7903d590496fef47d680360cf66fcd,35445c06683a6b0fe20404a3bbfb2365c4f5cdf0dcf1d5aa4ea0e1c21bec3f19,val
raw/banana/rotten/rottenBanana (40).jpg,banana,rotten,local,v3_325b8bedabdb2fdf8d733dca8dc61190,6c3569856588008d4b0412001c7098493719868a5b10e41d291426a57ca77296,train
raw/banana/rotten/rottenBanana (400).jpg,banana,rotten,local,v3_155a09c01c463e5f1b09f3bf3c7d76ed,59feaa6f84dc15e970ea779e70122779952fb5d91b45c9016558d8cc2b9def5e,train
raw/banana/rotten/rottenBanana (401).jpg,banana,rotten,local,v3_a0b60801bc388c9d2c27803ed8b040ab,cd012dfb465c225cca4bca25563daf897afb63f9121859866b55e32c960998de,train
raw/banana/rotten/rottenBanana (402).jpg,banana,rotten,local,v3_9c55a8db2e169702881c40482ad62299,9b1ae714a997c8036d80bba6d5e34edaccbc7248e4803dee4d240117f5feeea7,train
raw/banana/rotten/rottenBanana (403).jpg,banana,rotten,local,v3_f640b00df0dd6e064e32d4a32e5e5851,9019b3c3cc29090824e87a734a7d50454619258e4740f88fea986e813a12def7,train
raw/banana/rotten/rottenBanana (404).jpg,banana,rotten,local,v3_77dbbaba1bbbb69945fedbe716696888,0d0882d34a2666cf3ba9d00ae06c15570dff46a32f4a5ab2dd7e2e52808e9d14,train
raw/banana/rotten/rottenBanana (405).jpg,banana,rotten,local,v3_118d950513590bd6109cbfccb3475b82,94a7126a984f000cc84da4c54e1e0b12e3238597372a6e6a169cc3af0fc07739,test
raw/banana/rotten/rottenBanana (406).jpg,banana,rotten,local,v3_24cadb639ada3826af54c822049f59e4,9bf17df5bc8ff59ab71229501be4bf445c5cbef6a1878752ce3b9df6c1488cee,train
raw/banana/rotten/rottenBanana (407).jpg,banana,rotten,local,v3_01577c973a0e8481a394e37ab08697cc,836cf976bbb073fa86d9c5605cbbeb8cf5c505349ae489419321de8444fa46d4,test
raw/banana/rotten/rottenBanana (408).jpg,banana,rotten,local,v3_6c5b915b29be29f324db6a1f4cb2286d,14aa9fb764ce456a62764c38f122880b825fd1871a6ef9d64f6a52b9ca5067c8,val
raw/banana/rotten/rottenBanana (409).jpg,banana,rotten,local,v3_5c71cf41a8c4a1776d9d3ff75def2c5a,8d9e4ffe6152e72e22590cc2afbacae9aded42014d42a37f2879d275461659fb,train
raw/banana/rotten/rottenBanana (41).jpg,banana,rotten,local,v3_9a57bb1aae43f9a1db70cf828d5409f6,ae2be0d3acf4db5c9bbc91b2c32e11d3a630f59502cb0f006627cc546f13e626,train
raw/banana/rotten/rottenBanana (410).jpg,banana,rotten,local,v3_404166514e7490e7762ad884edeb1e91,afa0feaf708a2a185bcf37b586dec94e867c7e4c8c80dba2c6925b0cd5e7f319,train
raw/banana/rotten/rottenBanana (411).jpg,banana,rotten,local,v3_21f83a32a15f087f73b50ef9df6df3f1,23d0ea6cfd842eae2c2f3606828548eb0cdc2426c1a05e1ef20c8c9fc42de7b1,test
raw/banana/rotten/rottenBanana (412).jpg,banana,rotten,local,v3_962443aaaa34dfb2d7c50587a02c624a,5d72744358fb12f8b4cad1fba41fe188e92a3e31e4e3d536aa15d1600e12c141,train
raw/banana/rotten/rottenBanana (413).jpg,banana,rotten,local,v3_b45a405bea9e22378a28d059b07774c7,428e744af672559fe0b81b4be9c4bebc955f64c3d8dc6230eb054feda4a62233,train
raw/banana/rotten/rottenBanana (414).jpg,banana,rotten,local,v3_bd53748380fd1e35bb69467f28dcbd75,98c35e7a4addd92957a817e558ea73c5331a4e5b20c50b9e4b11e46b4aa0df42,train
raw/banana/rotten/rottenBanana (415).jpg,banana,rotten,local,v3_0e804bca33bb8a9bf9d9f2087e7c5498,0b0da53e37ce38b4e43aef5d5e955c7f05180ccf8fd091be686f2975a3cfc740,train
raw/banana/rotten/rottenBanana (416).jpg,banana,rotten,local,v3_1da9afb3bc644e4dc5fb0b97b9e6cbde,63981d0f421b3a92a0c6dcf6bc3cb88d696da9c8de30c2ffad424da18a2deb71,train
raw/banana/rotten/rottenBanana (417).jpg,banana,rotten,local,v3_8907515946559a9e86ce30cff9185531,df3cafb7eb90621624849cacf62307eb7cba12066b8fd105df73e7e7d5bc025a,train
raw/banana/rotten/rottenBanana (418).jpg,banana,rotten,local,v3_6ff1ac94dccfe07aff117035516002b0,d0cbcb5c959bda6085b29922eb977c94f487df9bd39c264a71da57e15cbaa5a0,val
raw/banana/rotten/rottenBanana (419).jpg,banana,rotten,local,v3_592ebb325572debdc462cf0a2b8fdad9,2a98573ee1129587b69b120562c3a430efa2023db3eb788fb8e24aa0f779b190,train
raw/banana/rotten/rottenBanana (42).jpg,banana,rotten,local,v3_21dc15c1c721cef0958d47ce28a4b305,bbc396d9ddebfbb335db056f0b08d24edfe56c71c868d48cdcc4eed10464b6be,test
raw/banana/rotten/rottenBanana (420).jpg,banana,rotten,local,v3_d265d3d6cd1c25ed23dfc5c0b73a2c64,b6258f46f49213a042df912597da831683f786440fae8fcf3b7d0e9d5a44bbb7,test
raw/banana/rotten/rottenBanana (421).jpg,banana,rotten,local,v3_bd80222138ae4de4a8af25ceed1bed52,6a01ebaab58e3c4acde00484b4109d0f4d5d9175fe41f3b4f6ce72ebe69500c3,train
raw/banana/rotten/rottenBanana (422).jpg,banana,rotten,local,v3_66a04fefd2b5de31f014bc601974ef67,b063aacf04c55977006fef0405305ae4a251e3ee3e729e0b8a218055c6c7d443,train
raw/banana/rotten/rottenBanana (423).jpg,banana,rotten,local,v3_09662624ef331d093c5c6e2dda905e9d,e2b7b8843dc85703faa3bce5a8042c67d7455616b2baf1d54574633ff3db7f69,test
raw/banana/rotten/rottenBanana (424).jpg,banana,rotten,local,v3_a2e3e6f232b0251350806aee80646e46,f41ab11f4b97356ce5152cdf4e5ec6b6b9ef5c4c696cb4c17c0037473ec9e875,train
raw/banana/rotten/rottenBanana (425).jpg,banana,rotten,local,v3_27b7b3495bbc5976e9ac7e1c849e3155,60be5b08a174f38c3825c8553e285160158cc7e01f43c32e4f5a1c8571f17a92,val
raw/banana/rotten/rottenBanana (426).jpg,banana,rotten,local,v3_36fff69d5bd55239bbfe8db9b2d882f2,2d2f35f0b990eb25ce5f2552fea1704bc33815e96d8a2f64decd118f6a945ae9,train
raw/banana/rotten/rottenBanana (427).jpg,banana,rotten,local,v3_d8cf97d2207ff45bc6e97128fb7457d7,7ff83d638f5c3095786f82675ab13f66bc862968271fd3c8837ecda9d36d335d,val
raw/banana/rotten/rottenBanana (428).jpg,banana,rotten,local,v3_e9774b4147412cec60eebf71840e83ba,52438c87ab592ff5515cbd1efe1663f5608e5f242eb22aa7567dca3a61a4a3db,train
raw/banana/rotten/rottenBanana (429).jpg,banana,rotten,local,v3_b6ee37ba7a244f51044c0f30ca73ca7a,b456e45cc1f17032c9848fb6ccf5356e8ee7f4887ffa619e668d2741b36995f5,train
raw/banana/rotten/rottenBanana (43).jpg,banana,rotten,local,v3_10cb59b7911a77da2ded303afd072392,1c120358747a8ed29c360f855b43a5229bf650556592d256c054c0cc296e8a34,test
raw/banana/rotten/rottenBanana (430).jpg,banana,rotten,local,v3_7de94320d3f89c64d2f545916b4f9924,eb64a04a7ce00d249d4ec3f33087cf4493a419db11d95b65523cc96bc2422f03,train
raw/banana/rotten/rottenBanana (431).jpg,banana,rotten,local,v3_da3fd6986345b138fd1a3e5ee25d66ae,386ff229bf58e8895db1052babe1fef7e9b363c2ffcdaa87df99fc8d8f48a5b5,train
raw/banana/rotten/rottenBanana (432).jpg,banana,rotten,local,v3_fd30eb32d87c8cd4266a08799dd27f20,c81f6792c20f140dc5bb68e839a5a08ce9288f3f90b3fd35d8d9ab957c6b0736,test
raw/banana/rotten/rottenBanana (433).jpg,banana,rotten,local,v3_2578729e85a1bbb991b045fe997630b0,be65b1ac44eb6ca102bfe94091f4321d91cb26e148a9abc964e7ab186f6abea2,train
raw/banana/rotten/rottenBanana (434).jpg,banana,rotten,local,v3_f7fdddf957bf078dc8c5a16bf8f76a11,d3b771f33b76368d2e8b52319c71f106d67c2629c0dc3e668ddde1dd4d6761b2,train
raw/banana/rotten/rottenBanana (435).jpg,banana,rotten,local,v3_c502e9c632f7ed547d33d26e1f87c1a3,a85076e5ed1d23e0c575225dba664de3212a14771e1a0536badcb71a1681f8f2,test
raw/banana/rotten/rottenBanana (436).jpg,banana,rotten,local,v3_1506632a8fffa05dcc00c3f3106855c9,3e7a2148d54ff86b53e440f301fafa6817ab081c1700e09eed282a08eeb6c872,val
raw/banana/rotten/rottenBanana (437).jpg,banana,rotten,local,v3_9f0b7f14085090e1abb293a45a75d467,45b59c4214c632246920209952c75cf7ebf890ea64c34edb388d611da282b603,train
raw/banana/rotten/rottenBanana (438).jpg,banana,rotten,local,v3_e11047dc5782e2407f992880acff728c,5bd0ada9cc38ead28bbd23b850c7dc4f75370cb9d3fb8a5175f406a660e908a0,test
raw/banana/rotten/rottenBanana (439).jpg,banana,rotten,local,v3_9b7ac694eae47b779239a180043b3187,aa27d6a50e2f6b9050990d220bf5ecb41d8ff77e6a1553a0874e708a68b06502,train
raw/banana/rotten/rottenBanana (44).jpg,banana,rotten,local,v3_820631f147ad00b6e9b8e004208d4c49,f623795ac37da7d4d2795a7aede893a0ec7cab23b9d21c508562235f6d8e9f24,test
raw/banana/rotten/rottenBanana (440).jpg,banana,rotten,local,v3_7df0f016a7b7438d8c5f5df7accebf04,982b9dfaec65607584b7055c292a9834299a514d6508214318658c8b198c4a86,val
raw/banana/rotten/rottenBanana (441).jpg,banana,rotten,local,v3_2ceb1bf2b714adcd95eb47921c7f5844,775f960f006d2e43d653aada59dd00692ca7f541f0f03ba931d3aaa19eed4103,train
raw/banana/rotten/rottenBanana (442).jpg,banana,rotten,local,v3_0718bcafcb5e37b5617e1171c32905bf,8f9440fc0ff633061178c63897ffe6bc294bb19af723543eecaf55c20e5535e1,train
raw/banana/rotten/rottenBanana (443).jpg,banana,rotten,local,v3_0101865de579b39f3f7df33adea0d630,35e328138f06bc4a4f3a4a71bb6064d7e646a302828d05930ac99eef694f3e73,train
raw/banana/rotten/rottenBanana (444).jpg,banana,rotten,local,v3_93d9eda537f6dfa1a100cb82cc0d316d,afb58baf8197c0a02c81edcd8e34ef41027ca178ccf3b700bfea5c2f97b3c6a6,train
raw/banana/rotten/rottenBanana (445).jpg,banana,rotten,local,v3_c35cda2b0e8625c692fda22cf6dd2b19,7e3e5613406617f1b87b995d3bbc76d8398debaf6741e0fd0746df7ce63a480b,train
raw/banana/rotten/rottenBanana (446).jpg,banana,rotten,local,v3_902ea7c71a32949c599417a398080393,383c9ed4f17dfcc141102fe0c456a2da2d73b29e3eb86fe4c782d11b1302f0e2,train
raw/banana/rotten/rottenBanana (447).jpg,banana,rotten,local,v3_8b299e47d571bb7f07e3e075ec4855a7,fdb4dc3e0f400a082fe7e1dca5b724ead9e6064019ae4fa996fdd4fbb4aef043,val
raw/banana/rotten/rottenBanana (448).jpg,banana,rotten,local,v3_5df5ee7a631aeda67eb3e72772acbe0d,975c2b8ddcfd722d20244c54c26ded56bb58bf9c6fa7d33f94944fb56f06610a,train
raw/banana/rotten/rottenBanana (449).jpg,banana,rotten,local,v3_774f5c357bb66db4d81e49c6722112f2,ce947aec851467aa07c16a7cf864463e2faba931086c457f86c0303c55e638bd,test
raw/banana/rotten/rottenBanana (45).jpg,banana,rotten,local,v3_cff7138b16ac952a8c48d1a65c8cf4c9,9871344fb857db8630dede0d1c4a89b56901946683d1be3cab0ea5a81adcfb8a,train
raw/banana/rotten/rottenBanana (450).jpg,banana,rotten,local,v3_61736f4d6a046939b62ef39173370d1b,d87d23a7aac439013ab3e9adc1691be20cbc4acc54c4c925d6236a8af179adc0,train
raw/banana/rotten/rottenBanana (451).jpg,banana,rotten,local,v3_136a1d5bbcffb01dc62658d94753c5f8,14b29b1df3eb63e10a894ada61428aced838d3e6d52ba95a7c494e777e5670e5,val
raw/banana/rotten/rottenBanana (452).jpg,banana,rotten,local,v3_aa880f0ac3d97af2d89856b70fe65502,1321ea55ddccfed237a2f162f5741e0da589c50d7ff9a34efec9776fafdbe8f6,test
raw/banana/rotten/rottenBanana (453).jpg,banana,rotten,local,v3_56e731bc147b42e9cd2220c62a1d1594,0adfd023cb337494c390a15a40510a332337545b0c27fd7e2e21fccecf209cb1,test
raw/banana/rotten/rottenBanana (454).jpg,banana,rotten,local,v3_37c56dc8cfae7aab5070055efb7c0d7c,5fce9d983d5ceb61fa34f997c77e003a9cab6793d11172100fa6df6bd1d8d874,val
raw/banana/rotten/rottenBanana (455).jpg,banana,rotten,local,v3_01b889b52d6449ee38f7a137974fca07,4eb3dede29b42f31d52a370111da64d8ff6dacb6d40a3bb63fe3287ee176cab4,train
raw/banana/rotten/rottenBanana (456).jpg,banana,rotten,local,v3_e6fd70bd52fff4bf79526ce7dd9aa165,926cf17727bda5148c5273cb002c95e37a9b82efe06a9f9238d3eb5af0a4b892,train
raw/banana/rotten/rottenBanana (457).jpg,banana,rotten,local,v3_30682625fd5eb8714155e412c1444683,29c9f3f429637e0a8bf9fc638943228a02fc70656bcff81dfff732a47ec6c5ad,train
raw/banana/rotten/rottenBanana (458).jpg,banana,rotten,local,v3_ad2ab138766e95901d01ba25913a8936,86e10089d771db8ac044dea612aafb59b13a8cab78a1d49553ae68932a961ecc,test
raw/banana/rotten/rottenBanana (459).jpg,banana,rotten,local,v3_854e4f74a9a97cf2224d8dda5bfc9819,c7641bbfcf7d962a530ecd9d4e4522757af0713abe68009ccbad5ebfc065536c,train
raw/banana/rotten/rottenBanana (46).jpg,banana,rotten,local,v3_44ceab454e5ea288b58fed8c29b9f7da,f69d867bd5bad5f872b58696ad62fb911925b4bc7478d3b0344d4117ffea7371,train
raw/banana/rotten/rottenBanana (460).jpg,banana,rotten,local,v3_417665c6622ac1c4023ba100fee674de,5e7323d495827812bc83fecc594a6f4f2e819a221d6655803377eef5d7e347d5,train
raw/banana/rotten/rottenBanana (461).jpg,banana,rotten,local,v3_fae7c8f536d2e30a9ec753bbba9016bc,814708f9d57170726573366a2e17dd892dbc155b71b7b6f9c8d06428ee18aab5,train
raw/banana/rotten/rottenBanana (462).jpg,banana,rotten,local,v3_d06e57a93917ea24bd0fb7ac8b09c513,cf59ac94eb89ac9a6c8b014df12c3714a4ab48c5788f48cee81908425dfa35aa,train
raw/banana/rotten/rottenBanana (463).jpg,banana,rotten,local,v3_d7113c87f5c137239358cb378eb4bf95,c0f6bf224051ac17670a24b0aa22d721d974e185b324dc18cfbee482d2224996,train
raw/banana/rotten/rottenBanana (464).jpg,banana,rotten,local,v3_979f6713b3fcf14e838d97161961da04,c0aedb4b8c18c9094e5e2fe3a6d6749c8d9168920acdcd24bdeb4148661abd6c,train
raw/banana/rotten/rottenBanana (465).jpg,banana,rotten,local,v3_de87c416c742e72789e7b821946f8660,fbc35162924b52ce0fd422369832faac425da9caef34ffb3daff5dcd92e7006d,val
raw/banana/rotten/rottenBanana (466).jpg,banana,rotten,local,v3_d6bbf4081d1719cc3462c8c765913e28,f4873e54d40fb9b6b5ec915f064a8c3820a3e5f49025c07a8126b4e0b922b25e,train
raw/banana/rotten/rottenBanana (467).jpg,banana,rotten,local,v3_4e14d43f600aa84e79833a407de83385,b8cfbf4ba09f77afa82cb42fd18653f5c1ae6eba612759971268f37b9cc71f3f,train
raw/banana/rotten/rottenBanana (468).jpg,banana,rotten,local,v3_b94e1b1ebbb0f2e9d3500a2f17b563f1,090fdb3664ee6a45d4e551f72b69f7614f49865ff8e0aada7f5a494711d53155,test
raw/banana/rotten/rottenBanana (469).jpg,banana,rotten,local,v3_8d23a57e1ce1039bb09be98f6f3aaf8a,a40cb37150628cda6e68167435970c771deb35a293f0f039b134f84b985b05e7,train
raw/banana/rotten/rottenBanana (47).jpg,banana,rotten,local,v3_ee64f43933b464ddc2800f7a662adad9,f22c80bd7938ec0aae484d1a8c5e3e7149baf7eb2e29f7c7f25a97530f2c33e1,train
raw/banana/rotten/rottenBanana (470).jpg,banana,rotten,local,v3_82f8e20fcca06454f29a6bcd219eb84e,cb6d34de9e46bc9b652085f5d4fd1b8ba3017ffd69d08237957f529c2530337b,val
raw/banana/rotten/rottenBanana (471).jpg,banana,rotten,local,v3_560375ed3508ff79913decc97bcaece6,6b98262ace1c141a0d719e1f6dcf5d7f6e22c2b080601006f31e0a4458a9f90d,val
raw/banana/rotten/rottenBanana (472).jpg,banana,rotten,local,v3_214d8a0302407bf0f531cb9505f277be,4964a00786d13ef6aafcc0251af2746d63bc21259d60a23dcfa362c4dcaa8ee5,val
raw/banana/rotten/rottenBanana (473).jpg,banana,rotten,local,v3_d4b2c4b40016c3ab60c5f6f249106097,281600d789ab512610b749536508913fa1716ca7b29ceb53524046a28f09e4c1,train
raw/banana/rotten/rottenBanana (474).jpg,banana,rotten,local,v3_d673e2dc0f2233040ccf0b48c66b32e9,9c0e9953381aa9827dcf1bed67ec33aea01dc10fa14eecdb685344abb247dcf8,val
raw/banana/rotten/rottenBanana (475).jpg,banana,rotten,local,v3_b2f2879331131a39233a9bf28a87872f,51a450d4a6124ff7e13a32a57f832d88bb51f35fdfd8989457aeb4c181be0869,test
raw/banana/rotten/rottenBanana (476).jpg,banana,rotten,local,v3_eaf8aa155780bad85a798e3d5297a9ae,0e83c08fc51da970635296b3193d1b1dd93319adec3ef169ea017c458c3c8ba2,train
raw/banana/rotten/rottenBanana (477).jpg,banana,rotten,local,v3_5e62064c67cc4f0453174f9f66c97d4e,06143daf1ea1ae768f5584bba3a27314c455f529ff56b1b44b80a091f7dcfc18,train
raw/banana/rotten/rottenBanana (478).jpg,banana,rotten,local,v3_3fe92d911d465d88f8cdecb55d04f4d4,a6e7d793400522a3b74ed9402026d1f187421c091307c014a3b76c6ea1dae410,val
raw/banana/rotten/rottenBanana (479).jpg,banana,rotten,local,v3_c15e6be188912e1049b014d779186b2a,44d74ce2ae0f5c551a009092cf92baff983085015a6061c663944c9a163edee1,val
raw/banana/rotten/rottenBanana (48).jpg,banana,rotten,local,v3_76951c064fcb56ab29f7a2e826849ea3,27aeda822da43b6bc986a0bab68f52b49fb442e2d0a0abe87de92fc903dcc008,val
raw/banana/rotten/rottenBanana (480).jpg,banana,rotten,local,v3_88caaaf57409252ff3c31f247f3bdbfe,5bad315663d9dc333d1dd1d7eed9a77ab328a65ea1a692d0603ad9534627f623,test
raw/banana/rotten/rottenBanana (481).jpg,banana,rotten,local,v3_c5629f49da4a9486d998fc07a54d5f7d,457779e683c4522d23e12785be7220a4e0ce0b78675367c27b62bd9c77ae8e20,train
raw/banana/rotten/rottenBanana (482).jpg,banana,rotten,local,v3_3e35fe508cda5ca4133a780c776f8b75,bfeffbc74d63ea5d3dcd70c684b495435d30879ac141321e1307014b0c482fd1,train
raw/banana/rotten/rottenBanana (483).jpg,banana,rotten,local,v3_8b86cf20fb3d84771d03adfb9469dfe1,73d66943b5006b56322d5dc6e3a00fb78b3e0f489add6f2f40352ea5e168013f,train
raw/banana/rotten/rottenBanana (484).jpg,banana,rotten,local,v3_9c4f5305e46981470b75456136206661,bcdbd999ca2fb2b0365a0e28a76ce21cb48654c2c0e952cbe4de5b51a49bbc51,train
raw/banana/rotten/rottenBanana (485).jpg,banana,rotten,local,v3_c42b3225309aca3a12396bb9089c8e85,21461aa4362b1349fe9629dd65bb361f971e5223c9e0d6668a9a9bd3cfed8464,test
raw/banana/rotten/rottenBanana (486).jpg,banana,rotten,local,v3_29f2b6ddc6f0faebfc57077836a2f54a,84529215b8f850e33e5f755aeb0d6e118a38ccdd47849ce6f2aab552c60381bb,train
raw/banana/rotten/rottenBanana (487).jpg,banana,rotten,local,v3_c452a41721f7a2ec4e74802846e73d41,8be79efc8801108b3ca4f92ec3c671073786e39842c47e4b2f297b4b62a4a7a3,train
raw/banana/rotten/rottenBanana (488).jpg,banana,rotten,local,v3_a3a9c4dcf5f661ec710f9ef92ac3d85e,599c8e9f5e7447ff6b657f1748f741b440e0739df4ea65585fa04923cea40e8f,train
raw/banana/rotten/rottenBanana (489).jpg,banana,rotten,local,v3_b94971859a517efbeff876912e65a10c,a5fc3a736d6a59c1520ff3391653fc6849ea57951bfd9997220b84b390675d95,train
raw/banana/rotten/rottenBanana (49).jpg,banana,rotten,local,v3_ec621d5f441e3581c3c40b08b909b3fc,1fe2d699ba2a082f249157925ed646a48891fbb737ac84b01b91e724a95c7906,test
raw/banana/rotten/rottenBanana (490).jpg,banana,rotten,local,v3_0226c4f47ca7fb5cf7e40a0c728f8728,f27c29f21bc38e21d5fff0902bf6806a5e12368ba1425275032172bebc3ed304,train
raw/banana/rotten/rottenBanana (491).jpg,banana,rotten,local,v3_0c068df4f845edeafc7f0098e1a9fc14,6c9eda6871d9cf582b66a865bc103efab83378e3a40c377795325524684dff23,train
raw/banana/rotten/rottenBanana (492).jpg,banana,rotten,local,v3_791e09c14eb354ab0d6994eae50161e5,280281e33b59597b486cb3686b369fa952598c1b22e12d868f97e8717cc5199b,test
raw/banana/rotten/rottenBanana (493).jpg,banana,rotten,local,v3_5491a7b6b0f8ef2e75f1bc3ff8de3ba0,8b7b1e8b307e7c7644b1ac885b0b1f70288a79974907d57ad421206a5acfda46,train
raw/banana/rotten/rottenBanana (494).jpg,banana,rotten,local,v3_87537aa1da9e18c83e6887b592fbff19,0bca39c9d98de638033020573841b6940d9f903fd9a000cb56bc09170c65de66,train
raw/banana/rotten/rottenBanana (495).jpg,banana,rotten,local,v3_119f0431d8aba672ef163783700f47fe,764e4740400972f5acfda0451044dfafef41d1c0bbdf8e22d064dd4cfb4558d8,train
raw/banana/rotten/rottenBanana (496).jpg,banana,rotten,local,v3_f8139dff8e2e64f97092176d12a5f0a3,e75068ba1432f2f6b96bf9ce1725ac90ad1efac99692ffe9bd72033e27bda2fb,test
raw/banana/rotten/rottenBanana (497).jpg,banana,rotten,local,v3_1ac0a7de7a6743a038183715f7229721,8ee80ced999c0b2ecbca98f74834c37f356d4b62a0cc0d1deccd06e078798849,train
raw/banana/rotten/rottenBanana (498).jpg,banana,rotten,local,v3_60a6c49479a88e4ff84ec194f6acc07f,8f7f84c251bf1e20d0ee22181d112976e62b7d4cbf7cad37930f66a77cc3e645,train
raw/banana/rotten/rottenBanana (499).jpg,banana,rotten,local,v3_df9e9fea9eedbf5ce48f9655372f8ec2,e0204a2798c9aa9c3fd48dfac95f9b14d75160450c945dee6d695ed29f56d3f7,test
raw/banana/rotten/rottenBanana (5).jpg,banana,rotten,local,v3_851fbe643942f570419448841e519320,dda59d119e5b3985b4d7aba73dacc8e579ed5bcdd22d6151044fddd7f9f76fec,train
raw/banana/rotten/rottenBanana (50).jpg,banana,rotten,local,v3_d64a90f95a7e830c334d5866e6f7cf5a,99ab431569c72251b7ea7aaaf651532af7adfa91c0b6de3d5b39a068b5fa864f,train
raw/banana/rotten/rottenBanana (500).jpg,banana,rotten,local,v3_5abaa549c46ae1baadb2525539daa510,fd1c882bf583ab99e1397e10bce9d41d627f283b4c85880b58277776c827cc35,train
raw/banana/rotten/rottenBanana (501).jpg,banana,rotten,local,v3_2665d5e6ef53f8b28b5d83e38983e403,9dd9765f8021f576e7768a3c73f7ae2e9211ee22fd33c1aaf9f279f79c24be37,train
raw/banana/rotten/rottenBanana (502).jpg,banana,rotten,local,v3_c8d7797b725d2f455042b75cfae29254,d9cb566f79e337310c68eafd5100f997de2ad0edb0e42a9c7dd410c8c0df8b6c,val
raw/banana/rotten/rottenBanana (503).jpg,banana,rotten,local,v3_5cb1b5d9de9a9f0d8915e2e87c360862,c7d12c2975eb679f5e9a551c43f24789fbef88c79f738e49fc4652cd79856cac,train
raw/banana/rotten/rottenBanana (504).jpg,banana,rotten,local,v3_1581f73915f13dd18ea0169acb3ed624,71a4886288b6c0b09b7c21646c3c6a4156692a1626b71c238f897a2492955ed8,train
raw/banana/rotten/rottenBanana (505).jpg,banana,rotten,local,v3_248330ac8973295bb8a1b13831207e59,d0c8d47bf3e16f10cd07957c1554afe55323ad0295b383627a1fc17f9efa78e8,train
raw/banana/rotten/rottenBanana (506).jpg,banana,rotten,local,v3_7185f5edb650cbb71e79ea7f04291bb0,e635e797a1f9d51e802b8d6588621fa589c1e8be6c04c63a1f2283e2b2453e9c,test
raw/banana/rotten/rottenBanana (507).jpg,banana,rotten,local,v3_7185f5edb650cbb71e79ea7f04291bb0,3cf2dc42e6021e92e290b1a2dbbc30409c53b9076c8d3a4b76983e4544326e13,test
raw/banana/rotten/rottenBanana (508).jpg,banana,rotten,local,v3_5179758533c3fae7c0fb5647fd1017f9,1375aec2677d59d1102f7dd3021975f3ef3f6ce36f4ded541461bcbc5e75a108,test
raw/banana/rotten/rottenBanana (509).jpg,banana,rotten,local,v3_2dcc9caf801e9e07658c07ce393b117a,e9f094d34bdf60949bbb8fa3b775bf8ebc7aac6ccd6473315bae8ba78fe5c594,train
raw/banana/rotten/rottenBanana (51).jpg,banana,rotten,local,v3_b54668b8adc2d783092ef95a76362e22,fa0f86a0b7a4fec2d9cf3babb16146516e64742100fae2be29dabdd4034ba927,train
raw/banana/rotten/rottenBanana (510).jpg,banana,rotten,local,v3_f998148f27c9c62b78e556be86648f98,3964036705efd83a7690da30bbdc04e3ca41571bf85abd99d6555a168aa09eba,train
raw/banana/rotten/rottenBanana (511).jpg,banana,rotten,local,v3_35a86cb16c65eafe55d4087b8a1ee429,ac883349ba30f17afef8531c2fb8e28d9694cca92f1e2702a98e1f614a859a72,val
raw/banana/rotten/rottenBanana (512).jpg,banana,rotten,local,v3_35a86cb16c65eafe55d4087b8a1ee429,158d4db02935d6c657432927c11fda25f592f9a590740d4303360dc75e912b23,val
raw/banana/rotten/rottenBanana (513).jpg,banana,rotten,local,v3_9db8f1a21c257f73c3e95661e4d22f50,cf77604f557c8cc2ea11ee1a6fea5501955c944e84f67af07a0f024f2ccc0ef7,train
raw/banana/rotten/rottenBanana (514).jpg,banana,rotten,local,v3_5d54af4e53c152f923d8858dcb294d6e,af5820a5b8446ed0522702625caad8b62a1b8d0c0af65b5ac95ed17c8610c75d,train
raw/banana/rotten/rottenBanana (515).jpg,banana,rotten,local,v3_be11eb87b0a00d007c53af81c175a62d,a0a75f69c5ba03124f7e20171426ef396f2c363812770a8b8c91d1a75a6706a2,train
raw/banana/rotten/rottenBanana (516).jpg,banana,rotten,local,v3_c10c897ae0db119ce39258c210a02c6b,615acfa4a607415f09d9169b6bc896b4e8c649373305a5dac394f6ecd27474b7,train
raw/banana/rotten/rottenBanana (517).jpg,banana,rotten,local,v3_8905eab48d1c3bbd96e055c59b5b80c7,04c71ebdc2a5b54be4405c6bb879a3c7ffa248b1de6be22bd8b02adaaed41f11,train
raw/banana/rotten/rottenBanana (518).jpg,banana,rotten,local,v3_db287bef428d61abb75681518ffe827e,0b58fe7dacc2a9271e645a21d6149f5c1566f1858ef48dd097fbc8634165d2b7,test
raw/banana/rotten/rottenBanana (519).jpg,banana,rotten,local,v3_db287bef428d61abb75681518ffe827e,fe87608a135385334e6de4b8bdeb99f4c71af61a8c3f19d4bc49d44621661f95,test
raw/banana/rotten/rottenBanana (52).jpg,banana,rotten,local,v3_c9cca38eb3b36591813938cc0386d1e0,894c9e1bcde7d6869bdc3cbbf673a25d90fb6bd5235239779f34071276427686,test
raw/banana/rotten/rottenBanana (520).jpg,banana,rotten,local,v3_eb80b6d33654a681aae99a86e4753707,d3d65dde3de4691d10964d7bd79688a7397038fcc1cd88dc6e6b9cff0cdeb6e5,val
raw/banana/rotten/rottenBanana (521).jpg,banana,rotten,local,v3_53d45d8253f2f5f90e67fbe442d8c87e,d22a577af62d9e334ff9a9d1e2143c0ef141f058cf526b536970dccde0f36cdd,train
raw/banana/rotten/rottenBanana (522).jpg,banana,rotten,local,v3_2c06a70b4571348bc879aa1954d1f287,5420e2d5cc00705b7c795c81b83f2450e70d8adfd7b8cae87f65b0030f2ee084,train
raw/banana/rotten/rottenBanana (523).jpg,banana,rotten,local,v3_82c3a9e0b96506b965606df9a9183a23,80762c34940512621f17962841e96a532dbae5570efc24538ab2c85fefd001e0,train
raw/banana/rotten/rottenBanana (524).jpg,banana,rotten,local,v3_b3880231cbf7e1398af314bc165662c9,eee5286a7d9421ec6bef3ee57023ac15bfd9cdc4b29f9e7217258b2dd09a2747,train
raw/banana/rotten/rottenBanana (525).jpg,banana,rotten,local,v3_dec60ac01398aeadedef1c929a370375,9dde85351455ed74578851123b74bec9b8a5396659f9780cdf225321cf4b268a,train
raw/banana/rotten/rottenBanana (526).jpg,banana,rotten,local,v3_15c99e85d2d7f0e997af0ed3e5adf91a,e00182ab7e9904924068d27dc29c672dd1e65f01cdef134c0b5267f400c68499,train
raw/banana/rotten/rottenBanana (527).jpg,banana,rotten,local,v3_31da6325e6a3d5f434f5ab1e9f568c2a,28fb4394b0feae4fc6dd074b0ef2c045bf8e847d18fefdc0f3dab1de0b27ff34,train
raw/banana/rotten/rottenBanana (528).jpg,banana,rotten,local,v3_87a6499aed900f7534c3f62bdb9f03a7,dfc248875b3e52f5708963e3b3e2c25e0e496bd52432f6c00f65a27d5bcddf5b,train
raw/banana/rotten/rottenBanana (529).jpg,banana,rotten,local,v3_3162bb2e6b29498cadce489697f4873c,02b46c4d15188a24a41be6632f9dc4c11b05d51512e1bca2592ed9a63b5adc62,train
raw/banana/rotten/rottenBanana (53).jpg,banana,rotten,local,v3_85f823643f8c243353c8160110bd4074,c56f05d007d9bf4ea12ccb17e86cf6e76a73745ceafd4a26f945d6ddafcfca05,test
raw/banana/rotten/rottenBanana (530).jpg,banana,rotten,local,v3_64e5926c3b68b8b9c820734defee2803,5ba7a375050a506207031b1f39d0e6b2660045383d6ef9297ce73a18cac59138,train
raw/banana/rotten/rottenBanana (531).jpg,banana,rotten,local,v3_44c0542c5b592c0a04eb59824c6b8e9a,398d522bf618a1b6831fcd9155dc88366948243e2eb8a030a8ad911458ffd100,train
raw/banana/rotten/rottenBanana (532).jpg,banana,rotten,local,v3_3bcb8cfc7aa539cd616d99747fcec8be,a8e84e972416ad954a9166323b188f3dd07563425520a9f029eaf7bef4403fad,train
raw/banana/rotten/rottenBanana (533).jpg,banana,rotten,local,v3_ad60755a2ccb59a1a72ef16df05b3f8f,ec0952b7adac11ecb59a654a3735bedca6e226fe91f5282432ec65439789e043,val
raw/banana/rotten/rottenBanana (534).jpg,banana,rotten,local,v3_a6870c77ec52373bfa119f06653972ad,106ff8e4e489bff4309cdb17bf6f4b552ea8b6a1e1755904daeea246fddfe06c,train
raw/banana/rotten/rottenBanana (535).jpg,banana,rotten,local,v3_b280c04c5e60b5aa55b2a7e8ab30f1f6,f8890088623d5955a4d1fb481efb5d3b3ac9e7d570f81dfdd0e2da874d264d00,test
raw/banana/rotten/rottenBanana (536).jpg,banana,rotten,local,v3_2a6fb69479587511eff1f26be4ad52d0,480ee52260801ddbb2b7843e7b4d3784f8aba46a8204193d1d2796aacb24d4bf,train
raw/banana/rotten/rottenBanana (537).jpg,banana,rotten,local,v3_e9a696229f60a64fdac23194e7b0fe0e,2933e251c91b43979413ea9f976ec6708fcdac469168ac0cb7777fc89d665777,train
raw/banana/rotten/rottenBanana (538).jpg,banana,rotten,local,v3_204f7b94ab82187bc5e1e32e919e781f,be59d97ef49d97be2ed40de3a9643f57fd50f70dd31f74372bed2e06b6726563,train
raw/banana/rotten/rottenBanana (539).jpg,banana,rotten,local,v3_c23331dc1ed1cd2977d3e182ce02f06e,3e79dfc52c60c65330a34bb53f3b67d35dd7e205acdf48aabccab3eefcfc3b01,train
raw/banana/rotten/rottenBanana (54).jpg,banana,rotten,local,v3_d3bbbab2449007cb690331ee741868c2,6c49297430035ab130539927b91b1d45455252948d76bc5ff9296ccbc2cb5523,test
raw/banana/rotten/rottenBanana (540).jpg,banana,rotten,local,v3_a2fff8c2681900c54a8b9369071a9946,a1b09c60deba66e2682774d8049f3677946fa71ee76d0c1ce58bf0c643259fec,test
raw/banana/rotten/rottenBanana (541).jpg,banana,rotten,local,v3_02e857222d0d5701a9717b896e1e940b,742a80564d0df488cd528a42670d1907a7b698c8d059ee0b04f0f735a5ddd4bb,train
raw/banana/rotten/rottenBanana (542).jpg,banana,rotten,local,v3_b4d974310367daba900e172f3f90a759,519dd41d002a90f968c2a2ae2826de7797f00a9c5dd0a08ccbaeb5a49d37fad9,train
raw/banana/rotten/rottenBanana (543).jpg,banana,rotten,local,v3_01916b1da81a6123ed35c8ec4895b0e4,eec798a58db4943d41c2775f7e7b168639469c5ebca44e8fb89273c9791cc3a5,test
raw/banana/rotten/rottenBanana (544).jpg,banana,rotten,local,v3_03a675b7b0261bf37bc62e1611d32f6b,f84c76ad94965c999ae940e811a6a273f49eef54ac41d8e4e181a32662221c21,val
raw/banana/rotten/rottenBanana (545).jpg,banana,rotten,local,v3_cc3a3fef4caa39403ed490c52549c77f,a6e09bf2b2c45674ece1736b3cdc875d5a23c215a7d0ceca9343422a89e876e4,val
raw/banana/rotten/rottenBanana (546).jpg,banana,rotten,local,v3_bd7bccbbc2bdccc749e8303f4d0f52e0,49b43451693c35a5ef81c80c6c48aed408ae5d669ce39432d5bc2198bf295ae0,train
raw/banana/rotten/rottenBanana (547).jpg,banana,rotten,local,v3_ba987a6caff993280d65bcc27a131874,c8d89912fcdcc894acb915776dcb509ad7e0da55c8fad0ef7bfddc3cf8197e67,train
raw/banana/rotten/rottenBanana (548).jpg,banana,rotten,local,v3_e158364accec331c3e768f7dae85f65c,447fbbdc94e7e2ed4c9e059b86e5c9abd08f00f7bc5db31abea03455835d4799,train
raw/banana/rotten/rottenBanana (549).jpg,banana,rotten,local,v3_995f20b7c9b7401036c9c93505fd583c,6cc45fc50cea0a822ea79f589300548338bf8482eb40bc4624e9919089a8e662,train
raw/banana/rotten/rottenBanana (55).jpg,banana,rotten,local,v3_6a6177e0f780a287b426d315b310cd0e,4e0e38529bb7cf1e356f774917df5abcc83fd3148de88150723a8360158b3d22,val
raw/banana/rotten/rottenBanana (550).jpg,banana,rotten,local,v3_0bf6f195099b1dd2087fd7b4f5a4a00b,1ba61eaad142009f7e2f2b3547a2240b41c6394bbd6c90ff75d9e058344ccdff,test
raw/banana/rotten/rottenBanana (551).jpg,banana,rotten,local,v3_2512c704b50c9f44ffcbc7c2837dcc0a,8f075ae42c6bcaa89b525e25c2cfe75ff5e56f024df24865cd3bdeb8e3e007ed,val
raw/banana/rotten/rottenBanana (552).jpg,banana,rotten,local,v3_1715c7f6509958db0c7b3fb69a39eff4,1e525416fb117df6d52b77e563502d6930a500b7945e2a04823f30afadd33d96,train
raw/banana/rotten/rottenBanana (553).jpg,banana,rotten,local,v3_298d6955ecc86f2556810e255162d6ac,e2fee72db0bb298ff39b42b3d9c3f870b90092d06f7e9f81e238362e065f3b1f,train
raw/banana/rotten/rottenBanana (554).jpg,banana,rotten,local,v3_4ef5b39481e326ba92f2c65f90fa5d10,9e5ec24670825f0fd23b8fd09116020123143d56b0ef7e602208c0de3f546678,train
raw/banana/rotten/rottenBanana (555).jpg,banana,rotten,local,v3_15fe772addd89436329ffd4ab6afab61,498242db92e8e75039505fc86e9325f3eaf2624c95b21c0e00af582c25bc7e50,train
raw/banana/rotten/rottenBanana (556).jpg,banana,rotten,local,v3_7351e8f8b7bc6155c11ef0b249b27eb1,f2e06874d67307ff153ade8d4897496f616b87189ae0c5ac5f41e7b840695cf5,val
raw/banana/rotten/rottenBanana (557).jpg,banana,rotten,local,v3_59d60f990e878d67e687fb0fa6954bf2,3db2482647080375752ca4b5cc441d5bd1b7d535e53c2c148cac954d225d8cee,train
raw/banana/rotten/rottenBanana (558).jpg,banana,rotten,local,v3_c71084e8132a4229bf3834b0a66a20a0,09a9a4d12c6be998f06736c0245497d40ea9524622b1ff708f6dae0a2200f4df,test
raw/banana/rotten/rottenBanana (559).jpg,banana,rotten,local,v3_780d75a48a1f2c68c6b12bf19728aaf6,6b9d87cfa43b7c73d3be2c459755b163ecee8c7455b6beeb61b60a7fa030bee1,train
raw/banana/rotten/rottenBanana (56).jpg,banana,rotten,local,v3_6b2568e655c8448e51a0b208eeb29176,4819ec2503208fe2ae56def396d38e55938922f0f743cd5fe759f2a8e1e8542f,train
raw/banana/rotten/rottenBanana (560).jpg,banana,rotten,local,v3_780d75a48a1f2c68c6b12bf19728aaf6,5cd6dd25b3fd0e9673ad62ffadb391c8557e8a2d611931c2edf65ab8c095ef59,train
raw/banana/rotten/rottenBanana (561).jpg,banana,rotten,local,v3_19bccfc8db4637aabddcc86d87a5a804,4ad732067b455b4f4c77a826452a2644483ac2306335f2f918501dff24c01637,train
raw/banana/rotten/rottenBanana (562).jpg,banana,rotten,local,v3_8fe2c39c836c066e950344b190687cb6,8ea72bdf371c1fbca8bf0a23ac9cda1671d8ac0ec9952b0e914c37c8f7a0070e,val
raw/banana/rotten/rottenBanana (563).jpg,banana,rotten,local,v3_03319781a28bf965f2b37efc34429134,32f241c50769123b6a91bd9baf9c7f69da1d813ec614b7105e718a84bb20818e,train
raw/banana/rotten/rottenBanana (564).jpg,banana,rotten,local,v3_4645a9a5da72ee69a98f3aaf35c8c734,149260c94b9dc6b1a9109a0e681a375f1bfd3a7557b8812652708cc323f1a4c3,val
raw/banana/rotten/rottenBanana (565).jpg,banana,rotten,local,v3_c3eb573ff8e20955c71366639d835caf,a8b403b8170f9cb9a8e0bccb7ff4ee3c1579081ca649d3f1112537a481d33604,train
raw/banana/rotten/rottenBanana (566).jpg,banana,rotten,local,v3_97aaf01e03353b61488c9e266ef0e45b,35a5baaa34a3c95c0ff9bef1d09ed716cc441d6f9cd915e0bdaa3381ac1b0d1c,test
raw/banana/rotten/rottenBanana (567).jpg,banana,rotten,local,v3_a5c697c58c0b8d7ca796751dcdeecce1,588ffed85ba6fe0b4348eb44cabcefb0fd869fd6370e0da90ecb83d5e118f9e0,train
raw/banana/rotten/rottenBanana (568).jpg,banana,rotten,local,v3_14d36d8ebc9fc1416d26621b9af34559,5d81b15d2b7634ba8b17cd4f26aa12b98eff1d57f3f8be102806da844a6061fc,val
raw/banana/rotten/rottenBanana (569).jpg,banana,rotten,local,v3_462354b18981db15ac95dad007a4c15d,e92fdf4ca59e5314c897630f365d3233cab6c4fe7a7a55d4a21f1c1e149621d1,test
raw/banana/rotten/rottenBanana (57).jpg,banana,rotten,local,v3_09291fbcd458ad56430d94c453cc9927,7a2ef2e5854217cee37e408e7c1015c418adb65cf477e54db764b7062c83d955,train
raw/banana/rotten/rottenBanana (570).jpg,banana,rotten,local,v3_4ee0de1fae2b64aa69a3ca031709ff52,14320aefc892320f010ed2e59c4944f5d59749314737ace5adfd52f9e0668b5b,train
raw/banana/rotten/rottenBanana (571).jpg,banana,rotten,local,v3_45064ef89dea9d0eef6f3afcb6315a9f,02b0ef581d16d9d2473d54fc751dbb7d6a05a2144851955ab9f79a6812a3e8a6,train
raw/banana/rotten/rottenBanana (572).jpg,banana,rotten,local,v3_12a17f33c0745a6cab4610abf6e4a26e,9d7249fc61768dfdd3592a9b0d0a1441b0cf60288a89a86c2861fbac1f3be0c7,test
raw/banana/rotten/rottenBanana (573).jpg,banana,rotten,local,v3_2e7568d5853c1c2a284f4d5c2eed0174,2a524dea696db4628141f1681fe2971be565921ddb8ed25bda40ccb12f80e209,test
raw/banana/rotten/rottenBanana (58).jpg,banana,rotten,local,v3_e29b6a883d913bafac79f15008df4fa0,294bf04836b68a372180b257eae3207522b4126e79abbe25fcb3942d181c4631,test
raw/banana/rotten/rottenBanana (59).jpg,banana,rotten,local,v3_df1f9f1ce849834855e8944477465607,6f559812e7fb8776e930d3861eaf283a86609555bf823bd0b9258b2440203255,test
raw/banana/rotten/rottenBanana (6).jpg,banana,rotten,local,v3_704ad18f64472a9ac23c34e5e8dcca87,2f0519cb73544b537d3a3ad613448b83ee2d4dee1f86b30d422fc58840a8631b,test
raw/banana/rotten/rottenBanana (60).jpg,banana,rotten,local,v3_bc094917f611f36ea2adef2c4931ab33,b7620e4bc3b1e520cb0ac4fe973c251293a222069acaed0203f008451dee8e37,train
raw/banana/rotten/rottenBanana (61).jpg,banana,rotten,local,v3_adc734f75f37894c2d56bd681dbacf95,a1ad3d4b951a8a0126ddfee354b67ece1a07d9c28c27afeff89fc41eba7b30fc,test
raw/banana/rotten/rottenBanana (62).jpg,banana,rotten,local,v3_0d2507279592d77ecda5ccb04a562198,00d45b3d89f153b049b6b70a1fcfac0987e61ad72cc6959e73b66fa70c05985e,test
raw/banana/rotten/rottenBanana (63).jpg,banana,rotten,local,v3_d39ac4b5c2dfbec5b7e8a7c7841db33e,f7553065413e1c2834fcc2dd79c97b5ffbb25dc519106b402dba9618ea022655,train
raw/banana/rotten/rottenBanana (64).jpg,banana,rotten,local,v3_f5e6c8fe39220619706ffbc8cd6f7e25,afe9d3414a3ce013a839c2a26754ef8b05bc954602ddf97883ee9be1f5a5e443,train
raw/banana/rotten/rottenBanana (65).jpg,banana,rotten,local,v3_b44e42e02baec83cfba223842659af61,ffc802f979a63b58c5bd3bd04df8bef0159b6e70ca8681a882a576e35ff1b468,val
raw/banana/rotten/rottenBanana (66).jpg,banana,rotten,local,v3_88fefe5626c900bbe1fafa705c33a512,aa817afff7fd89de5aef55e7aaab0a6a7abda7df5a68e8e4c7b92141dcd4c376,train
raw/banana/rotten/rottenBanana (67).jpg,banana,rotten,local,v3_8b7f56306888fb9de5a1459448c3b890,5b392951ee8d464e6edf7cc2c879d07b3d9d7c5fc0cc701a7a25ea8acc5838b0,train
raw/banana/rotten/rottenBanana (68).jpg,banana,rotten,local,v3_59d0152daffa12c969193378568ec239,a0402b003451a7d1bb2f1d1a3e7fb0fadacf26d757a211a9190452a1d28cd25c,train
raw/banana/rotten/rottenBanana (69).jpg,banana,rotten,local,v3_1ccf67fb3f57a0318d04f716c222ffba,1360e7375527bd432a905376004f749422962099cb16b39067ab4c30bec7a5aa,train
raw/banana/rotten/rottenBanana (7).jpg,banana,rotten,local,v3_2a93e08d6f0775c42a51d278363650c1,83448e5fbee3411c461e06333501cd1f3b0e855d2e8d22b3f7fa405476fdba63,train
raw/banana/rotten/rottenBanana (70).jpg,banana,rotten,local,v3_df5da90bd48ae1cc87f7aee8abd510e8,59d2c5a9cfd650b6c0187a4339de20a226cdd7f3d04e2d05f13e89fca9ef1de2,train
raw/banana/rotten/rottenBanana (71).jpg,banana,rotten,local,v3_76b3bd12b2c21ecdad82fff0cfc36244,6670064cdd1149140c26154fbfba6ee0626d94e30d1861dfe0be5b8805b0cf53,train
raw/banana/rotten/rottenBanana (72).jpg,banana,rotten,local,v3_fe59bd1cc1b005e89965a6b67cc579de,4f5a7d6870d9bac9da6140bfddf49c3726911cc1f9866b93670fb503fece0492,train
raw/banana/rotten/rottenBanana (73).jpg,banana,rotten,local,v3_04a8722944de60bc5beb1503e2747087,056f3c2955df7dd268600204d1ed682224473edc2d0341b0d03db3db5800cbae,train
raw/banana/rotten/rottenBanana (74).jpg,banana,rotten,local,v3_61bc5ccae34a18cb82fe9aaccd66d5d2,56413ef66be705bdc621186c94adf02601379c2b6016d58ae0076aaac17e80da,train
raw/banana/rotten/rottenBanana (75).jpg,banana,rotten,local,v3_49db9af1721bc7841ccd1230da549372,9f8be00f847f01b35e7d4759f005223830be46ded9f72d2407e1a40f9a355f26,train
raw/banana/rotten/rottenBanana (76).jpg,banana,rotten,local,v3_b7977ae6534f2c454973101f7154d316,f6f406455a88c5b088a5b8f1ddeb648c61a24deacca5b554c9a40e074e9d4955,test
raw/banana/rotten/rottenBanana (77).jpg,banana,rotten,local,v3_9f1a35337ab4dbb58cdb29fcbcce3ff9,2ea8784c190fe4ee6e5164fb91d824971bb0353adfbd6fe000effed299e28263,val
raw/banana/rotten/rottenBanana (78).jpg,banana,rotten,local,v3_7876b1e3801f7d21eeb5689d67d90f44,83aed062177f949392046ce526cbcddd9d82aa8efc011e3ec1416c2e8ed4e2d9,test
raw/banana/rotten/rottenBanana (79).jpg,banana,rotten,local,v3_e8923ef2c59a5934f2618ff6f71f5bd1,81eca10fe60f0a91eb12857280f297d8485530282c1ceb063add06a9d8319aa5,train
raw/banana/rotten/rottenBanana (8).jpg,banana,rotten,local,v3_276c5315a6056b32536ee7428e5e8f21,30295947ec236fadb31142f7aa85c618e34ceebaad73cb0d56f4ce6add57f7d1,train
raw/banana/rotten/rottenBanana (80).jpg,banana,rotten,local,v3_03a6f592ba0847a6916693dddc5a03f4,b45b990e250337c4c47418156c0acbc6eaf186d3aece40dde98ad263ddcb4bea,train
raw/banana/rotten/rottenBanana (81).jpg,banana,rotten,local,v3_42a70cdba282e36a6a5f8c10a621383e,0d60ba7fb0fa30aab497d0fc63ed71c830cd5182925c8acbd1c4ebb0b6f94cb1,test
raw/banana/rotten/rottenBanana (82).jpg,banana,rotten,local,v3_adb6637a2fcee3d00e6e4af84ff4dd7d,a6310eba2cb4fee3ddf3c107e3c740f034dbb922c73927f8b259f416e9bc4803,train
raw/banana/rotten/rottenBanana (83).jpg,banana,rotten,local,v3_669b6d44f92065bccea04a0a42f0e0a7,5b522663f7a692cdc15c0b95628615615b9d40339e29fd73d31aaaa16d1fb9bb,train
raw/banana/rotten/rottenBanana (84).jpg,banana,rotten,local,v3_abb92d2eb4074268f0887cdc9a60223a,c9abd209a113cb4ee4dcaa7d9189d952219845c4dc0113d9101ad3e45bf76ebb,test
raw/banana/rotten/rottenBanana (85).jpg,banana,rotten,local,v3_c270a28042c409e0539ad9e03ade97c8,aa481ef9a20bd0496480bfe1747dbcdb78eb47606ed0a59249ce3e943183c9a1,train
raw/banana/rotten/rottenBanana (86).jpg,banana,rotten,local,v3_789c1ba70daf2c0a975551b9a4985cf4,3c3599b4464953aabd058644c2459084509d3eaad26ba26e90eccf5b674f0f5f,train
raw/banana/rotten/rottenBanana (87).jpg,banana,rotten,local,v3_a1b82b13781bcb6d15372575943c2573,dc0b2980f9fe37a59ae0ff3546aa51943bdf25cb1e66f3bdc7c80a636967928b,train
raw/banana/rotten/rottenBanana (88).jpg,banana,rotten,local,v3_c605d6f49c11578106af5471acaaeb6c,8fa765d8cecf7cf9d8c724621921825589e4c7c15c526c828fb1cdd3603f60d7,train
raw/banana/rotten/rottenBanana (89).jpg,banana,rotten,local,v3_befd61ddd77eb16b904f759f4f3a6c29,9f071cf853fdf9f2df7f226f445c2a4f85daff9de4a11786a9a2f365c3c95d9d,test
raw/banana/rotten/rottenBanana (9).jpg,banana,rotten,local,v3_f618962474d866ac9610478a97f7875b,46fb1a4622ffb2779fcc40498d5f5cdc90be2dd299df006aff1075d18725009a,test
raw/banana/rotten/rottenBanana (90).jpg,banana,rotten,local,v3_f16653967a1f4a7903199b1763786d25,be00ba1e2f75d244ac9e17f682496f1b05019a0768d45b37ff8ea2e65ae02bb5,train
raw/banana/rotten/rottenBanana (91).jpg,banana,rotten,local,v3_141cdeb333c3e459b97f94dda550df00,5265dd052f5023eca86e436521f99e54962c446b314f3e7b04fd1271bbbda3b3,train
raw/banana/rotten/rottenBanana (92).jpg,banana,rotten,local,v3_88471bca202c0ec1ed956aa5e72e991a,8cc334c0d67112709a8a20e674294c39f0e7d2d9a6a8804908c3807555bef022,val
raw/banana/rotten/rottenBanana (93).jpg,banana,rotten,local,v3_48b5c2f8958e6cedc6bc14c256fc4ee6,9e7103a65f698d76776f8c1c17307a1a8818d58d606bc2f1a79f6b732cc57dc6,val
raw/banana/rotten/rottenBanana (94).jpg,banana,rotten,local,v3_bfa764f8152c61ff9ccd081ecbfeb0d7,4122c9a9ce11f666138d797e5e997940114692f854ca9c69088109287b5a0d5f,train
raw/banana/rotten/rottenBanana (95).jpg,banana,rotten,local,v3_637f4a7ab7f6b95ec2c649816d6fde13,cb6dd1339ba8f97910e324ab4c76ed529ee7cab6322eca5e4f7bff62ae431f6c,val
raw/banana/rotten/rottenBanana (96).jpg,banana,rotten,local,v3_25078564ff14a547f75c6cf6fbe2ec89,974e766ac412a767030939c13330efa495e674a12b2ca7b487379e8649543ba1,val
raw/banana/rotten/rottenBanana (97).jpg,banana,rotten,local,v3_63815e8fdae562c53c48ad62e011e18a,46d3a07071c9fedf72a0058c308152083fc08e53af8ada2a70dd9446c4a858c6,train
raw/banana/rotten/rottenBanana (98).jpg,banana,rotten,local,v3_3980a32e4d9aac0672de985b9730235e,a16fde35f8d7b19d5149aa806201617d2c3cd797977eb81e19820abbf0f0ed8a,val
raw/banana/rotten/rottenBanana (99).jpg,banana,rotten,local,v3_041c103074d4a433e80d6a38e60b9cb1,29177d68c1cc5be9a7e7e2041d5bd31c4b98117539a0da60b0c64ea673639262,train
raw/banana/rotten/Screen Shot 2018-06-12 at 8.47.14 PM.png,banana,rotten,local,v3_e384e1e187d22e97029fa02f9a11a627,0ce02b7bf87ccb92fd36a5cdb91ee9b451cfa075695cddb2af070faaafe54e47,test
raw/banana/rotten/Screen Shot 2018-06-12 at 8.47.28 PM.png,banana,rotten,local,v3_13dd182c905add78dc8b30491a0cb4cc,e07b2b1c4bee66c72bdb6d3749074d8bf2a9aa512b29130fb73aa2dce1cfa23f,train
raw/banana/rotten/Screen Shot 2018-06-12 at 8.47.57 PM.png,banana,rotten,local,v3_f8a6b3ce097ccf1013eb0f12e1c0ae4c,c92e65fb2ba2f3a3808862b9a6a23694de84cbfd7fa8d33ef152186c203e9edd,train
raw/banana/rotten/Screen Shot 2018-06-12 at 8.48.07 PM.png,banana,rotten,local,v3_a6fe6d095ad928b6d0957369ff61ae6a,db768733f1e6d83076f0479e7f597d1ca5e60f21eb355d021d819a306231f38e,train
raw/banana/rotten/Screen Shot 2018-06-12 at 8.48.18 PM.png,banana,rotten,local,v3_47b04979b1cb6ea7bda00eb037a72c5f,66ce54f02fd60e12b1dafe645f9873a39aed2d23b088d4d8a4be768de1b9e5d2,val
raw/banana/rotten/Screen Shot 2018-06-12 at 8.48.24 PM.png,banana,rotten,local,v3_d13be36965ccfe576790340d948109f4,2a5bb5cab625f1a97571a222977d01373427a3c96a0038501e2be1b7e91770c4,train
raw/banana/rotten/Screen Shot 2018-06-12 at 8.48.32 PM.png,banana,rotten,local,v3_406fb325b499b828dca26c150e130081,3772306f5be5766fc3bbae7a45c4fa8c44ce43f8a1490e3f2b2e8e8de78fc107,test
raw/banana/rotten/Screen Shot 2018-06-12 at 8.48.46 PM.png,banana,rotten,local,v3_4f0f352c08210c4f6c901050bbbbf878,c84a7b90cb85f99bbb7ba515fec649784f6645921fd264eb0c8e6929394556da,train
raw/banana/rotten/Screen Shot 2018-06-12 at 8.49.04 PM.png,banana,rotten,local,v3_3d1f1a80a50dccab6b9e549ae2302e7a,4bf32ddbab1d48ee8900466a50530c18a4f49c6005745345dc89ac09d1271bed,val
raw/banana/rotten/Screen Shot 2018-06-12 at 8.49.15 PM.png,banana,rotten,local,v3_1e059757e33988327abb307bf7af6b4b,e22cf07b46a64580e6bd540d489080cea8c6fdfb350d952c236c8dff81c933b0,train
raw/banana/rotten/Screen Shot 2018-06-12 at 8.49.20 PM.png,banana,rotten,local,v3_679287406a569401445f10bdbb33c16b,f3586b755e1edb5b28113ca107e5ab0e89ec26351eeef1456bed9767eed1de35,train
raw/banana/rotten/Screen Shot 2018-06-12 at 8.49.30 PM.png,banana,rotten,local,v3_c6aab91b45be7367ff406c3e2ea83e33,5896da0e95c66bbd99eb3910a657dddea472128347d7533a72aa132ed9f81d6e,train
raw/banana/rotten/Screen Shot 2018-06-12 at 8.49.52 PM.png,banana,rotten,local,v3_2e6c20810debae3d423a42c1d31b2326,81a3156c2d1a09f10f5de529510c2861d422afdd91967ae6da34f787cf711d17,test
raw/banana/rotten/Screen Shot 2018-06-12 at 8.49.59 PM.png,banana,rotten,local,v3_6dcff6cf58a2abc137c9e3f5eb4e9228,eaa4943e65e18aea1ba1264aa1c3b98d8d3f9c3a25cb14b054e7f9607eb4799c,train
raw/banana/rotten/Screen Shot 2018-06-12 at 8.50.04 PM.png,banana,rotten,local,v3_9db26abcfd6e4de02210ab41167d0d71,b42944473b14838ba007c8fbc0c2dac6e4d99a40d58ff4d023dbab10a9648922,train
raw/banana/rotten/Screen Shot 2018-06-12 at 8.50.15 PM.png,banana,rotten,local,v3_519221c64c2bc24e0023982cc48bf773,ff0505018435a772c5b0b35699e544c53d10988454616cce94e2fd6acd984102,val
raw/banana/rotten/Screen Shot 2018-06-12 at 8.50.20 PM.png,banana,rotten,local,v3_2f857ba143a63e357bbe4221ac7185d5,eb393ee587aef9f408c0109b6d88d931f61a7f9a9cafe24f07ac58c35c2afeff,test
raw/banana/rotten/Screen Shot 2018-06-12 at 8.50.26 PM.png,banana,rotten,local,v3_7d7380e02cd669f658caf0a564af8136,9a653a9cba501e5f2ce304d4b8c96f0ffe50f85041bb5b03101a1e594e440783,train
raw/banana/rotten/Screen Shot 2018-06-12 at 8.50.40 PM.png,banana,rotten,local,v3_2b334b5a79a99f616ad49d81f371f8aa,6e26ce9a9dbbce81ede310c4d36209c954e6106463db24da851f8623f2a57306,train
raw/banana/rotten/Screen Shot 2018-06-12 at 8.50.47 PM.png,banana,rotten,local,v3_1adedd6062d05d6d79c047589d671bc5,d63c29aec90ec25d7226090b421886260ddca412ef922da140498c86e6c1d7b4,val
raw/banana/rotten/Screen Shot 2018-06-12 at 8.50.54 PM.png,banana,rotten,local,v3_ecf9070ea365466fc983931f39694a7f,e727ca7b75a6e8cf3ede3b8d68844b51435fcdbd2f3c1332c26c1e9decef43a6,train
raw/banana/rotten/Screen Shot 2018-06-12 at 8.51.21 PM.png,banana,rotten,local,v3_fc9519a90b1cccbd6716216f00123e58,88d47e464a3707a38607b1085288e397c5f6e899c5e16b9ddb3cf4d7fcdb7f8e,val
raw/banana/rotten/Screen Shot 2018-06-12 at 8.51.30 PM.png,banana,rotten,local,v3_2c9fa205af85a8ff51d580ba68e65c34,ea901869735b5f4b00fa384f204a41cae70308b5bf233673a003a6e0bc146223,val
raw/banana/rotten/Screen Shot 2018-06-12 at 8.51.38 PM.png,banana,rotten,local,v3_6a26d7162c995ba958321c20b06ad3b3,953f561797cc3dfc669473273bf411ece8f1edc5cb861ad1c0d16c20bc5b24d6,train
raw/banana/rotten/Screen Shot 2018-06-12 at 8.51.56 PM.png,banana,rotten,local,v3_30331e5ee734de2612f7d00ca5b2bd5f,b6446ab784d7a0c1960c905ea51b18fe1a8fdff9a5dfa8ddf4c2667c21bda1d3,val
raw/banana/rotten/Screen Shot 2018-06-12 at 8.52.01 PM.png,banana,rotten,local,v3_4bfec384f9960828e8dc4eb0b5a8762f,d275cf0ed8241a0b1f7fe8719d4041e66165c0edf99dfeb704c520ede139cfd6,test
raw/banana/rotten/Screen Shot 2018-06-12 at 8.52.11 PM.png,banana,rotten,local,v3_b2cfab499841417f75b5a397c7290a11,64161639e9c077709ef243198cc1ab0a5b331292458b4ebf10536a162bd9b333,val
raw/banana/rotten/Screen Shot 2018-06-12 at 8.52.37 PM.png,banana,rotten,local,v3_b35c66d15c5e3c9fdc892b22131752c4,707777a2640caa7290cbd036a2003c37e5fdfd5ae081f0d50159531ea6671ac7,train
raw/banana/rotten/Screen Shot 2018-06-12 at 8.52.42 PM.png,banana,rotten,local,v3_f8a88cf533a47f37273c5f56bc54e736,d18a1f215866e75cdc959c56c1c62097576dd7577cfc4c4901035d88682c3fb8,train
raw/banana/rotten/Screen Shot 2018-06-12 at 8.52.48 PM.png,banana,rotten,local,v3_d67ec04516752304f4ab1d025aff4baa,6dc50044cfa36e7531502e88dfc689bd1bdc793637677ef96e29f0e21228ac9d,train
raw/banana/rotten/Screen Shot 2018-06-12 at 8.53.03 PM.png,banana,rotten,local,v3_9a4be6e8cdba5a2e108d722cc27ed755,0d6aac208f4d13e55527141eff83bd4d888ff17c8bd7674cc9e394b0f3e9af8f,train
raw/banana/rotten/Screen Shot 2018-06-12 at 8.53.15 PM.png,banana,rotten,local,v3_0a81f4f0caadb57ee3d01173dbdbbcc2,def5d04bad9fbb0250fd0fbdf6d6f07f7858407e84a2a6044319a50b64b5fdbb,test
raw/banana/rotten/Screen Shot 2018-06-12 at 8.53.29 PM.png,banana,rotten,local,v3_e09427a3dd792df68fd3b649f7527148,882f698cbd2aaabd0d16037a1cdfb4cdf1a7d480293434a1db932c553254600b,train
raw/banana/rotten/Screen Shot 2018-06-12 at 8.53.37 PM.png,banana,rotten,local,v3_5756e268411a31d3fbac8cbcd51250ec,30cad9968d11a71f09943844d42c8fe555fe40bcfca0fcabfa4ce42fe4a7524e,test
raw/banana/rotten/Screen Shot 2018-06-12 at 8.53.42 PM.png,banana,rotten,local,v3_ba0385dc4573b842257e8261dfe68e00,c0d39da009f57abc2b04e6a88ad736d71f6976709217d0b9bc39ac8c6035d524,val
raw/banana/rotten/Screen Shot 2018-06-12 at 8.53.54 PM.png,banana,rotten,local,v3_807469803284079a47ed4928498ce38c,2e20b4f1be7d85a6f702308cc276bc83db6d3582ba313dcb70909d4874871e20,test
raw/banana/rotten/Screen Shot 2018-06-12 at 8.54.14 PM.png,banana,rotten,local,v3_689d34ca5a38fa65d51efbf9373e435d,0d0b09601695b9f2547fddc760e3b62c6fcfa6207a16441a4b34963e9353a6d5,train
raw/banana/rotten/Screen Shot 2018-06-12 at 8.54.30 PM.png,banana,rotten,local,v3_e79d9eb9b89c41874b18602986f5a799,b0335913274d169b683dc3e981586f334fc6346a718b659a6320ee71208b70ea,train
raw/banana/rotten/Screen Shot 2018-06-12 at 8.54.37 PM.png,banana,rotten,local,v3_cab42fe4fb11b97d7277f7e2fd29028f,b493cca20a78bd76826b0e83381c13429d92b4b6fb73af38e5a4a446f031c9d7,test
raw/banana/rotten/Screen Shot 2018-06-12 at 8.54.43 PM.png,banana,rotten,local,v3_8e5220cb061ce2a895a1c679069b0331,d08480d6364650c19c2a84ca8b33ca4949ef18590c3d11f3e9203480ad98fb88,train
raw/banana/rotten/Screen Shot 2018-06-12 at 8.54.58 PM.png,banana,rotten,local,v3_ef3eda844e66ba0752ef10ed80ed2156,2056b22e0f4f848fc730bed380e4da434ba2d5a0bcefb12750677b7f2ae6995a,test
raw/banana/rotten/Screen Shot 2018-06-12 at 8.55.08 PM.png,banana,rotten,local,v3_8f1b5f41bd2b86b6fc15ef293b158222,a6da7656e96bd587e177737bfb99ca635e534f55ad8078375551565c070ca3c0,train
raw/banana/rotten/Screen Shot 2018-06-12 at 8.55.15 PM.png,banana,rotten,local,v3_0a1f499139f7dfcdce6ffe61c6354068,b16328d17cf62ac8a520435c8fe09b9e0af07e1fb8fef9cdaaebd34ed1c4c233,val
raw/banana/rotten/Screen Shot 2018-06-12 at 8.55.21 PM.png,banana,rotten,local,v3_b78c064c558c881dda30a877f2daac65,c60be77970f1d38afe4b26dd65dc00a418f723a6f28982c994816ba6f210c114,train
raw/banana/rotten/Screen Shot 2018-06-12 at 8.55.28 PM.png,banana,rotten,local,v3_97704a0c4026b522fd7ac3a98c4b883c,fae45e8a79b9af82454884113a445a02c107f1c4eb98d918f2e06882679857ff,test
raw/banana/rotten/Screen Shot 2018-06-12 at 8.55.35 PM.png,banana,rotten,local,v3_b374e3c56c8c5801a79e0cd008610bb2,a82be0b606ee2f5e25ba5ba5c8ba63849485fc4f22f44e0efbf1c01602cd792b,train
raw/banana/rotten/Screen Shot 2018-06-12 at 8.55.41 PM.png,banana,rotten,local,v3_4971a9ab369da82e464d8d74e59c5f8e,2006bd2dc0a34f06ec3bd7a20b20aca1ec394e896315d6d6be74cd47a01e4586,train
raw/banana/rotten/Screen Shot 2018-06-12 at 8.55.47 PM.png,banana,rotten,local,v3_512043ba953155ccc897181a3f9f7c4d,ce0b275d873ccb6d1e4dad00d6791844e2b83ad9aaadc425a0fe928cebb0bf37,val
raw/banana/rotten/Screen Shot 2018-06-12 at 8.55.53 PM.png,banana,rotten,local,v3_512043ba953155ccc897181a3f9f7c4d,4172a14fb27f1134adf866a9060e2d8a2df0eb30345e3fd9f17fd5a2a4847de7,val
raw/banana/rotten/Screen Shot 2018-06-12 at 8.56.06 PM.png,banana,rotten,local,v3_84d4a8475a1228e1bff4d090290c9c77,978fa4792d7aa15bd5fa3c23a68475d4b96afac0f46bb2a424d9ffdc1bd04dc7,test
raw/banana/rotten/Screen Shot 2018-06-12 at 8.56.11 PM.png,banana,rotten,local,v3_a343732aac90a580af7e02950f9d7c8b,f83f28a6c68e7787d70daae43b2a1d85434e0ed3ab51be6e0ee8ba456ec487cb,train
raw/banana/rotten/Screen Shot 2018-06-12 at 8.56.16 PM.png,banana,rotten,local,v3_90d15e130869f0694dfe5eda0c582244,8038151f0aad1f7e03043d323d277bfee8f618368b0b835cc7892d84733a614f,train
raw/banana/rotten/Screen Shot 2018-06-12 at 8.56.21 PM.png,banana,rotten,local,v3_421f7c4f456dfe56fdc9dc76195d2809,798eabe3bded3025431b4f095d210cc6af492b72d13776abc8a6264ea25a02a5,val
raw/banana/rotten/Screen Shot 2018-06-12 at 8.56.30 PM.png,banana,rotten,local,v3_f19c72e652511ebe74e12d80a6acff13,9d7c6273e7cf381933d102e0ffa5f7e54a79bf3992edd6ae6c77ba17db7e026e,val
raw/banana/rotten/Screen Shot 2018-06-12 at 8.56.37 PM.png,banana,rotten,local,v3_efecd3289709f89046914f605d5d4b91,778affe36e730d765eb360b843a22f651044ccbfbfba2f76ffda815268de2b8d,val
raw/banana/rotten/Screen Shot 2018-06-12 at 8.56.41 PM.png,banana,rotten,local,v3_672f2f0f208f4baa379231daacf1f7de,99d26f3668d3a72a6fb8e272e2e900f11dad36f6de33f10b6a250b188218b119,train
raw/banana/rotten/Screen Shot 2018-06-12 at 8.56.49 PM.png,banana,rotten,local,v3_965ab96d2665890e9f0dcb39590e00ce,8316e100bde0efb7be83fba36e95c5035ad3a5c023ac11006d93ee03a24f4330,train
raw/banana/rotten/Screen Shot 2018-06-12 at 8.56.54 PM.png,banana,rotten,local,v3_49c71fa36ba7f4c7a0509ca2e9b22767,8f3cb3bad79147eb104f653b8cd4223bab02b667f06137d4d8d690f615fc1a22,val
raw/banana/rotten/Screen Shot 2018-06-12 at 8.56.59 PM.png,banana,rotten,local,v3_4f5854b712595a494f61239f4aeffcfb,858242fcba19862949ddf39244125e4ad7b80a36280b34948de50e6ec5b223d1,train
raw/banana/rotten/Screen Shot 2018-06-12 at 8.57.04 PM.png,banana,rotten,local,v3_7737a7a4ad8acd941fc2e29828189596,e55fd1b26c9632eec7e2c7dc568bcebdcda6a37d2e8ddac8d7c1e2e524e7f300,train
raw/banana/rotten/Screen Shot 2018-06-12 at 8.57.22 PM.png,banana,rotten,local,v3_21a91e888e1e6be96faba366ed88205b,bb773f7830472811e46ae65f42628156ef54bf7b824820854ddbd61daf2e21b5,val
raw/banana/rotten/Screen Shot 2018-06-12 at 8.57.29 PM.png,banana,rotten,local,v3_1dd06198d6a9d1c89113f3dcf005f358,b4b308f7052d78a4d4f799e15354207d710557bc511ce007c3a360526e2f9740,train
raw/banana/rotten/Screen Shot 2018-06-12 at 8.57.34 PM.png,banana,rotten,local,v3_3b9818b52967dced61141af176ee97c6,43efd9b3a21535d042eb30c3dddbeefb90dabef8fe4911a1adf1d8860a0b834b,train
raw/banana/rotten/Screen Shot 2018-06-12 at 8.57.46 PM.png,banana,rotten,local,v3_18f82c5e9a8bd453796e58256c2baacc,d98dec944734ef31e810bab73b51cae3b2e7b7bbcf5afacdda68efcf2e324523,train
raw/banana/rotten/Screen Shot 2018-06-12 at 8.58.01 PM.png,banana,rotten,local,v3_5800d5198317f3211b220b78126b46fa,f4253612d283b3853ffe3286d1c0066751ecaec1f19375a9dcdd0a02e2454c7b,train
raw/banana/rotten/Screen Shot 2018-06-12 at 8.58.07 PM.png,banana,rotten,local,v3_85b8c4a5c965dfeb3a18c68735d172e2,7c424173f1d3058ccd94454f55e6bbe787a1e18cd33e142f1e53319a3bd24a3b,test
raw/banana/rotten/Screen Shot 2018-06-12 at 8.58.13 PM.png,banana,rotten,local,v3_8e7f9c58bb70fe0dab35f47cce534574,2d5629afcff6ae17dbe95d41325ba64d829b5eaa39f65de00466e8e9548ce58c,train
raw/banana/rotten/Screen Shot 2018-06-12 at 8.58.18 PM.png,banana,rotten,local,v3_49ca9db96ecf7d4285b7eaa9c04e86b9,8c494a074e77517cffaf31b6ed63919b049ea32187e97f8d73f4af329a5807fd,val
raw/banana/rotten/Screen Shot 2018-06-12 at 8.58.33 PM.png,banana,rotten,local,v3_e336e615bd1f3e316e275cebd2e54f02,1259879af1154d9658a161a9a76f5d3627b5ea457db999ac5c2aa248702756ec,val
raw/banana/rotten/Screen Shot 2018-06-12 at 8.58.49 PM.png,banana,rotten,local,v3_381a08ca03355d7c4a6c2982ec6933d4,bb87b2c24a849f60d3643226d2355172be560538083dc7f42cc1b9897cb82dfa,val
raw/banana/rotten/Screen Shot 2018-06-12 at 8.58.53 PM.png,banana,rotten,local,v3_b71d0abae4cc34754d21dc0d9dc950c9,7695b2765e7176e3b23e1e1051b6a633b866079c68627ed815983b0395e68bab,train
raw/banana/rotten/Screen Shot 2018-06-12 at 8.59.32 PM.png,banana,rotten,local,v3_92a87882ca7cccb4d1793b6973a21c10,fd4739e898c84136e24ced3c1b61101a1c222b41e3fb65d0a3882acbd22cf795,val
raw/banana/rotten/Screen Shot 2018-06-12 at 8.59.57 PM.png,banana,rotten,local,v3_932908a0c359f52b75663a03b33bce00,7026f83b7fa5f5ce8e3b3f0c1cd1bd255032e3a26f4d4fd7e757b0354aca96ba,train
raw/banana/rotten/Screen Shot 2018-06-12 at 9.00.11 PM.png,banana,rotten,local,v3_a32e365356c4fd1f4e92c04baf42a248,25955a6061c40121c02d0c59a6cb685e6ca03661d240fe2bb1ecd480216a019c,test
raw/banana/rotten/Screen Shot 2018-06-12 at 9.00.17 PM.png,banana,rotten,local,v3_c41027d224b18e3cbf6b4e501b3ceef1,01a22acb5050dd95d59116cf087a263af4fb4ce0a49ea7e732786a2ac8b99ac4,train
raw/banana/rotten/Screen Shot 2018-06-12 at 9.00.31 PM.png,banana,rotten,local,v3_42f11e4f50e6635369149880c027cdc3,5e3d7fb858d186663dff4f83ddcf5f69ae3064efe0461eeadc417d62f81bfd5c,val
raw/banana/rotten/Screen Shot 2018-06-12 at 9.00.38 PM.png,banana,rotten,local,v3_75f3946797a5744b7dda57b298d840ea,d4cde26517812a84a5225f0c12f61ae9b8ec8c203e722aeb2dddccc2cd008bcf,test
raw/banana/rotten/Screen Shot 2018-06-12 at 9.00.44 PM.png,banana,rotten,local,v3_976edbd62ef70607e2ba6d7a740c6bb9,eb59ff3e8abfcdfa224683329788aac4e82b26d6ff778ea8df2ef8976e341568,train
raw/banana/rotten/Screen Shot 2018-06-12 at 9.00.49 PM.png,banana,rotten,local,v3_b94f2b1bccaf23a9f5a5ddbefc3751a5,e4c4a1330192b3e5095fd95fd89dde94614bf956567072b3805bc359a13c67eb,test
raw/banana/rotten/Screen Shot 2018-06-12 at 9.01.21 PM.png,banana,rotten,local,v3_21b84190216c43136beee893b4803f08,8e23bffe5b138ac36feb34400c9b6d955c853519715a385357e6f362868f0e03,train
raw/banana/rotten/Screen Shot 2018-06-12 at 9.01.27 PM.png,banana,rotten,local,v3_dc44fe91608dd33962f4fc2f52680f80,8378d8208a8fcf546c55c42a71283f43c0aaef9397e3535dd7e5cceec5f25254,train
raw/banana/rotten/Screen Shot 2018-06-12 at 9.01.32 PM.png,banana,rotten,local,v3_695ce956fd5cf7525dd4182cbe6d6f68,5fb1d29419734dd894a7933bc970f978b123d650b89612ac3fd802e880edb7d2,val
raw/banana/rotten/Screen Shot 2018-06-12 at 9.01.35 PM.png,banana,rotten,local,v3_675179046fa81e9a739a57182be53db0,5d65d4cb62f7cdeb183dae9e1b9c1364805a88006c064890155d876d5d88d585,train
raw/banana/rotten/Screen Shot 2018-06-12 at 9.01.46 PM.png,banana,rotten,local,v3_19629ed10c9797f1b3f8a97629cc82dd,4f5d39a2d020724a165fd5f64d3090fd69ecd92e2cc5e74dbc2f6f752b17bc5f,val
raw/banana/rotten/Screen Shot 2018-06-12 at 9.01.51 PM.png,banana,rotten,local,v3_2f56d8be49172bc17293e7e66e8d46f5,8d38090f1ad2279b080bb439307acd10cb888b903286d0c24162adaaa94e29bc,test
raw/banana/rotten/Screen Shot 2018-06-12 at 9.01.56 PM.png,banana,rotten,local,v3_3bf175eecd5415bed0f7a1452768f47d,3dec00010501f1ffb577792fd7ebba7886217866af18d9faa6e17cbe609e40c5,train
raw/banana/rotten/Screen Shot 2018-06-12 at 9.02.03 PM.png,banana,rotten,local,v3_0101755cbc4f373c0ec48ec6b0507343,7a7ba2c93875f9e83180ede273de913a7f41f22b5abb387a5d12df27e1969430,test
raw/banana/rotten/Screen Shot 2018-06-12 at 9.02.09 PM.png,banana,rotten,local,v3_f3729df9b84a77cb69dab778491ec96e,96efee7b204716c20cad05960765ae21d8d16f96c918d9841509443bddd8ecb8,val
raw/banana/rotten/Screen Shot 2018-06-12 at 9.02.15 PM.png,banana,rotten,local,v3_8ae3bad6dc3a222e01e919369b5267e2,523f104839348a23d45b87b66f91b83681fb6b86789b5bda8554b9fe159a7ee8,train
raw/banana/rotten/Screen Shot 2018-06-12 at 9.02.24 PM.png,banana,rotten,local,v3_c52be8196e97a2505c3a452d90f8f265,7e83d8c9219c427d34a9fef9c12f76fef7c885e35623a0f8474c0fa91975686e,train
raw/banana/rotten/Screen Shot 2018-06-12 at 9.02.32 PM.png,banana,rotten,local,v3_d05b9f2a1fedb4528389f0b0c094ed3f,09f4a9503144f7ce4680d007717ccec3930b8425cccfc71a440942735eb10a30,val
raw/banana/rotten/Screen Shot 2018-06-12 at 9.02.38 PM.png,banana,rotten,local,v3_069fc471cd070219b3daf0483e1989f8,15be9c0dc78fe00bb5f9069979929049cad00c453fe6643c13cad585e0d0e98b,train
raw/banana/rotten/Screen Shot 2018-06-12 at 9.02.44 PM.png,banana,rotten,local,v3_1805fe54a0ca3c15c3b2f6dea38a5034,59e60e063107daad776e63896593788556c1a5a59c3d4bee25d762b8abde949c,train
raw/banana/rotten/Screen Shot 2018-06-12 at 9.02.52 PM.png,banana,rotten,local,v3_6c21e19ec0ac7585fc6a67267555d01a,28e06ae9b04f48f674e1ff09c30c3b2e8158c2c28e87017ab083ac2cc7f7ea5b,test
raw/banana/rotten/Screen Shot 2018-06-12 at 9.03.01 PM.png,banana,rotten,local,v3_c6b45bcfa1056d4d2608ebcb94955e05,3a711771f704f5ef98c72722262047554dc97953a175f1a8e5901b18bd2b6179,test
raw/banana/rotten/Screen Shot 2018-06-12 at 9.03.06 PM.png,banana,rotten,local,v3_580e817a3a53d63caeecefaa555f38ed,9fec51671b51de9504e135b7d492f6b305e0f05b896653cbdcc1b05fb036a6b1,train
raw/banana/rotten/Screen Shot 2018-06-12 at 9.03.12 PM.png,banana,rotten,local,v3_7406376453e57f3011be24e152713efe,92d29d0fd789fd083272b4d747ab8186867ec9c572078a270604d0522cee5f65,test
raw/banana/rotten/Screen Shot 2018-06-12 at 9.03.17 PM.png,banana,rotten,local,v3_b635ffa51bf436484a80847893872d90,791669cbf05040ea89dc9a19209cf130632e96bf4eea51f2d66f250b62072f7f,val
raw/banana/rotten/Screen Shot 2018-06-12 at 9.03.21 PM.png,banana,rotten,local,v3_3a8111a7908e3c967b28b2a17838057b,a56f4bcc50cf38b4d45158c5840b4df8be7a92319e3f1c2f1fff00d82d707aa2,val
raw/banana/rotten/Screen Shot 2018-06-12 at 9.03.25 PM.png,banana,rotten,local,v3_4b3ebb741296215708d6630dc390a1fb,c2030b952494d2d686c7cd0951867584fe9f8d3aa1248fede211f6d0b5d59209,train
raw/banana/rotten/Screen Shot 2018-06-12 at 9.03.30 PM.png,banana,rotten,local,v3_0b9f089757c1c3ba01d097ebbe8a49f0,6f65db324f8a4d03f6ca262d4d2944d6d15278b60ba1c6cfe16e7cb95880b15e,train
raw/banana/rotten/Screen Shot 2018-06-12 at 9.03.40 PM.png,banana,rotten,local,v3_076ca2a19582f1eec9eb82f8dafa7035,289be7b9e4a9fd0f2eea9a3e0c6ef304038a916b04343825cf9a951405fa11e2,train
raw/banana/rotten/Screen Shot 2018-06-12 at 9.03.46 PM.png,banana,rotten,local,v3_a3982ff22989fe84bdc2d6a2537526f0,6aedd4f03dace4f57de33a664d871d5e6954acfe5121dca1873ddf869a396254,train
raw/banana/rotten/Screen Shot 2018-06-12 at 9.03.51 PM.png,banana,rotten,local,v3_c97d8ce7c1916a67918a1b26f280f467,1ba24034c735096f6cd26858ef671ce3bd3a33c9e05b11f42b4a6efb65fe40bd,test
raw/banana/rotten/Screen Shot 2018-06-12 at 9.03.55 PM.png,banana,rotten,local,v3_75bd4a2c4086bcc4af1f29e588f1ac1d,351fc3d8adce6d20166d37169a017e59b52b61913a9d06f92a36151259f3c162,test
raw/banana/rotten/Screen Shot 2018-06-12 at 9.04.01 PM.png,banana,rotten,local,v3_a1c6cfbe6f093e15186eaa0a3cbb37a7,1671a0604026e039a6a2a6281a735d8df6689a55587473031efc68571eec635d,train
raw/banana/rotten/Screen Shot 2018-06-12 at 9.04.08 PM.png,banana,rotten,local,v3_802b650c94c64425b3f0b1330268c73c,f36c9d21c8f7b94d5579df2a58d16e16dea333e196d9e00807727f42bfaffabc,train
raw/banana/rotten/Screen Shot 2018-06-12 at 9.04.19 PM.png,banana,rotten,local,v3_4a266aa0424bc0f6214f1cf97a1cbe19,844e7d20f641e27c36e94237cda49068e33712e7c83da4b92f3863f6599d6b43,val
raw/banana/rotten/Screen Shot 2018-06-12 at 9.04.56 PM.png,banana,rotten,local,v3_ecb7bce275997e03c1141b1d38914362,4e39449b298e6d72cd645463101bd071c91b2694f305cec4c5a33bfea74ccea9,val
raw/banana/rotten/Screen Shot 2018-06-12 at 9.05.02 PM.png,banana,rotten,local,v3_690296d4b88b259cf094c38c257c88a3,0ff92f7e4af4cc15ee93c5a410c049d185364299bbe978019da28083d88d852a,train
raw/banana/rotten/Screen Shot 2018-06-12 at 9.05.08 PM.png,banana,rotten,local,v3_6077c7d4a806b555549c083188b22ab1,2c6280b8b59379cb7b8b382cc6a18a138622011c8322ebe842e72e8f1067406d,test
raw/banana/rotten/Screen Shot 2018-06-12 at 9.05.12 PM.png,banana,rotten,local,v3_795ca2a51f10fdff7db7c0f783e20a0a,ade35138e9863f0cf06e12c09d406e1598553cd421539f15be653d0f59771e47,val
raw/banana/rotten/Screen Shot 2018-06-12 at 9.05.21 PM.png,banana,rotten,local,v3_ec0ea03fbfa44e40f7e7d93df65886e9,96026addcde44bb5519cd11a36320b47e34610916298dea6ff89b48e8e453b8d,train
raw/banana/rotten/Screen Shot 2018-06-12 at 9.05.32 PM.png,banana,rotten,local,v3_1ee74b28aa644068bb5a54fa683f119f,576e79acb0e266bd9945f7cff21fe19a2778ab7063d3c8fc5f2a23e6ec4c3252,train
raw/banana/rotten/Screen Shot 2018-06-12 at 9.05.43 PM.png,banana,rotten,local,v3_6c775e0f024d122dc4b9730ee655a688,066cd81c4e5725e6a566258cfc48e674090738a3915c6f0b2107ffc3a53be424,test
raw/banana/rotten/Screen Shot 2018-06-12 at 9.05.52 PM.png,banana,rotten,local,v3_b518ffac1f1ca97847f6824f5df2cf4e,589a6da040f1b6d5b7a26f39f5f6bbca1a0baf42582c19cf83ba64e502c93774,val
raw/banana/rotten/Screen Shot 2018-06-12 at 9.06.05 PM.png,banana,rotten,local,v3_e831badb6be789aa68fccb02b62b8ebf,e8de551e7df7c134a84395a825ac6be4a59d0ea645f8355b612bf8f1bc72cc75,train
raw/banana/rotten/Screen Shot 2018-06-12 at 9.06.13 PM.png,banana,rotten,local,v3_0b0c26e1053e76e62b9b7447cbd6e421,70ddc39aa964715fc62100589900a3b6ccebddcd3fbe0983f768c37f42da30f1,train
raw/banana/rotten/Screen Shot 2018-06-12 at 9.06.21 PM.png,banana,rotten,local,v3_8ace9cf6336c44e1a484b51b79604107,22cbc9484ffd590bdc4b2e0a2ad303cf1cdacdcb9607482b4113a93b6b68f801,train
raw/banana/rotten/Screen Shot 2018-06-12 at 9.06.27 PM.png,banana,rotten,local,v3_59b25717bfa3e54fe094f12c7a7cc4b9,81068868754d47a6dad3b974cf8e64044d3dcb219f36d6cbac734e237f638f39,test
raw/banana/rotten/Screen Shot 2018-06-12 at 9.06.40 PM.png,banana,rotten,local,v3_35bcb714aa96c35ea236e1436a015989,88f7849adec15f8161376e9166e8f026e3fb41299c67ff1c5c6118e91b5d869e,test
raw/banana/rotten/Screen Shot 2018-06-12 at 9.06.56 PM.png,banana,rotten,local,v3_a1ee8c17a9b443afc168bdbae639ee30,a5b9afad64b34752343b26ad2d287af849c34f6c04f7a45d288e4e5f1e057ab9,train
raw/banana/rotten/Screen Shot 2018-06-12 at 9.07.04 PM.png,banana,rotten,local,v3_9ef4731584da79e6c76794c686193aa7,0c3c575e8125d276aec41ecca56ac4c2e19700f17540bfac0f696ae43f50ee86,test
raw/banana/rotten/Screen Shot 2018-06-12 at 9.07.08 PM.png,banana,rotten,local,v3_8dbffaba80368ad56152463413cb2ae5,9b230216995328b3225535ca572a63d3c5b5c75547270366680a7a64781279de,train
raw/banana/rotten/Screen Shot 2018-06-12 at 9.07.19 PM.png,banana,rotten,local,v3_dd05463f02aae6e154680506513e7bf9,6a4cfa528c6ccc11f4b4fa7f4de4fd4456d2a11960add8d50348d5574e2e6928,train
raw/banana/rotten/Screen Shot 2018-06-12 at 9.07.26 PM.png,banana,rotten,local,v3_24b1048f46af428b16833ad2d09a569b,fbe8071c24ad09d0ccddc5649fd4e3f464049fd8c6affdab5fccba2af838a531,train
raw/banana/rotten/Screen Shot 2018-06-12 at 9.07.31 PM.png,banana,rotten,local,v3_cd10eb1e3a58ac57cb8a58a0077adf4a,6e4334a0d8aaeb2e65130f2cea16b2499298139ea2c8e9c30c41829b817e5d94,test
raw/banana/rotten/Screen Shot 2018-06-12 at 9.07.35 PM.png,banana,rotten,local,v3_8cbda119cea03cef52e79bc4cdbd2aa5,23b84e9aa70c8b266a3fcfde414eb0acb376735040343134e9e1e3bbb6a398a9,val
raw/banana/rotten/Screen Shot 2018-06-12 at 9.07.39 PM.png,banana,rotten,local,v3_ee0178349b2dd837261529c94aaab568,aeb0f64f9c28b87809af55d4e0cef12281f7159a1b701d3353454c4f4f1f49df,test
raw/banana/rotten/Screen Shot 2018-06-12 at 9.08.00 PM.png,banana,rotten,local,v3_7c31b5228dbaf43a5067c6410193ef1e,27907f587ef5e9d866141e9a5d71470a5cf2bb5b0e2ac7e9a6ae903e1ebd51df,train
raw/banana/rotten/Screen Shot 2018-06-12 at 9.08.12 PM.png,banana,rotten,local,v3_c5a91d8a7675317352489fa7ef2ddd2f,de7dc19f9a7fa48c02ec7c7318a931d3aa8e35bb505d08fdef2f120bac257374,test
raw/banana/rotten/Screen Shot 2018-06-12 at 9.08.22 PM.png,banana,rotten,local,v3_d6c2b886558c41f2e195f09e16273ae6,e5e5624c521bed66b20a4c88b5f8ea723bd7c8687405452011fb32677ff9c11a,train
raw/banana/rotten/Screen Shot 2018-06-12 at 9.08.26 PM.png,banana,rotten,local,v3_7c8987faef0d83e8a4a5c760a0d6a26d,eb63e4173e5faa79b6a4dd52284eb290546013561a1b022586ffaa22a7a3de3b,test
raw/banana/rotten/Screen Shot 2018-06-12 at 9.08.43 PM.png,banana,rotten,local,v3_edb473d1da0bdb9bd1787b9257dff680,44b047a150bb3e57cb84dfe9effc2f8a54f6f849206fc2bc38370e649e080bd7,val
raw/banana/rotten/Screen Shot 2018-06-12 at 9.08.54 PM.png,banana,rotten,local,v3_9bf70b6ca001e5b5265dda705863df51,14e7cf569bbcc342defe9d8e4cbf8a84b5d96571d9240b8ce4fc9ac120fb6098,val
raw/banana/rotten/Screen Shot 2018-06-12 at 9.08.59 PM.png,banana,rotten,local,v3_f17e3bd1a288232776c691087d4b1663,5b8f04b0d33c181b5d32df204a09e8d83e3ddcd191eeb3b518d9550042335ade,train
raw/banana/rotten/Screen Shot 2018-06-12 at 9.09.09 PM.png,banana,rotten,local,v3_f3332416e437e2be4aa6a8c30cf4d3f9,a76e57af7cdd25602501e5752600f8fdcb5bb3fcf8b5164c903f63716bbf7c6c,test
raw/banana/rotten/Screen Shot 2018-06-12 at 9.09.16 PM.png,banana,rotten,local,v3_9e543a3aae13ff258f4cd76b41e8998c,30d1be36c0c2b6a47cf8f6117c884192e1b3d1cf489bf188d3ba6046e14d055f,train
raw/banana/rotten/Screen Shot 2018-06-12 at 9.09.22 PM.png,banana,rotten,local,v3_3802e1ee48668e244d283cb5b5b8d309,1a9e9a8d9bf8f739aa7338f729545266370dff98574a36ac7e2ff853b318c436,train
raw/banana/rotten/Screen Shot 2018-06-12 at 9.09.43 PM.png,banana,rotten,local,v3_c831a4c16fab4d52b8e4a7f89be31da2,e1a0262a09f42bb172f725e1f8ae71a54a6311790bd37ad4f43fc287dfec7824,train
raw/banana/rotten/Screen Shot 2018-06-12 at 9.10.04 PM.png,banana,rotten,local,v3_a6ec6dbb57c54d77b77f0aefe928225f,1a2730ac39ae1d50af5f53ef9584c6901176adac4aaa95c2adaafc192cb55721,train
raw/banana/rotten/Screen Shot 2018-06-12 at 9.10.10 PM.png,banana,rotten,local,v3_ff41de06fefa5e1a48c0e22e89ba30da,909977bfb210f2d03b2cf27787637e5386c405d143da3cef19fe676d2d3795c2,train
raw/banana/rotten/Screen Shot 2018-06-12 at 9.10.14 PM.png,banana,rotten,local,v3_8a861e731e84ac2a2a1d7cb28382c987,edc314c5be6495b17f7b1656404c04a19622d742ff13d83be5fdc16cca6235b1,val
raw/banana/rotten/Screen Shot 2018-06-12 at 9.10.27 PM.png,banana,rotten,local,v3_212ed2194dace3beb86e1b93fb4e813c,919dad3202c28279b4c40d0991d65b05093721215f68a3d09da6cabedc543f3b,train
raw/banana/rotten/Screen Shot 2018-06-12 at 9.10.32 PM.png,banana,rotten,local,v3_a2ca0e1ba3f224832aefb9bfcaf269dd,006a143f2ab8efa0ad1fc9c3fe289cda6501c5bdd66361a6d7542cd9aa46f947,train
raw/banana/rotten/Screen Shot 2018-06-12 at 9.10.37 PM.png,banana,rotten,local,v3_8fbe580e075950953799f3a472e281fa,f992dda5615304cdb223a62f88eb07372c5c67bdca82a0a2b7c6cc4fa8e3b3c9,train
raw/banana/rotten/Screen Shot 2018-06-12 at 9.10.41 PM.png,banana,rotten,local,v3_18ca0efe1200bac1be5521a773aa679a,88324c92676fd8ccfedf929a56f2f6ee22d83af080d3161f0fce7aac1d5e8b0c,train
raw/banana/rotten/Screen Shot 2018-06-12 at 9.10.45 PM.png,banana,rotten,local,v3_047063bc8597d854c473a8a8edf847ac,6071a0c4f6fc4909ed81615ca489e6d97433db9048433128c16479f8d857468b,val
raw/banana/rotten/Screen Shot 2018-06-12 at 9.10.55 PM.png,banana,rotten,local,v3_e2790fc0090e8c1313b67ef49e1ab821,022589fb8f7c478b0b541c292b1ca5f93aa6aba7c5f5c4fcaac26f0aa93a8730,train
raw/banana/rotten/Screen Shot 2018-06-12 at 9.11.05 PM.png,banana,rotten,local,v3_f7a23e9df439208b07f551ea62dd8098,a3bf7b5ffc469753e69d9f7d60b1d712ef3fb438c545fb0d69287acac9bc7caf,val
raw/banana/rotten/Screen Shot 2018-06-12 at 9.11.17 PM.png,banana,rotten,local,v3_4444da344ff13e2d1117abce1aac3958,e942ac44971772a52614a2aa15a281b3c860f52e27a9d605ab856722e1422654,train
raw/banana/rotten/Screen Shot 2018-06-12 at 9.11.23 PM.png,banana,rotten,local,v3_555eb15b73bff96107c72c8e485f5e70,9f08f33abfda28ad4dc9e87c237be96964ecd5e095e99906ffc08a0ade300eb0,train
raw/banana/rotten/Screen Shot 2018-06-12 at 9.11.27 PM.png,banana,rotten,local,v3_809e48f439921c39e77f48033b5d29cc,808dcf11105e6e40117d6e60d9b4075288e228074c84d040d13ec4ef2300207d,train
raw/banana/rotten/Screen Shot 2018-06-12 at 9.11.43 PM.png,banana,rotten,local,v3_c105877af848b6a63f6e42984fe6401b,e745b00b6acea2fb3e07f280a1cde67992ba6fd1bfa6285ef2eb266858de7304,train
raw/banana/rotten/Screen Shot 2018-06-12 at 9.11.47 PM.png,banana,rotten,local,v3_867b142223db1f895d7f67da968e64a7,279c5657d25fd8bb3f15774d4fab9ff798c070bfc539250ee88c8b630318dcbf,train
raw/banana/rotten/Screen Shot 2018-06-12 at 9.11.52 PM.png,banana,rotten,local,v3_fbae3d8adf726fbc164105d55249578f,43bf4ceddfa1db2a98ae068addc4de8e222b3c593d23d985fbf3e7b9d5c34d0c,train
raw/banana/rotten/Screen Shot 2018-06-12 at 9.11.58 PM.png,banana,rotten,local,v3_0adaeb3ef3dd3c3d78b90b8fc2ea0126,0e4d9924fc989e37a3383555808ccc33d1091aea34e799076b63542cfc02534c,train
raw/banana/rotten/Screen Shot 2018-06-12 at 9.12.06 PM.png,banana,rotten,local,v3_3219945befaf2265a3888945cb557a6d,524efe37662261f74951d2256b20736dc9c8694942e1c9a94eac275eacc52ec0,train
raw/banana/rotten/Screen Shot 2018-06-12 at 9.12.11 PM.png,banana,rotten,local,v3_63159526d637d83368c90143e0bca446,9ab6733f9f015effa130aac397b1c449df14243b0e56b4af6f079cb73e6affb3,test
raw/banana/rotten/Screen Shot 2018-06-12 at 9.12.17 PM.png,banana,rotten,local,v3_1fb80a607e66fa68758797f452b7615d,217d6bf388f492f0ba1b1ef4266d5917f9ab8cdb9f5a870710a4a5e3f0c20692,train
raw/banana/rotten/Screen Shot 2018-06-12 at 9.12.27 PM.png,banana,rotten,local,v3_2c74ca60c72c05f08e125ff9fd38f3aa,da0f88e07e701eb9d16ae917cf54f00174bd7af27434908e46bc2d96a4540800,train
raw/banana/rotten/Screen Shot 2018-06-12 at 9.12.32 PM.png,banana,rotten,local,v3_2c8d92cd80ceec3585a330b2a07d51db,738a3a5b12b879c454ef1d60ebd80dd960f19de029ae2c7d28ca70256b09bff6,test
raw/banana/rotten/Screen Shot 2018-06-12 at 9.12.37 PM.png,banana,rotten,local,v3_7747d906d80e55dad8e5d0f896ec43f6,33d1c5440ea12ab130c8a57a399a8cb4f30a8cd9cfa61175fead18597ea4610f,train
raw/banana/rotten/Screen Shot 2018-06-12 at 9.12.49 PM.png,banana,rotten,local,v3_9d486c8158f0fd27d2b81fa22a23ebc3,7452c7a3d635a990233b7bf91a4688e931745a10f6159189e3120b1c65e0cefd,val
raw/banana/rotten/Screen Shot 2018-06-12 at 9.13.04 PM.png,banana,rotten,local,v3_349266a3b4b533011c4f2ce6f06e4225,7c3263ca03ee1beecaa1dedc06b49a2692b71d2109717d931db0b0840148c216,val
raw/banana/rotten/Screen Shot 2018-06-12 at 9.13.10 PM.png,banana,rotten,local,v3_8d0393ff204445b28570e8cf03245cdb,6f9688a0e3f5e9447dfc81878f54649291f7a037ac79ba63e7547120a13c71bc,train
raw/banana/rotten/Screen Shot 2018-06-12 at 9.13.28 PM.png,banana,rotten,local,v3_8fe76cb68c44a53af7b93f97c943e798,879f4241e37a6ed964619e2cfcea1635137d251040dae333d29ce5bc601d8f16,val
raw/banana/rotten/Screen Shot 2018-06-12 at 9.13.39 PM.png,banana,rotten,local,v3_21a8c8e008d6fb93dc5cb926a3b9c74f,e5d210aff7b667e471c13d6e95012b4e51a9ad74947767f6b9ea62631c8c1b88,test
raw/banana/rotten/Screen Shot 2018-06-12 at 9.13.54 PM.png,banana,rotten,local,v3_9765bcead761543be39940697fdfb24d,13bfdea65363cb96e57c9228a4c85dc067c89d25346bd2d5e4f65efbd4ec4081,train
raw/banana/rotten/Screen Shot 2018-06-12 at 9.14.01 PM.png,banana,rotten,local,v3_9e362daf92d6f3fb4cb190b400892672,5fa2a11f8a856287e24ecdf457df06d7cf8a56660a4bd1131b6bf5878ec655ef,train
raw/banana/rotten/Screen Shot 2018-06-12 at 9.14.13 PM.png,banana,rotten,local,v3_87790997951b4524e53cc403b84d7f02,9e46430b4a8b1ecd4230eba6cfa18ff27f12b6edfa629859678e1a2f045dd82b,test
raw/banana/rotten/Screen Shot 2018-06-12 at 9.14.28 PM.png,banana,rotten,local,v3_3b2787ccbc414f2293441953d394e1db,09d6c49347f30a24f33db683d909e6b8eb047465871dc98f8fd317c9df2b698f,train
raw/banana/rotten/Screen Shot 2018-06-12 at 9.14.43 PM.png,banana,rotten,local,v3_af63589c46a80e9adcdc52344c4ebfcc,574a9bbd3f1cb5da71d214880542ef2a642af1e9d79671e1be6cfd575d529f21,train
raw/banana/rotten/Screen Shot 2018-06-12 at 9.14.48 PM.png,banana,rotten,local,v3_3f9eed0558fa9cedd3f58c2da71f7a15,ad7b5234cefeee9f7895a6511fbef9e98aa88801b15d48bb65fd28af189a6ea5,train
raw/banana/rotten/Screen Shot 2018-06-12 at 9.16.34 PM.png,banana,rotten,local,v3_96b55f001a2e43a7338dc793f2c15b7f,53327193cd957f61730dfd7b86d7dcc3439bad5f4a7f570828137d90c9168b75,train
raw/banana/rotten/Screen Shot 2018-06-12 at 9.16.47 PM.png,banana,rotten,local,v3_be1e7e27e56e4c02e257305e0d9897e3,03781870641ef3fe83dd8bd71653e2f6b3a808270acc32466221a96968d59623,train
raw/banana/rotten/Screen Shot 2018-06-12 at 9.16.53 PM.png,banana,rotten,local,v3_4114f1a2ba13e8327f766c03179845b7,aa8dc99576d31470c15f5f993f66957a31b9eb451fbf9515f4b122f4e1b53232,val
raw/banana/rotten/Screen Shot 2018-06-12 at 9.17.05 PM.png,banana,rotten,local,v3_85dafa0b4363d2c81152f9a8dc6c24d5,6e1627a86d231fba6fc4d94e1b313c0e1e3b56540865b656defb60feb6b9cdad,val
raw/banana/rotten/Screen Shot 2018-06-12 at 9.17.14 PM.png,banana,rotten,local,v3_0ad18c839207e2aa567da4f469459301,4ec1a2da64f9c90dcd35d65a57e869d9c3913bb6a9cb8b1dca581d45d41bf637,test
raw/banana/rotten/Screen Shot 2018-06-12 at 9.17.19 PM.png,banana,rotten,local,v3_00f26ffa33114802ac83961515244d18,b067a4934ed866190edde6212c9f49ce3abd70aeea41e48e82789826cd67df84,train
raw/banana/rotten/Screen Shot 2018-06-12 at 9.17.27 PM.png,banana,rotten,local,v3_426d3d214094033056e1094bac4babb8,bc6026f1c516c83e70358aa605967718fcd8f190856e5002a7367c6024b8243a,test
raw/banana/rotten/Screen Shot 2018-06-12 at 9.17.33 PM.png,banana,rotten,local,v3_898f095f16b71263869f612fe93e5b44,e50902ee9e71294d9bc7e6c38e3b44bb14126953ccc3e6549c4962b2205db7d8,train
raw/banana/rotten/Screen Shot 2018-06-12 at 9.17.38 PM.png,banana,rotten,local,v3_512833359fbf839f6853aeb4e10d645b,4f559c85adb73a62f2283fcd96e05eeb016e23b343ee2ffe86edf06c322f4e39,train
raw/banana/rotten/Screen Shot 2018-06-12 at 9.17.44 PM.png,banana,rotten,local,v3_7fc7f1e0261e7c9e971cc0b4efae2dcc,f4980b213256ee49aac7c496dad3f9394df9542ff34ec5f06b773383638010d0,val
raw/banana/rotten/Screen Shot 2018-06-12 at 9.18.07 PM.png,banana,rotten,local,v3_467e7489523020eb09ddd28c4eb428c9,11423599c1b838bb58d8df62b1f41e41159d900c4d4401794aad656f8e2faa90,test
raw/banana/rotten/Screen Shot 2018-06-12 at 9.18.11 PM.png,banana,rotten,local,v3_818e2788ee84a06c57b49670be08cdc2,b9e3e728cf88dab929bd5b377af95cf11656cf670c74026bb4141f4b23a470c7,val
raw/banana/rotten/Screen Shot 2018-06-12 at 9.18.43 PM.png,banana,rotten,local,v3_0e4d040fced52946672e5cad5b8103df,51bd777d481a0a9791e41f77b5bde27c965affccd7376aa0b0396795e42fbdf9,val
raw/banana/rotten/Screen Shot 2018-06-12 at 9.18.50 PM.png,banana,rotten,local,v3_c28a761fa8487952b73f6d4655935713,2ba0d6e70693b0795f38353bcb5e5f0ffc1db22f68995a05dc28566216e0fcf4,test
raw/banana/rotten/Screen Shot 2018-06-12 at 9.19.03 PM.png,banana,rotten,local,v3_f970687156a5e58118c9f93a3f471864,e04af64a9df9f785f50a664e9b79ee97e22040d63ea401fbd5aa8ea905973944,train
raw/banana/rotten/Screen Shot 2018-06-12 at 9.19.08 PM.png,banana,rotten,local,v3_71a168a4c804359926d17084f08c67c6,20a15f8afabce48e7ba19d9bbb579153543fbef861e1ff8e4ab3aa1f7153e570,test
raw/banana/rotten/Screen Shot 2018-06-12 at 9.19.12 PM.png,banana,rotten,local,v3_4ddbeecac00811a0dab2d6d1eef34718,8175ae2db050c845358999943758ce36b44759559a89dbcb843a3ae06efeb16c,train
raw/banana/rotten/Screen Shot 2018-06-12 at 9.19.28 PM.png,banana,rotten,local,v3_90e9823c2e37c3d83bd5799f92566bf6,40adc862f639f3921a5a84fbd5446fcd86bc0406c3dafceac194545949e7fe61,test
raw/banana/rotten/Screen Shot 2018-06-12 at 9.19.35 PM.png,banana,rotten,local,v3_ee8a3cb86b9c3b09acfa1905768d723c,1844c85b896589f881900e04c3bf4b42eb65505bfb146a03ee6b182148d2e8dd,val
raw/banana/rotten/Screen Shot 2018-06-12 at 9.19.42 PM.png,banana,rotten,local,v3_864a443d7bab6faf72bcfbd05bda6f83,90183369899c2b7d3ce5045de87cd8ed5f08bdf8a0d22f8b226a72caeb383469,train
raw/banana/rotten/Screen Shot 2018-06-12 at 9.19.49 PM.png,banana,rotten,local,v3_64840c79e2d7ad79f2abfe4335b2de7f,fd412663dac5a94b1aade53c3d7453d5df3fb4137545f56ec2d8cede7b0e2ffe,train
raw/banana/rotten/Screen Shot 2018-06-12 at 9.20.01 PM.png,banana,rotten,local,v3_bafb9a28ce536fd838f19b3b7ed518f1,5622e47d2351c66482ac7f8a960e083d5969999221e083dcc4483886b06b74e5,train
raw/banana/rotten/Screen Shot 2018-06-12 at 9.20.07 PM.png,banana,rotten,local,v3_83a4e03aa43c560d187872e13bc84527,40e9239a92110ab40e22bcb3786b3b251bcf37ad14e6277406d8b93f64a22c48,val
raw/banana/rotten/Screen Shot 2018-06-12 at 9.20.14 PM.png,banana,rotten,local,v3_c5c61bdf2dbe30315b3c26d6eb9b4c34,37384b2741bb157c8c4a86b0f730675d0fc13437c7fd0a7352a69d5782b81ee7,train
raw/banana/rotten/Screen Shot 2018-06-12 at 9.20.20 PM.png,banana,rotten,local,v3_58d0aa11cbdb34fc8cae0e4cb2a76b98,7d094a8b44b53f909cd2b903ccf15541f04e56f98dcdda946f0bf0bae7fe7b37,val
raw/banana/rotten/Screen Shot 2018-06-12 at 9.20.31 PM.png,banana,rotten,local,v3_6372b3aa237aad7f998052f6385626a0,0e5209d618e7856f3b1676a543771da29ba05d947e80e243f5bcc728ded9ea0b,val
raw/banana/rotten/Screen Shot 2018-06-12 at 9.20.36 PM.png,banana,rotten,local,v3_43f63b11767b5661054cc4d16b234523,a6771d19e9e48ea36929b438a07e4f6bd1c16893a2e3afba55322ea05cfc13c8,train
raw/banana/rotten/Screen Shot 2018-06-12 at 9.20.47 PM.png,banana,rotten,local,v3_8d6573f5d43188578b3f8e1f2eec22a9,48291609bb4ec7e176078d48a7211de87e4815b3163395de084416da10dac3ca,train
raw/banana/rotten/Screen Shot 2018-06-12 at 9.20.52 PM.png,banana,rotten,local,v3_dc3f1bc1816559c05db4a7ec6af32648,540c46fcddb4db0a00ac61412e9e99b0932e15e1686f31683f5da0cd4b2c60c3,train
raw/banana/rotten/Screen Shot 2018-06-12 at 9.20.56 PM.png,banana,rotten,local,v3_e3983064ef912984188c3d355ca24775,5ba4a2ca333367858f35cbd3c4e83152634305d9fcff9ab2c6040eac922f9c15,test
raw/banana/rotten/Screen Shot 2018-06-12 at 9.21.00 PM.png,banana,rotten,local,v3_3f10dee512a975f98bf7fbd78c72b121,671a151bd3e482c9364f1f34e716ecdc9b9225afa240283ca4acf4bf22be8660,train
raw/banana/rotten/Screen Shot 2018-06-12 at 9.21.05 PM.png,banana,rotten,local,v3_94356e190a81d581c43d258df5b930e8,7f339bc5e7bb5f5adff3fa93d9aef28a2d986bd3cc199758b9fb812c8349b3a5,train
raw/banana/rotten/Screen Shot 2018-06-12 at 9.21.10 PM.png,banana,rotten,local,v3_6bc303fc446def17e789cb6da4434782,da0a80efd9a8a1994907c3cd2092ea781df6416e449a88671193e62463ec2f0f,train
raw/banana/rotten/Screen Shot 2018-06-12 at 9.21.14 PM.png,banana,rotten,local,v3_e298a496f2fe08005a9f442c72f5c049,c5e82cdd3c9da6746c0a2691c1c136e2b461397da260fe33af7274730456df4a,train
raw/banana/rotten/Screen Shot 2018-06-12 at 9.21.20 PM.png,banana,rotten,local,v3_43f63b11767b5661054cc4d16b234523,e776f3c1ef8bf9e92d6803f76172bbfb280a4aa19fdb61f08a41df20b0660d10,train
raw/banana/rotten/Screen Shot 2018-06-12 at 9.22.13 PM.png,banana,rotten,local,v3_a809d378d69d5af1916b9c126aafc678,f3703ee167b15aea07465c21f2a54f37ed9fe12654bde5dcd962eea78fe37366,train
raw/banana/rotten/Screen Shot 2018-06-12 at 9.22.19 PM.png,banana,rotten,local,v3_cbb04f61bafc2d1c9cb2029e5066b3bf,bba93fb39cf745ac330e02d9aaaf4c498b5856400826d64aca615ca32f01e518,train
raw/banana/rotten/Screen Shot 2018-06-12 at 9.22.25 PM.png,banana,rotten,local,v3_f00130d056fd39673826564506e22695,566ea2814bf5990134d82f0daad9a747cdddb9b01e215a07e5ae37e546d2650d,train
raw/banana/rotten/Screen Shot 2018-06-12 at 9.22.37 PM.png,banana,rotten,local,v3_40d6b59113ab02d8162d496a30a2c7b1,05a7ceef71dd5623573fb66c8ae6511c0131516162f3f0544ea175414c214875,test
raw/banana/rotten/Screen Shot 2018-06-12 at 9.22.50 PM.png,banana,rotten,local,v3_4e7d78240e15504e1c18b660021e9e4d,2b461f6d834c73029b50c6fa58b83c44d47fbf87dfaedd503ac3c86bdf10469a,val
raw/banana/rotten/Screen Shot 2018-06-12 at 9.22.57 PM.png,banana,rotten,local,v3_b054db0106513f4a6cc5d9dd2ef63458,65bb4d81e064b375a637da484a47bbacc71fe6fbdd7c98f6c945ad6897667934,test
raw/banana/rotten/Screen Shot 2018-06-12 at 9.23.10 PM.png,banana,rotten,local,v3_7ffefdfddb0c5785f5415f6391cc039d,4ba2add038fe29d8ffd59fdc51c66df0d27df06a2fc059415cf1df7b80e596c8,train
raw/banana/rotten/Screen Shot 2018-06-12 at 9.23.15 PM.png,banana,rotten,local,v3_63ecee0daf2a202e791632ec434003de,361044c30f23b037010cb3b46317dfc4a007967e5be36020886f663bc6e5a23c,test
raw/banana/rotten/Screen Shot 2018-06-12 at 9.23.24 PM.png,banana,rotten,local,v3_d0b6a11d7c8f3159944855f1ea7369aa,a2c673f5aba2aff9289db470bd9d80711f6206ea111eee07518197a7168a8c46,train
raw/banana/rotten/Screen Shot 2018-06-12 at 9.25.04 PM.png,banana,rotten,local,v3_e0f17c2ed0e4ffcf18d7be9abd64e3b0,19ba16b8d2ddc957f3b344933099310cd154b9cf92bdae0474db128e748b4467,train
raw/banana/rotten/Screen Shot 2018-06-12 at 9.25.09 PM.png,banana,rotten,local,v3_31bd22d30681d03d4dce5b936d83c8af,aef19116c0da233efe96e9aa2e65414b9adaf3f6a12f54aaa679bc7479982452,val
raw/banana/rotten/Screen Shot 2018-06-12 at 9.25.12 PM.png,banana,rotten,local,v3_6e8ff2fc8962aa421c523c0c5bd9840e,4174bee1cc7cea8f0ab52c63b5823dbe839cc1040c8a7a9704df155562ff18cf,train
raw/banana/rotten/Screen Shot 2018-06-12 at 9.25.18 PM.png,banana,rotten,local,v3_8e5acef4a54c8a37257953b4f0330f0a,acdba657cb8d0aaa60a5c17ede0464ee19c6171adf9e1567dcc8ba84f0837508,val
raw/banana/rotten/Screen Shot 2018-06-12 at 9.25.34 PM.png,banana,rotten,local,v3_118ed7e26e54e24e27292388a9bea3bc,6e05c85fca260d52e76a10a1bf9fd7af3776d4c6581e4b12748811be1ff874e4,train
raw/banana/rotten/Screen Shot 2018-06-12 at 9.25.46 PM.png,banana,rotten,local,v3_5d6e9cccee6e10f1e52553270693edb0,59d5cd51204aba76ce83804527c53fb37911a287890293d4cfc25ebc5a9461d6,test
raw/banana/rotten/Screen Shot 2018-06-12 at 9.25.54 PM.png,banana,rotten,local,v3_4f9573f9432f8f0ea69d2c0454b77810,a08e85146397614dc002b668cbb4609b0c53e395cf36f15e482b9cf78c7a631e,train
raw/banana/rotten/Screen Shot 2018-06-12 at 9.26.01 PM.png,banana,rotten,local,v3_a4a83bf19c38b44ff43662e4554d6e42,7f32f7db27a191bfa335afef4181868686da7706ce62b0db480233473705f658,val
raw/banana/rotten/Screen Shot 2018-06-12 at 9.26.07 PM.png,banana,rotten,local,v3_bfe7d8465e1d75949eea1a90a67536bf,8b21f8d1985b171b584b388a26dd328d8dcde3bd9b7a8d4d6e143b52a75c3cf4,test
raw/banana/rotten/Screen Shot 2018-06-12 at 9.26.13 PM.png,banana,rotten,local,v3_0e986d03258f1532f0706395967cede1,1fb9f80d356077bcebb8748e51163d3ff2129cbca8903b4bfcc40701a62499be,train
raw/banana/rotten/Screen Shot 2018-06-12 at 9.26.21 PM.png,banana,rotten,local,v3_97e81bc8b17d25b887de168b12dda0e9,77168969b9395dcc7f6956517c9c4d1b839961ed89ae3af8d9bc5c98d9891854,val
raw/banana/rotten/Screen Shot 2018-06-12 at 9.26.27 PM.png,banana,rotten,local,v3_1acf6dbdd8df1d9d7bd31ca72c744aa3,fb6e29a874b9213b0eb083811d8c2a53f407c42a641acbc67e3d9c969a10652f,train
raw/banana/rotten/Screen Shot 2018-06-12 at 9.27.11 PM.png,banana,rotten,local,v3_2ca8483c647f76483589be2b46e391c4,904d7609a8dda7e0f4659da7be31a003498e76ebe1475610a5caa92db32e7a32,val
raw/banana/rotten/Screen Shot 2018-06-12 at 9.27.15 PM.png,banana,rotten,local,v3_d79c3004ad8caef983c35196fccf2a5c,8bb9932a139e9c0fc162a5393db6956a150a1d52b8be9043c6b1a18aeab4a3e4,train
raw/banana/rotten/Screen Shot 2018-06-12 at 9.27.22 PM.png,banana,rotten,local,v3_3e71bfff103b0368a43d8812cfeecfe9,4d51a82ef9ebf15262f7360fc73e5a6a1b17337015971968666087de84defdc0,train
raw/banana/rotten/Screen Shot 2018-06-12 at 9.27.31 PM.png,banana,rotten,local,v3_d5023c0e830b45b99e9550adb2f6fcfe,9b2cba6073f5470960963c72985c87ce08489193fd761d0bad0e384d8e700031,val
raw/banana/rotten/Screen Shot 2018-06-12 at 9.27.41 PM.png,banana,rotten,local,v3_f971d57afe7f562e56f69c11b78f30d2,c6ab7e78fb77145e20b49b4a2e52d1c49673691e75da2d71ac3063a8487283c9,test
raw/banana/rotten/Screen Shot 2018-06-12 at 9.27.46 PM.png,banana,rotten,local,v3_edc411d70165a8e0a77147647c7b4cdc,10fe0c5c4be81ae1e58df2eeb013c01275e3c7391618a80306a5939932ffe223,train
raw/banana/rotten/Screen Shot 2018-06-12 at 9.27.52 PM.png,banana,rotten,local,v3_72b83a2a3f90da7c40fe28ecf135bc69,3a0efb4aa8813f602ed822749c4e9a4d9c16170872730500c04a016470d9935d,train
raw/banana/rotten/Screen Shot 2018-06-12 at 9.28.09 PM.png,banana,rotten,local,v3_8f0c9a7fd8e5392fe7d30d4ebca33ed0,5c6c197d93922e64cc609d53558ed84ddcaa69979c0b61117244c2c70932f9b4,val
raw/orange/fresh/freshOrange (1).jpg,orange,fresh,local,v3_e989fa9869192e393a1acb4d666eb6ea,ee9ca9df26d3697c276f285cfda796c5edfe3714f8c08aed84bbcfffd9061b1e,train
raw/orange/fresh/freshOrange (1).png,orange,fresh,local,v3_e989fa9869192e393a1acb4d666eb6ea,9f5405da8c9eb88ade5c3d5d35950667ff6562e07e6a46153590b0e319e93cce,train
raw/orange/fresh/freshOrange (10).jpg,orange,fresh,local,v3_38a6ae015a4dd03ab6fa6bb66b276b9c,03b2a59f82436d07a879a074930fbcd23affcf911c9c1cc57d4a2cce09661340,test
raw/orange/fresh/freshOrange (10).png,orange,fresh,local,v3_38a6ae015a4dd03ab6fa6bb66b276b9c,6e03546092451231b2f7b14a1f95c9f9a959280c4d5eb37d1db2bfd6b0771070,test
raw/orange/fresh/freshOrange (100).jpg,orange,fresh,local,v3_e93a31f316e7aa98835758d5076a3bc3,cca0e42125193246e4d64abf243e6dfad7350748b047034b37cff541ba66a84e,train
raw/orange/fresh/freshOrange (100).png,orange,fresh,local,v3_e93a31f316e7aa98835758d5076a3bc3,e6969dae71ee773891c5aacf143fed2461c887dfa798567cab7755947e3e5c3c,train
raw/orange/fresh/freshOrange (101).jpg,orange,fresh,local,v3_87f23107555eaff3b9579e8ae80ef110,82895d47c5527d8b471d25a9bd117c58a8e6f95844d89495f9d866fb2a0c652d,val
raw/orange/fresh/freshOrange (101).png,orange,fresh,local,v3_87f23107555eaff3b9579e8ae80ef110,a4e00976d4dbcee1c6300b7b2377d449af5a76cfb6e7a6f39daab08a90a9fe2b,val
raw/orange/fresh/freshOrange (102).jpg,orange,fresh,local,v3_42a22188b3f0791b75457a13f5d49a55,9c8fabe6b46475c6dad23b02f97dcf71ddce2e1ff04db67f5776d6bbf3228507,train
raw/orange/fresh/freshOrange (102).png,orange,fresh,local,v3_42a22188b3f0791b75457a13f5d49a55,0c8fc2de53d667f20a66615040548401539296fac33bcd7f1ed76291d2f546bf,train
raw/orange/fresh/freshOrange (103).jpg,orange,fresh,local,v3_0b75d33a417a69b19f59d49a7204f64b,f34a3d592b37df04ce44cd7ccc54ce523cf30476b17ddf3f18a92ca130e9e161,test
raw/orange/fresh/freshOrange (103).png,orange,fresh,local,v3_0b75d33a417a69b19f59d49a7204f64b,a38a61edd95259340a69b0b7511d059e1a05247a4cf4d10fca30821e885883e4,test
raw/orange/fresh/freshOrange (104).jpg,orange,fresh,local,v3_a0d142a27b4439cd9b88e6d30b47eb87,beeaaaa7fca0a057e5f74dce8c46c2d9b283165b58d2a7a623005563eac248e2,test
raw/orange/fresh/freshOrange (104).png,orange,fresh,local,v3_a0d142a27b4439cd9b88e6d30b47eb87,44df0ec2b1f60fbe900e75329e48dec9396f2f9a4938ebc7ee7c57ab55231ca7,test
raw/orange/fresh/freshOrange (105).jpg,orange,fresh,local,v3_4cd7ce7f4c2a14e8fb5c3cf679a2cdfa,4992e4a40e70698a9f82b91d633497b540ee724ae5b140bcc5c170464aa6d808,train
raw/orange/fresh/freshOrange (105).png,orange,fresh,local,v3_4cd7ce7f4c2a14e8fb5c3cf679a2cdfa,bb4865bf5d5022147fa4a76a2ea529f5f02d618157c83235128e499596e4d2f3,train
raw/orange/fresh/freshOrange (106).jpg,orange,fresh,local,v3_d02e0a8abedeaa7494bc3ccb994bdef7,62b04d65ff5334c708f82bd14d58c6007ff07513837d4649bef29a42bd9f4fe0,train
raw/orange/fresh/freshOrange (106).png,orange,fresh,local,v3_d02e0a8abedeaa7494bc3ccb994bdef7,c460de3d357e5b02585f6a96a711f15c8a76dea4815707a2b09366efb5e77723,train
raw/orange/fresh/freshOrange (107).jpg,orange,fresh,local,v3_492bad78d2f48c208691f8cf4ae1a96b,a31a0ed1bb050e4a3789617067de665b2af7bc1610926ba6ecc432be4a64f71c,train
raw/orange/fresh/freshOrange (107).png,orange,fresh,local,v3_492bad78d2f48c208691f8cf4ae1a96b,3bb56f4e72dc651189a3b4a9e0011b328040b14de07d7c872e0158f023eb54b3,train
raw/orange/fresh/freshOrange (108).jpg,orange,fresh,local,v3_09ac97c3a3a58a7f26e0b326ce9eb3b0,315788f9762ede539aa59c9d6278b1a8db1334a16f24d2344a01cc0ff2950cdf,val
raw/orange/fresh/freshOrange (108).png,orange,fresh,local,v3_09ac97c3a3a58a7f26e0b326ce9eb3b0,bcb26fdaafbd7e53a125f5f5b80cbef8b32d540d0f7e06c9b622113ff5f36180,val
raw/orange/fresh/freshOrange (109).jpg,orange,fresh,local,v3_720a0c5ea40e2c5d3dcc7fff8026a2ce,f39f15717aeb9ccc62e44ac29568a0baf150f0715ab946570ddac5b81f8f3da5,train
raw/orange/fresh/freshOrange (109).png,orange,fresh,local,v3_720a0c5ea40e2c5d3dcc7fff8026a2ce,f7710e1c4fcf1f35daf083f5e7fe387a8dd14d1733fbab0a13828987041323a4,train
raw/orange/fresh/freshOrange (11).jpg,orange,fresh,local,v3_13c0d5d39e6dfad94a842fe43dbec48e,1e03006e01eb9eb6b759528827e0492036080ff87ee17153717455ecfaefa5ec,train
raw/orange/fresh/freshOrange (11).png,orange,fresh,local,v3_13c0d5d39e6dfad94a842fe43dbec48e,96db31858f1cec2eb3dacdd935ccb44cda19dcd2eb5ad9683d7d6ad6e246db65,train
raw/orange/fresh/freshOrange (110).jpg,orange,fresh,local,v3_f6c15beccc67c21905d3cf26421fc5dd,8664a2e4f1422f90460fc3dea30b84314ca06e9f94ac482662ebfcad3194a1b5,train
raw/orange/fresh/freshOrange (110).png,orange,fresh,local,v3_f6c15beccc67c21905d3cf26421fc5dd,9d55ed1242da058987b036a629ccab9308256834400fbc63d882a2f63198b673,train
raw/orange/fresh/freshOrange (111).jpg,orange,fresh,local,v3_00d53c2791d436096d6ae63897046773,4b524f84218f312606520a44c28b28f9f47d3b3cbfb71fbf68c2e4eef654aa83,train
raw/orange/fresh/freshOrange (111).png,orange,fresh,local,v3_00d53c2791d436096d6ae63897046773,3bc857d2085c8b56362a6ba8069a2b0cf2d8bf54227b5499ade72cc16a99a2c0,train
raw/orange/fresh/freshOrange (112).jpg,orange,fresh,local,v3_8258d407e6f3daf399b9413d37e9dc9d,4adbd577e4e7c9c76d994dd3a5adb2cab2b2aa105b6a213edc6dae494033026d,train
raw/orange/fresh/freshOrange (112).png,orange,fresh,local,v3_8258d407e6f3daf399b9413d37e9dc9d,cb252dc65ed0f48f49d9084e57bc584027481e859ea049091de1897942ff3ea6,train
raw/orange/fresh/freshOrange (113).jpg,orange,fresh,local,v3_6f115ba425e4314b2ceba7a083caf4fa,7f4f8b967a25f623eca16283742d7ce6e33c52a436381a183b2213d107651dcc,train
raw/orange/fresh/freshOrange (113).png,orange,fresh,local,v3_6f115ba425e4314b2ceba7a083caf4fa,f25ae48ce779c93e76c63a5669c7c322627ee1e7c740e5cc18f48228c6457d86,train
raw/orange/fresh/freshOrange (114).jpg,orange,fresh,local,v3_760d259b1918887b7883eb3c22bb4bc7,3b9182d281e52a6998daa8d18e897adf8121418f60116c38e3c81c3979648187,val
raw/orange/fresh/freshOrange (114).png,orange,fresh,local,v3_760d259b1918887b7883eb3c22bb4bc7,d6712a30f47e88c71bc9a0099ba9272f16d8623f70cbebf5db9aaf67596e9a54,val
raw/orange/fresh/freshOrange (115).jpg,orange,fresh,local,v3_f48db510ccb5e1d5a5a25b57bb7e2c3f,d1e54e5838b149171013d743a91168cc7d79bebd25cd5ba9d746bfd319e9a70d,train
raw/orange/fresh/freshOrange (115).png,orange,fresh,local,v3_f48db510ccb5e1d5a5a25b57bb7e2c3f,efce149d2647a1d4a7a172257a244f0b2a46fb9974b999b547a6854e08e83203,train
raw/orange/fresh/freshOrange (116).jpg,orange,fresh,local,v3_78321bbee8d8daed6328546d3e8660d1,b6008993da548356f8bc26cdf3fd95df9e382f2038b21051aafa2b517e2649de,train
raw/orange/fresh/freshOrange (116).png,orange,fresh,local,v3_78321bbee8d8daed6328546d3e8660d1,792dbd6c35494a66921be53e51d71d8a04be53135828222ba9a613bec0b9837d,train
raw/orange/fresh/freshOrange (117).jpg,orange,fresh,local,v3_c6a0e9777bd10cbe508f767640e7af73,411fbc77b3bb2f4b3f9d251d0465b09bd75a43ca27c4c8346990e6523596d7c1,train
raw/orange/fresh/freshOrange (117).png,orange,fresh,local,v3_c6a0e9777bd10cbe508f767640e7af73,0ebd4061ad6210672644dfcfd18fe7893bed9f309b1c717d1bf63ff113905fbf,train
raw/orange/fresh/freshOrange (118).jpg,orange,fresh,local,v3_d9bd94eacee9d9394839dacfae8d5a4b,5fbabbfa1ede16740e5c3166ffc924ebce772697605a4d5f3852fb95c303d45a,train
raw/orange/fresh/freshOrange (118).png,orange,fresh,local,v3_d9bd94eacee9d9394839dacfae8d5a4b,b04bcb3a68a17fc8fa343a56ea52acd843c689185e2c9baa8f4f617738c75809,train
raw/orange/fresh/freshOrange (119).jpg,orange,fresh,local,v3_f17e6b99b36179eb336556f264ee5372,a1e4d8439a2af29b970311668dc4b78e6d68404a48eaf527f811aa85ee4fc624,train
raw/orange/fresh/freshOrange (119).png,orange,fresh,local,v3_f17e6b99b36179eb336556f264ee5372,b6b77c44085054b98616c3bebe4c790970f0bca999c27ba3107f97d9ffe0d9f4,train
raw/orange/fresh/freshOrange (12).jpg,orange,fresh,local,v3_5805687b47244b1915a83b28803c2f73,7c68d162f1436afb82e3f602cc35bbb9b46946c36efb421ada58f292df900b6b,test
raw/orange/fresh/freshOrange (12).png,orange,fresh,local,v3_5805687b47244b1915a83b28803c2f73,2debd00ec77eff84265068a824f4df1693ac0cf4f710107c70e84a034965fade,test
raw/orange/fresh/freshOrange (120).jpg,orange,fresh,local,v3_a00f0c14bd1807636fe276e7dc009f1e,f756354966d7c9cfbc5ea33217802460744911e058a9b3dbddebd0bd3adb4bd6,train
raw/orange/fresh/freshOrange (120).png,orange,fresh,local,v3_a00f0c14bd1807636fe276e7dc009f1e,e252389093f100a35bbea8980bcaa392c8b1a10f73977a65767010a82b571bf2,train
raw/orange/fresh/freshOrange (121).jpg,orange,fresh,local,v3_c3f8706147d8dc3458f87af006480444,b1274805b64937481af79a6f2265db5bbd65b34f62abc06dba3707c73e501526,train
raw/orange/fresh/freshOrange (121).png,orange,fresh,local,v3_c3f8706147d8dc3458f87af006480444,1918d8da6ca328e19baa1c6a569a01ecc86bcf0f959434d0865ea16d9e2e2290,train
raw/orange/fresh/freshOrange (122).jpg,orange,fresh,local,v3_6e4246610e867f92670cae3e992efe87,7ea95c4c2555700090b3c3c873d918a5dabed5399426262ac70037112d1f2136,val
raw/orange/fresh/freshOrange (122).png,orange,fresh,local,v3_6e4246610e867f92670cae3e992efe87,da945b85e23d82be7bba30866daac776777d4b9ca814c32966efb2dba6e93eaf,val
raw/orange/fresh/freshOrange (123).jpg,orange,fresh,local,v3_c612c1d774659faa65556c2b8c512d60,b35f38915c207465178aa853ad352cdc2a4d65b50bb173f84747d7671e2ac55a,test
raw/orange/fresh/freshOrange (123).png,orange,fresh,local,v3_c612c1d774659faa65556c2b8c512d60,a0523caa7e5420cc27d209904e9e25dd4444037e48f55f3e8948abd9fb100a7e,test
raw/orange/fresh/freshOrange (124).jpg,orange,fresh,local,v3_24a08931231cc3954c09cb39c1c5369b,59dca1527c4c41d906cc09080c178b6c62f316c862cd1f8677d082187b42875b,train
raw/orange/fresh/freshOrange (124).png,orange,fresh,local,v3_24a08931231cc3954c09cb39c1c5369b,6901ff6d484254637d9d03e87a562edfffddfcd7cfa03dca97a6be1122ea59b7,train
raw/orange/fresh/freshOrange (125).jpg,orange,fresh,local,v3_df126df501928da26b0da2737c2de0a9,71ceb56fdfe67cd76768796895878ffe935c661aad2adbc0093562c87bdd0a64,val
raw/orange/fresh/freshOrange (125).png,orange,fresh,local,v3_df126df501928da26b0da2737c2de0a9,c2a38dcd87e7ab74a2f80b8b0fb800c30543556884160196fe8764f9af7a5716,val
raw/orange/fresh/freshOrange (126).jpg,orange,fresh,local,v3_d95c07881a11a7e686c61e0b06b55b56,887aae9227f7ea991e315cf96d0e65fb5de323e48474a43ee28ade3d7eec0559,test
raw/orange/fresh/freshOrange (126).png,orange,fresh,local,v3_d95c07881a11a7e686c61e0b06b55b56,823f9c2f057927d3cc82dd4c4d80f6722e26185b860e0dfde0f8ad237f0da99a,test
raw/orange/fresh/freshOrange (127).jpg,orange,fresh,local,v3_a67fec26931a3b2dfe162d4d7d3d78c6,7cfeff2cee47bc9b5df9d685e0ff274f9c4c7759a22c18bf000d2206a37f168b,train
raw/orange/fresh/freshOrange (127).png,orange,fresh,local,v3_a67fec26931a3b2dfe162d4d7d3d78c6,8fb00b9d81c7eb706366cb2da4f1df9f567f396079f392b121235c850ebbd31c,train
raw/orange/fresh/freshOrange (128).jpg,orange,fresh,local,v3_d5c92ca909c833484782216e49eca0ec,3a2d04533de6d148c237844e5c9586c3efd0a88974d1ffd20871fe4dc4db368a,train
raw/orange/fresh/freshOrange (128).png,orange,fresh,local,v3_d5c92ca909c833484782216e49eca0ec,386626e23666c1ffef468098fc5b9713b683ff1b67193e55704372b5222a732f,train
raw/orange/fresh/freshOrange (129).jpg,orange,fresh,local,v3_d25e1c30393a8ba127bd8c30ba0824d4,fcf923684d0e1e06f48556a0d55ade9da81030fc2534e8c20ae2b522dc7c159f,train
raw/orange/fresh/freshOrange (129).png,orange,fresh,local,v3_d25e1c30393a8ba127bd8c30ba0824d4,77a9464a40b7ef1fd15428f6369e503c7e6d68b054c1c16b3eb240e31e8cc32b,train
raw/orange/fresh/freshOrange (13).jpg,orange,fresh,local,v3_9776f740591d25a9449500311a1b9347,4610964baf817080215f95ce722f0189b02b403f2dd853149b40bb795f99cf17,val
raw/orange/fresh/freshOrange (13).png,orange,fresh,local,v3_9776f740591d25a9449500311a1b9347,228069ed72b6878f87c1d7995957dc984431989431b1b9e4bbe449c1498230d5,val
raw/orange/fresh/freshOrange (130).jpg,orange,fresh,local,v3_9ec4be0b379d209f308fedede3bef161,bd5ef21470ae9d7a5531987cfd873d880c775f32176452c7e577ad979e3d5a4e,test
raw/orange/fresh/freshOrange (130).png,orange,fresh,local,v3_9ec4be0b379d209f308fedede3bef161,76ae9d4d4af0e8ec01760c293961a7844eca875f0650d52d879945fbe8d9f929,test
raw/orange/fresh/freshOrange (131).jpg,orange,fresh,local,v3_594bbf70d90d8d14b1a34c72343e2984,8e0611c813a3d6a8665c5a16a0376bc48e96d6aa96d4ac470e478a8ef72d5e35,train
raw/orange/fresh/freshOrange (131).png,orange,fresh,local,v3_594bbf70d90d8d14b1a34c72343e2984,829372c90c7ba69d15168f2ffd8341e2938960d731443c92af388b19e61763eb,train
raw/orange/fresh/freshOrange (132).jpg,orange,fresh,local,v3_604c2b87562a607d159253d3cda4b67a,80006c096c769196e6a3dc6a36724cfabfccffb36ee206e7687fd4e6a2bedf4c,train
raw/orange/fresh/freshOrange (132).png,orange,fresh,local,v3_604c2b87562a607d159253d3cda4b67a,d0c5c96594a4bf6b7afc28138c3590fe7a73090b761a9aa079e37ccee5e29cb9,train
raw/orange/fresh/freshOrange (133).jpg,orange,fresh,local,v3_f3a41e7cdccdef4799d9084a1ce92005,58d5734ad7188171e178c2e0a4b932bba371e45dd269f6608d690fea123fa1af,train
raw/orange/fresh/freshOrange (133).png,orange,fresh,local,v3_f3a41e7cdccdef4799d9084a1ce92005,d85d9f267394e38e85dd6415124d218b34314188cb1aa45cac4dd9b1c16c6637,train
raw/orange/fresh/freshOrange (134).jpg,orange,fresh,local,v3_6325e22bd6f9a1a2a733e4390fb60acf,fd9b30e853ebaa6bc9c5da3afbb7fcae310c658ea55551a089ed23bf1f029c11,test
raw/orange/fresh/freshOrange (134).png,orange,fresh,local,v3_6325e22bd6f9a1a2a733e4390fb60acf,3cda21fe5f472261b4f83a2edb71a27a75ff89ef36bb975c1a25068eaedc8afc,test
raw/orange/fresh/freshOrange (135).jpg,orange,fresh,local,v3_b36c5eef9245b58dc6ce9f0827f320f7,c49f4fb417f25d464d1063d006ce472c63aeae76409204f7e5a1df7d0198dd13,val
raw/orange/fresh/freshOrange (135).png,orange,fresh,local,v3_b36c5eef9245b58dc6ce9f0827f320f7,fb966cb728e482f311b5a2ebc63f8b05736e819ed0189034428a22e5503b32f4,val
raw/orange/fresh/freshOrange (136).jpg,orange,fresh,local,v3_613d123097d0ae28528572d3d3b5cf3f,1c881e09880cb301991d557ad0f06841162a5bc2b21c21e410db06df3438a95b,test
raw/orange/fresh/freshOrange (136).png,orange,fresh,local,v3_613d123097d0ae28528572d3d3b5cf3f,85f229cd4dbeb5a591e9d2b2f6f04ff8da8687c945f1cb274e8eae5b6814f2af,test
raw/orange/fresh/freshOrange (137).jpg,orange,fresh,local,v3_46fd279dfa258e21e32a547ed666afd9,8f8d6cd562306e71d37be64da609cdfea8e34f95c1c4e92d317d79ef02ce45fa,train
raw/orange/fresh/freshOrange (137).png,orange,fresh,local,v3_46fd279dfa258e21e32a547ed666afd9,2e8f58bb965864e9e864e932e2e96593f23e78be959b63e7801e8a006834ce70,train
raw/orange/fresh/freshOrange (138).jpg,orange,fresh,local,v3_e3e9e5cf8103df238f4d3fd780a892a3,55d560249d72fec8f961cb5083ebbb7d80c2fb4a78443804488889701b1d1ce3,train
raw/orange/fresh/freshOrange (138).png,orange,fresh,local,v3_e3e9e5cf8103df238f4d3fd780a892a3,6698317b97ff8bda0d9ad8516e16326a3eea49db48f131db944df128d4c829c3,train
raw/orange/fresh/freshOrange (139).jpg,orange,fresh,local,v3_dde65df2ed6234b581fedce5d8b1afe4,1fe466d7e6cae7bfd9a34707d5f9bba27aaf06e419e93ebaa6aee7cb70c12ad6,train
raw/orange/fresh/freshOrange (139).png,orange,fresh,local,v3_dde65df2ed6234b581fedce5d8b1afe4,81bf90d5c99f66b8e992633c4e382d262e6e148cdae5638e655e38488cddcac1,train
raw/orange/fresh/freshOrange (14).jpg,orange,fresh,local,v3_133785c0ff28dee5cc0dc8a07a76eb75,ea889dc06a141a2afd687f9a0d2fa08de4e25e3d08f7415a09249ac7613d9d1e,val
raw/orange/fresh/freshOrange (14).png,orange,fresh,local,v3_133785c0ff28dee5cc0dc8a07a76eb75,e630d139cba93c8db09f085417b32e453315ef3232d20873fb6b886c48673564,val
raw/orange/fresh/freshOrange (140).jpg,orange,fresh,local,v3_4e222c44978d73986621f89dc15ed094,abcf96461187cdad4ac397b51c794e2e7f5f744cd45c0d09543d8742aca8eae7,train
raw/orange/fresh/freshOrange (140).png,orange,fresh,local,v3_4e222c44978d73986621f89dc15ed094,98e392fab2fea7750f1229d0942766dc936eefe9009d0c7c21b7991ee9bd1ed4,train
raw/orange/fresh/freshOrange (141).jpg,orange,fresh,local,v3_a8b32fb4572fa5b79b22e3247893e261,9e5e8cd800c1aa4629c582c6aac403e65798ceaae6983069a7fc7e699f31c7d7,val
raw/orange/fresh/freshOrange (141).png,orange,fresh,local,v3_a8b32fb4572fa5b79b22e3247893e261,f45ac0a65398fca9512ded3612645ef48ad695c0966bc3428493697cd8d76bbc,val
raw/orange/fresh/freshOrange (142).jpg,orange,fresh,local,v3_2ab1ea3c2e54d5fb5582670ea71abdc9,dedca49bddf5d0069898b6b0d2b50eeb97d66e9877141d0b8d28d6c0a3ec5c77,train
raw/orange/fresh/freshOrange (142).png,orange,fresh,local,v3_2ab1ea3c2e54d5fb5582670ea71abdc9,a6952531c4d239483126e543f045cd44f79da85a29e23556622a50bbc7673cdc,train
raw/orange/fresh/freshOrange (143).jpg,orange,fresh,local,v3_f0461854ea556c04c8b8159902bcb25b,f2417b6a7f877e32242548f9911e06f43e886f7cb9a8f8e068b52c9436ddfa29,val
raw/orange/fresh/freshOrange (143).png,orange,fresh,local,v3_f0461854ea556c04c8b8159902bcb25b,97f9d70634dd6a86d9e5434d85be16b90408bac8281c45e9ae0cd3cd3986ae59,val
raw/orange/fresh/freshOrange (144).jpg,orange,fresh,local,v3_40119885f57ca1c7b73493cf63562307,bfec9bcc0707adbf8bba34d0f1af5aebf7ee8b59b537d4330f63d6567363fb10,train
raw/orange/fresh/freshOrange (144).png,orange,fresh,local,v3_40119885f57ca1c7b73493cf63562307,ffab96f9adc25b77eb008edf909be9f59e1822e12ce7d4f1b0c5489385dad6aa,train
raw/orange/fresh/freshOrange (145).jpg,orange,fresh,local,v3_c0b5d9653bdf02f8a433840e7c26e186,6a8d33cd4804501aa6760037ce55b0d7d47a58a6b989e16e2fcd64f037666b6c,val
raw/orange/fresh/freshOrange (145).png,orange,fresh,local,v3_c0b5d9653bdf02f8a433840e7c26e186,edeb95a49f8c80889ffc3f724414796a4497c6289cd162fd2a8d995c7e642cae,val
raw/orange/fresh/freshOrange (146).jpg,orange,fresh,local,v3_6c00dee04cd1317cf8547e0878d75bf3,2c91e9ea586e7178e1adcc69090e757d9f542fc060ade0861dedfe377fd3075f,train
raw/orange/fresh/freshOrange (146).png,orange,fresh,local,v3_6c00dee04cd1317cf8547e0878d75bf3,50b47c8063d28da52ddaeba5da33d7d840f9a484a21520137cfc7b1a512a2b69,train
raw/orange/fresh/freshOrange (147).jpg,orange,fresh,local,v3_d8d357a40dbd2769b89a8a27ea004639,9e97a68c12ad8560a97e924bffd71fd6ed695e7d07db93fcbad7e5fa1c34b3e6,train
raw/orange/fresh/freshOrange (147).png,orange,fresh,local,v3_d8d357a40dbd2769b89a8a27ea004639,e2541ba268d0d0e6ac1f9762c91f8a25ce7bd6b7a81f171ebab65aa884e365ac,train
raw/orange/fresh/freshOrange (148).jpg,orange,fresh,local,v3_af8a47dbe4132a85ba8406153c7eb035,591704dffc65d502e00247c278255d3f854273d08aee6d3656e520222a47071c,train
raw/orange/fresh/freshOrange (148).png,orange,fresh,local,v3_af8a47dbe4132a85ba8406153c7eb035,f3437f8b5a5d9a73d94891ec7f01b1899e9c8b4519fed28f98c11e340f77bb4a,train
raw/orange/fresh/freshOrange (149).jpg,orange,fresh,local,v3_276ee1b7ea524e62ac5b7d9fb569ee2d,45a8106a4cac2d6f00635768bf815bb160a1e8bdb9e410b043c4fd71006d5771,val
raw/orange/fresh/freshOrange (149).png,orange,fresh,local,v3_276ee1b7ea524e62ac5b7d9fb569ee2d,990a519b9aab01468144d7b439a49b5345811927735e22b133daf305054bca1c,val
raw/orange/fresh/freshOrange (15).jpg,orange,fresh,local,v3_adf9a0adbd2632c9956d118f8700f227,3d88c369fd178b2731419787de3469c59325a00bfd188d6c8687ba85032f6d36,train
raw/orange/fresh/freshOrange (15).png,orange,fresh,local,v3_adf9a0adbd2632c9956d118f8700f227,37d5c9804bad4b4e9445c18b6ac2ddfb6f89f9ec51b1d42aae21e2051564d615,train
raw/orange/fresh/freshOrange (150).jpg,orange,fresh,local,v3_ce73e1b75e702288d37b8bf259f5ba99,0994f43b7ae68c39e4486240d9195c79ccf1d63a584d7d1ccdd612945ea4bb21,train
raw/orange/fresh/freshOrange (150).png,orange,fresh,local,v3_ce73e1b75e702288d37b8bf259f5ba99,6a353962507145a70bfdfa11ac6cc14667ae1ea25f8a8df21a6874b059cbd272,train
raw/orange/fresh/freshOrange (151).jpg,orange,fresh,local,v3_8b0821d987153305e12112565d1e160c,a8d4a3999ea2764fa20406edf3457498ddc9508c0adf45772c841af4c1105b91,val
raw/orange/fresh/freshOrange (151).png,orange,fresh,local,v3_8b0821d987153305e12112565d1e160c,ccab0e8a1bb70ca7898255547c217610bd1df4dd692ea39e3159e8310f68c4dd,val
raw/orange/fresh/freshOrange (152).jpg,orange,fresh,local,v3_9cf224503a20e088f624a660567791af,6c561d22ebdb40102c6430a730a3543bee464fb5db7b95a2ec302ab2ac48f062,test
raw/orange/fresh/freshOrange (152).png,orange,fresh,local,v3_9cf224503a20e088f624a660567791af,5eb22ab8df352edd21436835fce0b61afbe2f6b8ce0575928fc9fd46bd8a2abf,test
raw/orange/fresh/freshOrange (153).jpg,orange,fresh,local,v3_d84fa926be8e0cf3da5e2354bb21f9b9,425e7eae06145e91abab3b24086608b9e5faa9e0816c88ce6fb90d2ed499ed36,train
raw/orange/fresh/freshOrange (153).png,orange,fresh,local,v3_d84fa926be8e0cf3da5e2354bb21f9b9,0790a89c71636b9667b1a4ccd1bd717e64041e4960e1785e2250a1d7db724c54,train
raw/orange/fresh/freshOrange (154).jpg,orange,fresh,local,v3_8d00b09da0afd9b0529d5054b0dc7d41,77f04db795eb4f9cb7bcb8eba30f1bd77108c48d7bf2bf5ccd2f962d432eb9e9,test
raw/orange/fresh/freshOrange (154).png,orange,fresh,local,v3_8d00b09da0afd9b0529d5054b0dc7d41,3bd9beae26046b9346473df81e927e6502b8330a5fc2ae4e2f0923f2b7669fc3,test
raw/orange/fresh/freshOrange (155).jpg,orange,fresh,local,v3_849f27c3d96ae8508ae496027aca8754,f8b79384acd2c1af44445cc151511fad085ae46b71921cbd59534ba471fee61d,test
raw/orange/fresh/freshOrange (155).png,orange,fresh,local,v3_849f27c3d96ae8508ae496027aca8754,f1f95740aa7c288fbcff40885c7a72b3d7cdbc4f1e69dac9e4d477ff2db741b5,test
raw/orange/fresh/freshOrange (156).jpg,orange,fresh,local,v3_5d66f26879f44c0e5262168b2a898c63,d51a102120964dca3376656a8a89b039138eabb53833ef57d7d7dd1420ad2ec4,train
raw/orange/fresh/freshOrange (156).png,orange,fresh,local,v3_5d66f26879f44c0e5262168b2a898c63,252646ed21e95f2203112ba8d922200637d7ec968900a64013dd504c2031f280,train
raw/orange/fresh/freshOrange (157).jpg,orange,fresh,local,v3_c7aaa614d047d9b30f10751d8716755c,2488b5a26ae7f630b4fda51d964519bdf608549b492f09990e0f2ad5acf5f851,train
raw/orange/fresh/freshOrange (157).png,orange,fresh,local,v3_c7aaa614d047d9b30f10751d8716755c,6b1d21c2c5a1ab44108b30dd510d54c8de69634cda4b7a6c52bdee7747ab2995,train
raw/orange/fresh/freshOrange (158).jpg,orange,fresh,local,v3_b67359b5edefb7be6c5f278f6d238af1,efa3452ec186fbc5d6444e6c0956b03fde52eb61983bdf7605c0bea38d249987,train
raw/orange/fresh/freshOrange (158).png,orange,fresh,local,v3_b67359b5edefb7be6c5f278f6d238af1,d7d1ae96056b72c6cba45b2b4c48c43df3c2b289ee851994b78b71fd9db06459,train
raw/orange/fresh/freshOrange (159).jpg,orange,fresh,local,v3_32cd696e5a1c98a53d6c1f0be28135ff,ff65a411db36abcf7d013389c7f3af1685e261426de3c08dedd32931d6e3af98,train
raw/orange/fresh/freshOrange (159).png,orange,fresh,local,v3_32cd696e5a1c98a53d6c1f0be28135ff,0f50a891507989d439f84f61aa7c680358303020e99cd31b793b4e4f0ac40cb2,train
raw/orange/fresh/freshOrange (16).jpg,orange,fresh,local,v3_d411dcd6b65aaafb8434c9ff7f884f95,224853676a22914d3138a6674ace0ddaac49285df1eb2c9140923970e5b05a7d,train
raw/orange/fresh/freshOrange (16).png,orange,fresh,local,v3_d411dcd6b65aaafb8434c9ff7f884f95,bbe109cb39ae58e04b8e0315af3fa249804c549c54a313487addd71ce7db810b,train
raw/orange/fresh/freshOrange (160).jpg,orange,fresh,local,v3_6440dd3c20044b37b03d7f87977f3f7c,7d1765e8c4f675820245ee9d61c176fe8b06a7dbba27609df61f629aacea5ee1,train
raw/orange/fresh/freshOrange (160).png,orange,fresh,local,v3_6440dd3c20044b37b03d7f87977f3f7c,585438e7433146b8acb189a98f64d74ddba73917edb397f0f373ff6cc67d2fd3,train
raw/orange/fresh/freshOrange (161).jpg,orange,fresh,local,v3_0787c968712aaf55723c798dd398334f,ce921ee39b81b6d15e0e78c8cf631d1bcf06f8992ba1ab03cd1e3e51a4036797,test
raw/orange/fresh/freshOrange (161).png,orange,fresh,local,v3_0787c968712aaf55723c798dd398334f,83171bd5a10da1ac823815c45735bf8b0aaf1e25ffe0a76b0c4ac53616180805,test
raw/orange/fresh/freshOrange (162).jpg,orange,fresh,local,v3_44c47ad83ef958fc85cf2b49259fe11e,f53b00519cc66f15d66c6c4391228e3f4f7591d86d2d66991859818f91b6a40b,test
raw/orange/fresh/freshOrange (162).png,orange,fresh,local,v3_44c47ad83ef958fc85cf2b49259fe11e,f1b42326b5d19b69f991d1a7be7ba7b1fcf82b55a7ed806f763e94ab65121073,test
raw/orange/fresh/freshOrange (163).jpg,orange,fresh,local,v3_559d2bf4facc1dfa98e3711a36108384,9bdb3961838073e83799e1467bf828c2d77ebcde60d0d20574c21fd922c712c2,val
raw/orange/fresh/freshOrange (163).png,orange,fresh,local,v3_559d2bf4facc1dfa98e3711a36108384,9e21fb29265b05107ab2f39a36b30b349ce5cc7e2cfa085d84d9c03dafac37f1,val
raw/orange/fresh/freshOrange (164).jpg,orange,fresh,local,v3_44aab1ed29ebbe538bba13689377551b,f9c753539a7bd83652689fdd19cea49c6d021896aa108d284511a87402bae426,train
raw/orange/fresh/freshOrange (164).png,orange,fresh,local,v3_44aab1ed29ebbe538bba13689377551b,78b470f3f91702243d51c4a81db61fc1b38657c9c8ee3706c1354e4b03bd1b05,train
raw/orange/fresh/freshOrange (165).jpg,orange,fresh,local,v3_44aab1ed29ebbe538bba13689377551b,5ddea05693497beeb8760cbe2442e34d315661df7b9256f35fafdc2e3f852361,train
raw/orange/fresh/freshOrange (165).png,orange,fresh,local,v3_44aab1ed29ebbe538bba13689377551b,b2bd26145d2a497ffe876de41ce67c12fec1d94350222628d9bf9f5c60b27ec5,train
raw/orange/fresh/freshOrange (166).jpg,orange,fresh,local,v3_d435d511c80fd6df5300f7db6d7adaa6,6f46e6502b415debbd3a3cde5dfe47a3c822f6c36bde17823d6d0ce76ed7209b,train
raw/orange/fresh/freshOrange (166).png,orange,fresh,local,v3_d435d511c80fd6df5300f7db6d7adaa6,a7195a03ec3f9956897d864d9d1d824c7284002774d8fb5f417f6bd6074dd4bc,train
raw/orange/fresh/freshOrange (167).png,orange,fresh,local,v3_3220cce8e081894f6a94f1efe7d653d8,37e5f7ecbb90fd07720b80d3712e02fc898c7ce22ca7b156fa10f79a020f58b7,train
raw/orange/fresh/freshOrange (168).png,orange,fresh,local,v3_e4762bdc66dc42283e4b4de2a8d281af,8fe32f020b22b8582fea2f0e5b5bfbbbdd07870670b0b7e1ea8981175c56f448,train
raw/orange/fresh/freshOrange (169).jpg,orange,fresh,local,v3_4e1bce67d7c870bef67aafd384757c8f,9f14c1336ef45b79805914a585b0f864dafa456b7d3ad08f3f6cea9a902861da,train
raw/orange/fresh/freshOrange (169).png,orange,fresh,local,v3_4e1bce67d7c870bef67aafd384757c8f,80d2e093f94cda3aa78ebc9e7b2d288eca083f65f3cb5e55a496fb389ce0d055,train
raw/orange/fresh/freshOrange (17).jpg,orange,fresh,local,v3_943f9bf3dc4cd072fe14237560d9f018,0e487c56470cb186b37da0dc1664fce004b5212bf84b3ad98b0c1977d13e096f,train
raw/orange/fresh/freshOrange (17).png,orange,fresh,local,v3_943f9bf3dc4cd072fe14237560d9f018,c0695f90f0c11c2a7b7933a4c0c9887527e680be6e2749587494f6a8a2574e82,train
raw/orange/fresh/freshOrange (170).jpg,orange,fresh,local,v3_3bd8a0116f457ccaff7c84b31ef1a064,2a5af68c5da508441c4ed056bb2de8d6aca7878a513c93bfcb08ca632883d842,val
raw/orange/fresh/freshOrange (170).png,orange,fresh,local,v3_3bd8a0116f457ccaff7c84b31ef1a064,e9f6edf6de2a3c44b20ca5912ff81f4a820fe49d80067c61a61348d71b53c82f,val
raw/orange/fresh/freshOrange (171).jpg,orange,fresh,local,v3_f734176d749808d02cd48d999683b0bb,ef17c773ee3606112a0bacbeae4b56e8e067820f8a704c580f023c10860e2499,train
raw/orange/fresh/freshOrange (171).png,orange,fresh,local,v3_f734176d749808d02cd48d999683b0bb,0cef56aba460df968b071d22bfa51650844b65de7e427e44f06982d735de22a0,train
raw/orange/fresh/freshOrange (172).jpg,orange,fresh,local,v3_65f1759a79ae967b8a8116ca88ab4112,7c2b8a3e2c9e45fa6170fe76a3743da58099b1add4a5f5a1cb862fa8cdd3a692,train
raw/orange/fresh/freshOrange (172).png,orange,fresh,local,v3_65f1759a79ae967b8a8116ca88ab4112,6d10c9c2ecd9cf62e06d2e7935dd385bd6a4f83ce89c4c1890039a1146150950,train
raw/orange/fresh/freshOrange (173).jpg,orange,fresh,local,v3_e8bfba1b387712a9358c565b52af0cb5,4ce775397e3cd76d1c553887c48df3dc256743bfb2c17fb732f15ef293869ee3,val
raw/orange/fresh/freshOrange (173).png,orange,fresh,local,v3_e8bfba1b387712a9358c565b52af0cb5,760099f8e7d154253c2da77e8ade9e8a00da4cd041d8d166d98ba7ac51a5aed2,val
raw/orange/fresh/freshOrange (174).jpg,orange,fresh,local,v3_68387a67074b72be2b5cbb3100f9cc19,6fc4c973431cf7e6d58a388fe774ff91dd70f6de5ace8e80d5645977557d2e72,val
raw/orange/fresh/freshOrange (174).png,orange,fresh,local,v3_68387a67074b72be2b5cbb3100f9cc19,848d2ea749f0b2e706f24f93867765b55a5908c5a9947049ec67afd263ceb098,val
raw/orange/fresh/freshOrange (175).jpg,orange,fresh,local,v3_d705577f42d5578f97541a5387860c70,a71ff556cc37465ae8b94710497a589af550a0bd18d6f11eb7b431434fa0f789,train
raw/orange/fresh/freshOrange (175).png,orange,fresh,local,v3_d705577f42d5578f97541a5387860c70,5b778282a842ee9b7d589d713c1feab49d2e809d21129ab75d6f702921476806,train
raw/orange/fresh/freshOrange (176).jpg,orange,fresh,local,v3_4dfadff570fd3072a7a504ff13011903,7748f8e56911b337212bc4131d5f8e180df2e94233742a8bd5f23ce42782831f,train
raw/orange/fresh/freshOrange (176).png,orange,fresh,local,v3_4dfadff570fd3072a7a504ff13011903,2fdd09ac5cc1be85e3fd5fe3256613a2c83a78356f5f66da77c71d9408134189,train
raw/orange/fresh/freshOrange (177).jpg,orange,fresh,local,v3_ea270fc4e1c861e99564f1ea7856f522,a0288d585e17f9ecd06c6cc33a4c8af3b7046e08d1401b4984c5e353f9e651c9,train
raw/orange/fresh/freshOrange (177).png,orange,fresh,local,v3_ea270fc4e1c861e99564f1ea7856f522,21c663645f9886b4a88cc66545df97b6593b79df30400b18fff9d4dc46e3976b,train
raw/orange/fresh/freshOrange (178).jpg,orange,fresh,local,v3_6a935e56c97212b6d6edd23030093e65,7a8b09189ab0a4599433a9fccd7d4e99cd1d621e785c1584dd3663cb57afa440,train
raw/orange/fresh/freshOrange (178).png,orange,fresh,local,v3_6a935e56c97212b6d6edd23030093e65,fce63e869609958831a05172ddf6e60bbda6f93baf74cb97852662e484152000,train
raw/orange/fresh/freshOrange (179).jpg,orange,fresh,local,v3_f13a6692318f9b1db2445c9283aaf815,3951cdf53c6b88fc6735384e2d8f9ea25613a4df0878d176717e1d21d1aa00a0,test
raw/orange/fresh/freshOrange (179).png,orange,fresh,local,v3_f13a6692318f9b1db2445c9283aaf815,766bef1046486329d36e62db87daf39dbd202d2f933110305506ded20d9a6442,test
raw/orange/fresh/freshOrange (18).jpg,orange,fresh,local,v3_81318e5008487c2318b759f3791231a7,c292550ff82aa5966cbf810315d1728d37ff36a1bb2b2587ab45c8bff6a6b16d,train
raw/orange/fresh/freshOrange (18).png,orange,fresh,local,v3_81318e5008487c2318b759f3791231a7,2d51588282e9bdf79718c3400fe046a2c8cf9bb4e9b07903963c0d861c6fddcb,train
raw/orange/fresh/freshOrange (180).jpg,orange,fresh,local,v3_12c3ceca37f9df8a108924aa5feb0926,37652e6e6d67b3bbcde524fb8955d247ef35955db84f894fbcf978b6ade35daf,val
raw/orange/fresh/freshOrange (180).png,orange,fresh,local,v3_12c3ceca37f9df8a108924aa5feb0926,611fda60c25451d81671507982b9c962a356449acf1407ce8767bd48b9e48e1e,val
raw/orange/fresh/freshOrange (181).jpg,orange,fresh,local,v3_fdd90142ceb76543bdd29aab29e7857a,c2f6f9d615a83b2718cc3a998b2fed5e0d4201f1d1821f93d363c883c3990ccd,val
raw/orange/fresh/freshOrange (181).png,orange,fresh,local,v3_fdd90142ceb76543bdd29aab29e7857a,ea3afa23e989a281e1cd3535154881cc38ae4b9e0f23026b2ccaadc9c011c084,val
raw/orange/fresh/freshOrange (182).jpg,orange,fresh,local,v3_b5007e6b938dc67aaf92475e2b9d988a,9455a3fac4596594cec67455fef0b5aa9ff8992085cd2f53b376616f1d4b1478,test
raw/orange/fresh/freshOrange (182).png,orange,fresh,local,v3_b5007e6b938dc67aaf92475e2b9d988a,a990acf8420eefaa9777dab0c30745d05170a70c6f6000b2e4899de32a9c7e2e,test
raw/orange/fresh/freshOrange (183).jpg,orange,fresh,local,v3_510bdace3fe969b6bc56d35bd05e92b5,83bb355cfbe155f1575b69784de9109e81cb7d8b254bfe36e6576dfea34e0b89,train
raw/orange/fresh/freshOrange (183).png,orange,fresh,local,v3_510bdace3fe969b6bc56d35bd05e92b5,f2fd22c17197bd1476ca5975fcf2e3c989d58756f8b9ba5992f0918bddea049b,train
raw/orange/fresh/freshOrange (184).jpg,orange,fresh,local,v3_34e00ebe50d747b1e3202733736f5e19,ecc8f7f93554b5a48c02b110ecc6634d8106132d3aeee3c6095e43e4d2f1cf73,test
raw/orange/fresh/freshOrange (184).png,orange,fresh,local,v3_34e00ebe50d747b1e3202733736f5e19,90a49549c3de8ce8d91287658cf3e5a54078afde5698e043058b7bf9975dc9d2,test
raw/orange/fresh/freshOrange (185).jpg,orange,fresh,local,v3_19d3012299321a0173310fccc534f505,0369b916b2ce7c2946b9e1e76cc14ee9268cfccc1e089c4d4bb2c3b615e947fb,val
raw/orange/fresh/freshOrange (185).png,orange,fresh,local,v3_19d3012299321a0173310fccc534f505,685d125b151fa00ab6567ac26e0d47a7349be2ac859a37a2c964cbbbfd5a6790,val
raw/orange/fresh/freshOrange (186).jpg,orange,fresh,local,v3_646c0fc908f1f64516d1fa7d9fcf1fa2,aebd15f52102a3c4e799d598fc422e12abb45d72d3e58e6d55b39229988546df,val
raw/orange/fresh/freshOrange (186).png,orange,fresh,local,v3_646c0fc908f1f64516d1fa7d9fcf1fa2,ccf78f9cecfabef8a6526145bace098aa0cb5a999868cb1d0b8dfda92808047a,val
raw/orange/fresh/freshOrange (187).jpg,orange,fresh,local,v3_c66d5f59225bd2a3168559abb79f02d6,7c47db66489822b75dab618c25a88b949d92d6e6c6a2c6fdcbb3b93f2532bbf0,train
raw/orange/fresh/freshOrange (187).png,orange,fresh,local,v3_c66d5f59225bd2a3168559abb79f02d6,0279cfe17a7c50799cb493f3ab4619c2ba976e99b7f6fce73b99695ab896ee90,train
raw/orange/fresh/freshOrange (188).jpg,orange,fresh,local,v3_75be74a339b11ed5fb00447590223895,e43a1a5c09c51e8936f94de959e679c17c7345a463d1e0625d7f44a1ec9e4020,test
raw/orange/fresh/freshOrange (188).png,orange,fresh,local,v3_75be74a339b11ed5fb00447590223895,8d4870f3b33777450a601b2f0098abdab0c28c727d44c7407e700437c0f11ec9,test
raw/orange/fresh/freshOrange (189).jpg,orange,fresh,local,v3_ee665aa3f565fee9cde31d57e8382529,08ac16c0c917ddf2a32be3027db27facd2c30cb9d6b0968f21c1c3be2df9fd19,train
raw/orange/fresh/freshOrange (189).png,orange,fresh,local,v3_ee665aa3f565fee9cde31d57e8382529,c9ea77e606e1838d5c5ea76d2016777c7f97747012856ff705c7a3baae77db80,train
raw/orange/fresh/freshOrange (19).jpg,orange,fresh,local,v3_58d133f5f89e166f92394cd164bcbe39,554e8a8d73ee850a09609a356d4926bb551e7fdfabbfc2fc50292efe51ae517a,test
raw/orange/fresh/freshOrange (19).png,orange,fresh,local,v3_58d133f5f89e166f92394cd164bcbe39,7f65ea236266df8de583816d800a7d8d51bb20d0e1f4c4c414c922b0fdf9a9ff,test
raw/orange/fresh/freshOrange (190).jpg,orange,fresh,local,v3_201ef3336c6089e9d98c940db3760764,4c41de66b615a1624b61fab445ef07b15291fa8d673e9f19887485e00b9d24b9,val
raw/orange/fresh/freshOrange (190).png,orange,fresh,local,v3_201ef3336c6089e9d98c940db3760764,83959b9540092282c286f77c74f94cb39799c9eed39db598a80e77c07a3f5bb3,val
raw/orange/fresh/freshOrange (191).jpg,orange,fresh,local,v3_1d8608196e7695d2e441f03a09bcffae,d2d97b3f0c5e42a450adde87485f6d6c46ac8ec8cf037d40f63cb5aea9751ba9,train
raw/orange/fresh/freshOrange (191).png,orange,fresh,local,v3_1d8608196e7695d2e441f03a09bcffae,f1fee0456f58a07f319de9fa58eef33926c47ac0bc77405eac016706061c15fe,train
raw/orange/fresh/freshOrange (192).jpg,orange,fresh,local,v3_03deca1c088c490e9f8122750249835e,40d3a227521616a7424c8f6bbce1e699b1b59318aa8650407960136e40576dbe,val
raw/orange/fresh/freshOrange (192).png,orange,fresh,local,v3_03deca1c088c490e9f8122750249835e,f34ace9072362bd067af82efc52c29fb325c7177518d2baacd66f34e25aa413b,val
raw/orange/fresh/freshOrange (193).jpg,orange,fresh,local,v3_20e8cb7923c9a5b756a4fd15c4ae3812,99deaba9308b72f920bac2f5dce5fdb0c57b5aa4abb68af4ea6ea4b316c7799e,test
raw/orange/fresh/freshOrange (193).png,orange,fresh,local,v3_20e8cb7923c9a5b756a4fd15c4ae3812,2dbc2278a6ea80bac68f564862141b3ca544c037b1ed29525718016b634e0d9e,test
raw/orange/fresh/freshOrange (194).jpg,orange,fresh,local,v3_1f7e7f48ce095b97372e7669bcc86012,94cec5343bfc2773e94b2e56e4bce2a963f29df1c0132f02c2ddf663f10badf6,train
raw/orange/fresh/freshOrange (194).png,orange,fresh,local,v3_1f7e7f48ce095b97372e7669bcc86012,d1c721372dade4c7ed8875618e68b44cfc7a93e366aaf720b962fb103e8e537a,train
raw/orange/fresh/freshOrange (195).jpg,orange,fresh,local,v3_66c0b98fa84b67faaabd6aa43da87da8,410ccdfb3767a26b0e76111207c7def82eac9a6c5ff5138a2b1df94d9318f992,train
raw/orange/fresh/freshOrange (195).png,orange,fresh,local,v3_66c0b98fa84b67faaabd6aa43da87da8,393bafe0cc66eeccc0c8faa03e4a4c5d188c037992e75237948e0af9aecf71e7,train
raw/orange/fresh/freshOrange (196).jpg,orange,fresh,local,v3_675f2eecea5ac8260e7105df6b5de889,5404b339df16d979feede864185c456473b83beae503975477184c5da924c309,train
raw/orange/fresh/freshOrange (196).png,orange,fresh,local,v3_675f2eecea5ac8260e7105df6b5de889,4a36c18b90e872881826f7c5cab4e057dd1aab7787a570257901e21938f0d274,train
raw/orange/fresh/freshOrange (197).jpg,orange,fresh,local,v3_2905b9239034bb31bc359ab9aaa5a9e5,87d5a441c29f8944817747c6a600c801150c32a45217817e494af0357cddeb43,train
raw/orange/fresh/freshOrange (197).png,orange,fresh,local,v3_2905b9239034bb31bc359ab9aaa5a9e5,1a3fe947f9a4849c805d23f10aece18071773cb18d5b8fffc1e68fba3db37786,train
raw/orange/fresh/freshOrange (198).jpg,orange,fresh,local,v3_1eba58cfbed3e19056b334a30ce5350c,35e3defbee0178c32dc7f4f7877365a65beb73c0761413f43f28154d48c4b586,val
raw/orange/fresh/freshOrange (198).png,orange,fresh,local,v3_1eba58cfbed3e19056b334a30ce5350c,fbc3e72764d8b9a089ca18607949f7d2723d93a986eba49e73e9a7a62b4ab032,val
raw/orange/fresh/freshOrange (199).jpg,orange,fresh,local,v3_fa64b57b358217cb3a74a6494d7e3292,10e27f5ac3ef5668a486ce2dab447107a2873b96a665daf3baec063c926a5e85,train
raw/orange/fresh/freshOrange (199).png,orange,fresh,local,v3_fa64b57b358217cb3a74a6494d7e3292,eb2f30a739646ff242e51598c37f53af113575efa99ab1d96a3b0a183d955edb,train
raw/orange/fresh/freshOrange (2).jpg,orange,fresh,local,v3_6dbe9037286b71481cd714209a9f0361,e84785d98a9b8ed3843502e32d93d80693702a65f63bcb061ce5eb3f3acb7b5a,train
raw/orange/fresh/freshOrange (2).png,orange,fresh,local,v3_6dbe9037286b71481cd714209a9f0361,1221ce923c87a9c114af4a9191b84f99e1799fe8844774c21a505ade0e7e3eae,train
raw/orange/fresh/freshOrange (20).jpg,orange,fresh,local,v3_589ce8d2ec537ebfaf53778d38d1eb2f,1f2fb696b991d07836f095a3fc71435c512ceef5d751496024ddb3534a3e8cbf,test
raw/orange/fresh/freshOrange (20).png,orange,fresh,local,v3_589ce8d2ec537ebfaf53778d38d1eb2f,65b32aca0bc05d05958a9e423748efa2309fc550da4a0adef0bc9635063f4285,test
raw/orange/fresh/freshOrange (200).jpg,orange,fresh,local,v3_5f12b8daf89c6cbeb6c8ca508d365845,84c670901e9dc7ae73365be157e140e44b2a27d5d33be41241245b91484d0a63,test
raw/orange/fresh/freshOrange (200).png,orange,fresh,local,v3_5f12b8daf89c6cbeb6c8ca508d365845,282a9deaff219b571c9ad02252ea0767062cbb67745f300fdf30e85960871152,test
raw/orange/fresh/freshOrange (201).jpg,orange,fresh,local,v3_b75c1fbc40ce363dd69afa3826467b8c,fead21f4c2df5b910ee47b591111b7842a289e2813681ee823a546188cb773e2,test
raw/orange/fresh/freshOrange (201).png,orange,fresh,local,v3_b75c1fbc40ce363dd69afa3826467b8c,098a92cc982c45287195f74888dfad9f3868f449249b5bc538c10f3576aac5fc,test
raw/orange/fresh/freshOrange (202).jpg,orange,fresh,local,v3_98650f03243ee547fe4b40f6024c4474,d0627405aaba26f8e4411ef7bea179613361642ec208be5ace32210ac666f2da,train
raw/orange/fresh/freshOrange (202).png,orange,fresh,local,v3_98650f03243ee547fe4b40f6024c4474,e4fbd8667907a9cc38f8ed26246933f89e7801a71d3c5a6182598681b2f9385f,train
raw/orange/fresh/freshOrange (203).jpg,orange,fresh,local,v3_9e76710d45564b3654407aab61c445a0,2ad352c056875e69f94b583346fcbbc6622bff40c8ccc0b94f93701b20684ea7,train
raw/orange/fresh/freshOrange (203).png,orange,fresh,local,v3_9e76710d45564b3654407aab61c445a0,02e063d5e9820814b7117490b6a97b4d191585d55b2325cdc97ee1b058fe50fb,train
raw/orange/fresh/freshOrange (204).jpg,orange,fresh,local,v3_ac0d512d63ab9aa3a9b24d29e6af27f4,e7ecee42b42dd1397c2349359f32874f3059ebe4e4534a86d6a4294557d7a582,val
raw/orange/fresh/freshOrange (204).png,orange,fresh,local,v3_ac0d512d63ab9aa3a9b24d29e6af27f4,c11237ff992339b8d5b4e2b0293aa9bebb2268d4e7a859e8a8058f7f86807b37,val
raw/orange/fresh/freshOrange (205).jpg,orange,fresh,local,v3_fffb9905bd5a83b61505a173f45ca395,9a961d117494b35e14d4c2f340c3eea791111310b816f5b83d467ade4ee4cf31,train
raw/orange/fresh/freshOrange (205).png,orange,fresh,local,v3_fffb9905bd5a83b61505a173f45ca395,a3b8526afa451deb3e538257e9eff3fa2418165f448ff43a139579967cf3d100,train
raw/orange/fresh/freshOrange (206).jpg,orange,fresh,local,v3_8848dfcae61975541b70d0a82b4fad30,3729fe47c8b5b9af29c9c229fa3c511e54d0007b78fdab265203cffdbc275093,train
raw/orange/fresh/freshOrange (206).png,orange,fresh,local,v3_8848dfcae61975541b70d0a82b4fad30,4fbc3fe3271a36d3ce6e9a8b67116b12bb4a8f9bc0735878b4a6b2b279f8fda9,train
raw/orange/fresh/freshOrange (207).jpg,orange,fresh,local,v3_a1c8fa7fc823fe7e9523570c2ff8a54b,499df05988aa2da74123dc392535d4e71a5b4c95c9f57cd05d008605ae70e8b2,train
raw/orange/fresh/freshOrange (207).png,orange,fresh,local,v3_a1c8fa7fc823fe7e9523570c2ff8a54b,38cdd2a40e1651b462992738f7bcaa4ac035afef4bc2c95e77b21a4331e62d3e,train
raw/orange/fresh/freshOrange (208).jpg,orange,fresh,local,v3_73e16e75fbf1c0f4510028f34714bd1a,6d4a011a794ee279df09c73a2a037cd1670b68ea949fa233aa1a6d9847e07f73,train
raw/orange/fresh/freshOrange (208).png,orange,fresh,local,v3_73e16e75fbf1c0f4510028f34714bd1a,cd6d3480e1e64034bb7204d48853bc79aeb4580a158e847fbd17c3dce20267cb,train
raw/orange/fresh/freshOrange (209).jpg,orange,fresh,local,v3_df344bffa353ec62875e05d180e98082,eeaac312fbbd7a51daec0abc0105af3b320c86f0f6d801db1dd95711b100a722,train
raw/orange/fresh/freshOrange (209).png,orange,fresh,local,v3_df344bffa353ec62875e05d180e98082,1c146563bae6bd0d51686e4d648e1e53e1199a8d179366bc29bd307bf30214ac,train
raw/orange/fresh/freshOrange (21).jpg,orange,fresh,local,v3_2472b07e328530aadbea9e94d8976803,c66986bb68cd1829d7a8678b03791d75a912624da0e759497bce25b129c695d0,val
raw/orange/fresh/freshOrange (21).png,orange,fresh,local,v3_2472b07e328530aadbea9e94d8976803,5e1060deb1ebf19d61aeb153a6228f9e34bde4687f2a7e82225a5042410001d5,val
raw/orange/fresh/freshOrange (210).jpg,orange,fresh,local,v3_c0e08fa67d43830864d17595d06aa61d,c8f1cac2d969563373c94646259b994039465c7f95e434a96aab7d034b613932,train
raw/orange/fresh/freshOrange (210).png,orange,fresh,local,v3_c0e08fa67d43830864d17595d06aa61d,28e6ff34f1183c485ef1e9bf1da478f9a331727c45bfb38b349c33b78fd7c89b,train
raw/orange/fresh/freshOrange (211).jpg,orange,fresh,local,v3_32d918ec582cbb726c4f8a67a4d081bd,4b03fa5ed2b6b0bea7f2f923048b00c722f2702b0ba3aab64cb0242a1466ea72,train
raw/orange/fresh/freshOrange (211).png,orange,fresh,local,v3_32d918ec582cbb726c4f8a67a4d081bd,84b2f2c59c3f5678c3656c9143ddf48792154869398773f5036770640da193c0,train
raw/orange/fresh/freshOrange (212).jpg,orange,fresh,local,v3_1bf17aaa31eaa0122236d78dae1e0cd7,87a17944b82308066391420da47d0624493b82a2d1b6f1b5203fe772972e9eac,train
raw/orange/fresh/freshOrange (212).png,orange,fresh,local,v3_1bf17aaa31eaa0122236d78dae1e0cd7,bf2593d9f84bfa6cc395e489384e38fa4e1a99873761fe6588fd651bc9915a0e,train
raw/orange/fresh/freshOrange (213).jpg,orange,fresh,local,v3_c1aae2ba7e39f043b5f35ac540aa8ad3,9f08b286665dac14605535af1260738aaf7b9f418aa331e22a570fe1d0d60edb,train
raw/orange/fresh/freshOrange (213).png,orange,fresh,local,v3_c1aae2ba7e39f043b5f35ac540aa8ad3,df5a3930944a5a9b0d9e29608fdbaf37d1b8197584de5fc347ed848ef1548e40,train
raw/orange/fresh/freshOrange (214).jpg,orange,fresh,local,v3_dfe86d75312e59f5a479ed8818d9206e,2bdbcb164d7213cfc8839fa789ec97d948fa2e54b44d073717d1d91bc6e0befd,train
raw/orange/fresh/freshOrange (214).png,orange,fresh,local,v3_dfe86d75312e59f5a479ed8818d9206e,6de47a6cb56a7fa488c8ae30c6464f9e6991fd62d07cb17a0032ea64734c4368,train
raw/orange/fresh/freshOrange (215).jpg,orange,fresh,local,v3_85113d41f780854d989063964ebc14c3,d4319def0918cdf5d75cfd5a26384c1bf0535d880729a8835ddaabf75818de19,train
raw/orange/fresh/freshOrange (215).png,orange,fresh,local,v3_85113d41f780854d989063964ebc14c3,4c5aced0dd0e396c504f13d9fc61226cd2042b27ea42d27965958c0a5360fd8c,train
raw/orange/fresh/freshOrange (216).jpg,orange,fresh,local,v3_da5383a976f43e8055fcf77c1790660a,cb066ff39c3dd733f2c32636bca3ea92b4a9d2160583bb715b4db1045b9a875e,train
raw/orange/fresh/freshOrange (216).png,orange,fresh,local,v3_da5383a976f43e8055fcf77c1790660a,0804b28c88f9581a3502381d5b1681b8b1bcb5abe33274fd16057e1e39ac3596,train
raw/orange/fresh/freshOrange (217).jpg,orange,fresh,local,v3_e0762e3c94329a75b96f3f68849d8c21,eb2ac94c6e332d5733144c40504b6fbc6ef130553644f04ec1bcc5e7d8085f58,test
raw/orange/fresh/freshOrange (217).png,orange,fresh,local,v3_e0762e3c94329a75b96f3f68849d8c21,75e4a1edc673340eec5f0e4bcdbf960f904a2ad81a6ac7fc2da45cd30b1f1d05,test
raw/orange/fresh/freshOrange (218).jpg,orange,fresh,local,v3_161c559896f46a8c6e04ff41617da384,92b8a95d360b4000ebf18a20d6f2123cba1b4114471f3da18dc3452aeb862c37,val
raw/orange/fresh/freshOrange (218).png,orange,fresh,local,v3_161c559896f46a8c6e04ff41617da384,b7c14af2fbeaae0867374c11fc5ed08042202924732e0fe11d513f49be6a7175,val
raw/orange/fresh/freshOrange (219).jpg,orange,fresh,local,v3_f497ec1581311f62c5a0abe301191e3f,06d81e0392cf595136a0217e0bd377079fd46de3edc85bb3bb267336f6dc5678,train
raw/orange/fresh/freshOrange (219).png,orange,fresh,local,v3_f497ec1581311f62c5a0abe301191e3f,8a4b159d6574fb8a3cff64510699b25025e5be136e06f5f9c032713cfd63e387,train
raw/orange/fresh/freshOrange (22).jpg,orange,fresh,local,v3_ba7af7468c72daf49034ecc01b87c469,8a67323090d2aa74bf2e234a97d7d020a490bb98d42e7b9f1fad3d0d8e6714de,train
raw/orange/fresh/freshOrange (22).png,orange,fresh,local,v3_ba7af7468c72daf49034ecc01b87c469,edc8446d3d04af37dec441f7f81db5c48aba5268c755dd80fafca9bc30db6e34,train
raw/orange/fresh/freshOrange (220).jpg,orange,fresh,local,v3_e60a3f8490c8f7f65bc57cf122e25c7a,4924c5e5f8f4d606e32f90ac2bb1d3341d35384c4dc613f1a9689b01ebfc33ff,train
raw/orange/fresh/freshOrange (220).png,orange,fresh,local,v3_e60a3f8490c8f7f65bc57cf122e25c7a,e03f23ee6b8047f5dfa9bc19548d7515af1e3ac06c23677f937c1d26fe3fb0f3,train
raw/orange/fresh/freshOrange (221).jpg,orange,fresh,local,v3_7443678e7c5e0917b0552d96ffc62d80,817a35b792fa1cfced5b845fdb6ab45659b21d42dfd54ec8e675b7824866ff2b,test
raw/orange/fresh/freshOrange (221).png,orange,fresh,local,v3_7443678e7c5e0917b0552d96ffc62d80,47a279bc5e4faff84cf183ec275abd36b0ef3d4ee6731168d9ff2db387928e22,test
raw/orange/fresh/freshOrange (222).jpg,orange,fresh,local,v3_23eef8bbea63bd76d3377b646e706115,77d979da57c53b6150237fc48154463ae5d3a29d57f88139eb418f19f62585c8,train
raw/orange/fresh/freshOrange (222).png,orange,fresh,local,v3_23eef8bbea63bd76d3377b646e706115,4ff185842d57177c5c0b6e67b4787364ab7bdaf04d9e1580f2d3e6fed7c3997c,train
raw/orange/fresh/freshOrange (223).jpg,orange,fresh,local,v3_f0bec24307d921567cd43cdf0d836a6d,566e76d853ec27e77f19e6edbd46577e8be1bd858a07090294e793efe6dfab0d,train
raw/orange/fresh/freshOrange (223).png,orange,fresh,local,v3_f0bec24307d921567cd43cdf0d836a6d,d19f8c86e9eb93c928e6f40443b3e71d773653bd051c666b76c8d3b9732a92ed,train
raw/orange/fresh/freshOrange (224).jpg,orange,fresh,local,v3_6b2088cae42cf35b2f3c390c82fe6494,adad7176fa608d7ae6cc29b4513a7888cd4452b9a6bf6855e1955f22a25dcc62,train
raw/orange/fresh/freshOrange (224).png,orange,fresh,local,v3_6b2088cae42cf35b2f3c390c82fe6494,872bb1c206b2515cd5f7f9324dbb879aaa03a770371ad136875520c8468cb9e3,train
raw/orange/fresh/freshOrange (225).jpg,orange,fresh,local,v3_0de1a3a4b92d2a2d5e44235b56d3f68c,2ae82620df5547b07fe2910c853b888b9ad3dea124ef0f68db4e70a3b4c0a8b0,val
raw/orange/fresh/freshOrange (225).png,orange,fresh,local,v3_0de1a3a4b92d2a2d5e44235b56d3f68c,1846468418215ebeee42aaf7d15de0eb1f95ed8255adf94f429c7c40539c2393,val
raw/orange/fresh/freshOrange (226).jpg,orange,fresh,local,v3_e6e1a4a470b797948f39cff114fa3cf7,0ca1fdd3a84affb64017a953dc829bc993d9ee6d1511f6cf022fa82e090b71dd,val
raw/orange/fresh/freshOrange (226).png,orange,fresh,local,v3_e6e1a4a470b797948f39cff114fa3cf7,baccc4409445058a3ffb4a8e10309caa38773b99763668ea3123698cc31e3db9,val
raw/orange/fresh/freshOrange (227).jpg,orange,fresh,local,v3_8145a5c070384e7a3c197781fd444571,e71595758f8e1a5bbba883afe9a451e747a30e8a75d25c1efea5466749ba6844,train
raw/orange/fresh/freshOrange (227).png,orange,fresh,local,v3_8145a5c070384e7a3c197781fd444571,43754cde3479e7544c7b7313b5af30b8bea133d248197e7438b7fd3f29fe26dc,train
raw/orange/fresh/freshOrange (228).jpg,orange,fresh,local,v3_ad70958532e0a33deb11bc19800ecc38,6f7fc70a3bca5ead724dd45e52ffd24bfc50d8c0d0ea9e129349cefcb70da360,val
raw/orange/fresh/freshOrange (228).png,orange,fresh,local,v3_ad70958532e0a33deb11bc19800ecc38,cb5102e960f64171a89bbcc842108c8664d3f8b803591950237d2e6aa9d4a083,val
raw/orange/fresh/freshOrange (229).jpg,orange,fresh,local,v3_322bea05d9dc11bc90fced62afed561c,06ae90eb52f52387eae1c60ec9a0878080b75e05b369dcada056cfa82d93d07d,train
raw/orange/fresh/freshOrange (229).png,orange,fresh,local,v3_322bea05d9dc11bc90fced62afed561c,988b8ce060f74dc2f527d7d809caaa96be701576bfcea9f6d975aa66f76196e5,train
raw/orange/fresh/freshOrange (23).jpg,orange,fresh,local,v3_28cbca8ae444aae53612a8aa936fc699,07430e0f13aa20bec2e9a0e6e9de09df6c6f09eb76996df1c04c34ed93e4a38c,val
raw/orange/fresh/freshOrange (23).png,orange,fresh,local,v3_28cbca8ae444aae53612a8aa936fc699,231b9a49c167e5a0bdc33aa1d37c76d242e7dd112719b4f4181b1be670c865d8,val
raw/orange/fresh/freshOrange (230).jpg,orange,fresh,local,v3_4e74dfc639b2e6c8d27bbfc39bfaed27,36874fd67ea61ef79f3d0dd23f12b7ea1ed813baed769bcb5d73bc0a4644766a,val
raw/orange/fresh/freshOrange (230).png,orange,fresh,local,v3_4e74dfc639b2e6c8d27bbfc39bfaed27,ff7bde3bbc9a3560efd41ece065630cbcbfe6db19f3dbb4e90c76629ce319878,val
raw/orange/fresh/freshOrange (231).jpg,orange,fresh,local,v3_bec65b716ebb439581246e6162bb10d1,bc0d025c5de08056d1405988bb6b2e5510fe603b6c08bafd3caab6e2a45c4a3f,train
raw/orange/fresh/freshOrange (231).png,orange,fresh,local,v3_bec65b716ebb439581246e6162bb10d1,235f3bdb57354041996c1d118a8b8e74a52a3b91a53b3edf318d0348f1200636,train
raw/orange/fresh/freshOrange (232).jpg,orange,fresh,local,v3_0801a88ec76297ef0751f097f7591c82,effbf4fd7cace973520e5066eb8e0f7b4787c2913e2f3a47745316c2c0e2d48c,train
raw/orange/fresh/freshOrange (232).png,orange,fresh,local,v3_0801a88ec76297ef0751f097f7591c82,42142eaf737d99715ef3a444685a2888da16102c0a2b32bc3224c4c1e3dc8c97,train
raw/orange/fresh/freshOrange (233).jpg,orange,fresh,local,v3_4ce555b4447dedfdfc56eec9963e22cd,88cf1c58e4e10fa399c8ecac7a0fb3270f7648d80322c0d17dab969a3330de02,train
raw/orange/fresh/freshOrange (233).png,orange,fresh,local,v3_4ce555b4447dedfdfc56eec9963e22cd,bde4fdc5fd6b19d48f2fbed37afc1d80e8149bf31240ec8342a74a9011b4f69f,train
raw/orange/fresh/freshOrange (234).jpg,orange,fresh,local,v3_134f8537616a9d84f2af5d0842e169be,2a83b38964fa2ae433b5ccc5300ea3b311fd8244af6822d88d3c8eda748d02b4,train
raw/orange/fresh/freshOrange (234).png,orange,fresh,local,v3_134f8537616a9d84f2af5d0842e169be,cebc467f7c89ae9f90a46746914c4eb77c803f05444846a1c509d9f23801f474,train
raw/orange/fresh/freshOrange (235).jpg,orange,fresh,local,v3_19ccaaeae51b4b2a8197ff89f8b39c46,4e4cc27785300c3f5451a34f21b53e58b89eb5f2833bf9aa8b7238c87f8822e7,test
raw/orange/fresh/freshOrange (235).png,orange,fresh,local,v3_19ccaaeae51b4b2a8197ff89f8b39c46,1ac739d83f0d339e3e7f867423fba6e84f7c927c50d66af6cd8cf9a7f8e36447,test
raw/orange/fresh/freshOrange (236).jpg,orange,fresh,local,v3_4712a12cfcc0d25bd61f91139d2ec957,76142753fb75cd19217066f2bcc32cec6e07dbcd9b7505699dabf3f3d80df272,train
raw/orange/fresh/freshOrange (236).png,orange,fresh,local,v3_4712a12cfcc0d25bd61f91139d2ec957,93256803fc6342a8ff31bed4de965abbc32ef0e1442c308412873f1f2e39c1ae,train
raw/orange/fresh/freshOrange (237).jpg,orange,fresh,local,v3_d05a3d1baeb85a747fadbe29586de17c,a25b184fbec0738fbc8e2324a396f370bcb97fbbe01885b5cffdbf1b0de0618d,val
raw/orange/fresh/freshOrange (237).png,orange,fresh,local,v3_d05a3d1baeb85a747fadbe29586de17c,e51032623ffbf0d8f0e46a83af0619eec2b610aa359aaec9eb657bb4929456c8,val
raw/orange/fresh/freshOrange (238).jpg,orange,fresh,local,v3_7019f25008ba54645ac620aca40d8ead,0354d087a965be5935ab80cafd3bb9750b1d356883b6ba5d0c1042cca94e0d67,test
raw/orange/fresh/freshOrange (238).png,orange,fresh,local,v3_7019f25008ba54645ac620aca40d8ead,5902315e4e3ada02f1be5adaa639302866eef872142a9f25ce6e41c0f422a01e,test
raw/orange/fresh/freshOrange (239).jpg,orange,fresh,local,v3_862e7f0f7dbe05949c0b2bdebcbbe55e,cff8c6536dd09eebffc3c0588cc3f3b57ceedf3cc2db0e11e19abe75ec813c9f,train
raw/orange/fresh/freshOrange (239).png,orange,fresh,local,v3_862e7f0f7dbe05949c0b2bdebcbbe55e,7e7039a28ca50ff96aabe32f99d70ca535815a166036f06875cccc75ad136ebe,train
raw/orange/fresh/freshOrange (24).jpg,orange,fresh,local,v3_5d13c665cc110869086381c4baf56f27,c93f66376c33281d144b95bb52af89c706790311bfad338beaeed1d921f83621,test
raw/orange/fresh/freshOrange (24).png,orange,fresh,local,v3_5d13c665cc110869086381c4baf56f27,f2379784fdd776e65dc9746fbaa28296a5a74e6dcad7218c49730bbb74d3b40e,test
raw/orange/fresh/freshOrange (240).jpg,orange,fresh,local,v3_6a7230947bd8b0b5c34c84257ce3d594,af3d75e2dbd05dfae79cb5efdf7492922eccab6af7954152072a594b3a20c8f7,test
raw/orange/fresh/freshOrange (240).png,orange,fresh,local,v3_6a7230947bd8b0b5c34c84257ce3d594,4022f2e1710eb3d2f25fb14bb0d6a9ffcb5bc1f39f2f88851f6c8ce7e890f3c7,test
raw/orange/fresh/freshOrange (241).jpg,orange,fresh,local,v3_089957c66f732b7168432a0150b69d67,b8b96800d8ae4225a8e82b223e9605be4ee30feba7f3dfe4727ce3ebad3e09fc,train
raw/orange/fresh/freshOrange (241).png,orange,fresh,local,v3_089957c66f732b7168432a0150b69d67,ad9a771b4e2df9bdd4799b2fdf3033e6d3f3a7ba54020703f167b659c01e52f2,train
raw/orange/fresh/freshOrange (242).png,orange,fresh,local,v3_25cbdc621a1f6d659859a441d40fac03,c45e33a2672397424f53054146aee9903a7ac679b04e106c3ea1a2e6864150f9,test
raw/orange/fresh/freshOrange (243).jpg,orange,fresh,local,v3_03ea7d61defff94c7b1096882c70c3c2,8b7bbf302dddd4d04b771f0dde0735a344fc162443854667bcaa01bf885fbc39,test
raw/orange/fresh/freshOrange (243).png,orange,fresh,local,v3_03ea7d61defff94c7b1096882c70c3c2,56457463cd215071ce4b0d8b2bdd8e5c5927350eb7bb618a2cb623c0ed30fd51,test
raw/orange/fresh/freshOrange (244).png,orange,fresh,local,v3_aa6f8f0ce8c6849daef80b7656a2518d,c7be7fd08af6486e5c7730def318c3a4577aa05fb3c03c71a4f4e584efcbfe05,test
raw/orange/fresh/freshOrange (245).jpg,orange,fresh,local,v3_eb1213afa36ec3e13c076b2cccbe86df,aa9acae7a2ff1776c45f859ed110dd16ebe762e2874974ec2343fba1caf66ac1,val
raw/orange/fresh/freshOrange (245).png,orange,fresh,local,v3_eb1213afa36ec3e13c076b2cccbe86df,d2becd0b050206ada0c7e3064dc187dd67552d20eacde5ef6030f86e037bada2,val
raw/orange/fresh/freshOrange (246).png,orange,fresh,local,v3_b4da8762df1029a8997475bd352e8927,4eebe0449c2b6c64c2afec32b21e46d661c9e92c40d3f256bda94a031d212a64,train
raw/orange/fresh/freshOrange (247).png,orange,fresh,local,v3_b295260715731323f72381bf5263e386,5b764d98fd61538f22512598ff972f6bbfa9bec13a6d7ea5fe5763dfe39398c5,train
raw/orange/fresh/freshOrange (248).jpg,orange,fresh,local,v3_5fd98cd20e731e894c4abbb00fe4a07b,e77c3edfd176a5c3ee7d450b2d690b767eaf54392dd9607545670806890d06c9,test
raw/orange/fresh/freshOrange (248).png,orange,fresh,local,v3_5fd98cd20e731e894c4abbb00fe4a07b,d3c6904d1e59448710535f8e75992127778877c0480ec27e26c20de2f8586f84,test
raw/orange/fresh/freshOrange (249).png,orange,fresh,local,v3_cc03e89b0dba49105ca902da7b411e31,6e5642469febfa72c8ef98c88b644c96a3066c7c1b5cc012d8f775f9c12cedd6,train
raw/orange/fresh/freshOrange (25).jpg,orange,fresh,local,v3_1eba58cfbed3e19056b334a30ce5350c,b16bfc11c86635a485dbdeaadae0b921d851253292103c4995838b765e57181c,val
raw/orange/fresh/freshOrange (25).png,orange,fresh,local,v3_1eba58cfbed3e19056b334a30ce5350c,5f0a383a74941b6b578a9d4de47acbe5ef74277cc3d9b0c33cb1d74bf6f585ff,val
raw/orange/fresh/freshOrange (250).png,orange,fresh,local,v3_4467a73e9d81a94403ff321916706592,c03f341b392fe3a724f47649488497b4b209af812144c9c9bfe25aa3616796ab,test
raw/orange/fresh/freshOrange (251).png,orange,fresh,local,v3_39697d460d94defd08b669ee319bb17d,b44cdb4efa6c57c86fa259c01478dc9824ff9129b92d92c996df25b2ccab99fa,train
raw/orange/fresh/freshOrange (252).png,orange,fresh,local,v3_a7c47750fc4e78d922cc1ba34b5ffb12,55a9611b19f5a23622708634b531de92ea2eef8a672071d93c2765578a73de73,train
raw/orange/fresh/freshOrange (253).jpg,orange,fresh,local,v3_2bf771fc7ce842fe024cedf7906dfeb4,c9d8915e36b813c2b9f0e3621d3ca40476f2e27418e2e48d7816968c8a31e732,train
raw/orange/fresh/freshOrange (253).png,orange,fresh,local,v3_2bf771fc7ce842fe024cedf7906dfeb4,c20bab25c8b9ba347879f4acd769a287a30ce08ca828530d87f526be4074dd68,train
raw/orange/fresh/freshOrange (254).jpg,orange,fresh,local,v3_9935641b0d9d541460e0b3936a9d1919,9da1d5d6be1a3299f3c0832ba2127b9131a4630016149a775c72c8397cab7a26,train
raw/orange/fresh/freshOrange (254).png,orange,fresh,local,v3_9935641b0d9d541460e0b3936a9d1919,c9717089cfcc773e065648dc56c8a335b6518e9faeddb0019460504950da64ce,train
raw/orange/fresh/freshOrange (255).png,orange,fresh,local,v3_8d28606b9d094923897ee1454ca94302,19ac9e67ce4ce45497cd9b452fe31fcf0a27497e4dc54d3642cedfbc472dbef6,train
raw/orange/fresh/freshOrange (256).png,orange,fresh,local,v3_92d1dc6f6a5be7baa39ed698b6ec5194,e266c58eee02be61da3b7d4e2c2eb99ef4e1b3b13b04046b07f828d81f81c218,val
raw/orange/fresh/freshOrange (257).jpg,orange,fresh,local,v3_b023b45012e0db464da4a4efedd010b2,37aac348dcde58589806281123759d368fe0d53d23540cc743adce406dffcf31,train
raw/orange/fresh/freshOrange (257).png,orange,fresh,local,v3_b023b45012e0db464da4a4efedd010b2,bc5f893424133aba680ab604738d4a745bed6b55e480cba4cd9886f6a84b0093,train
raw/orange/fresh/freshOrange (258).jpg,orange,fresh,local,v3_b48a4192a59d0a473f22b9d23a1a9633,72d3ba909351bd5b9ebd387f48a34fdd13ff30749ecfc811feb064c5185e2e0e,test
raw/orange/fresh/freshOrange (258).png,orange,fresh,local,v3_b48a4192a59d0a473f22b9d23a1a9633,952f89d7b3cb67ece4eb1ddc078ad7785f881e97c094f9b39c2dabadb66a06a2,test
raw/orange/fresh/freshOrange (259).jpg,orange,fresh,local,v3_037a37c396e701bd2e36a1687ee13928,29f143b6c3660f9c8198465db693162c66c4d26f2d511dac399b047afdd8a60f,train
raw/orange/fresh/freshOrange (259).png,orange,fresh,local,v3_037a37c396e701bd2e36a1687ee13928,50c6e8365b243bccdf2e13c96d31e0a229532e9ebd9309c1ef1d20611bc89d57,train
raw/orange/fresh/freshOrange (26).jpg,orange,fresh,local,v3_7a732b23b8e40beca020570c988466a8,748506b7204a61dbc3c9c4e50245b94784fb32d619ae902d1c454cb973ccc4ac,val
raw/orange/fresh/freshOrange (26).png,orange,fresh,local,v3_7a732b23b8e40beca020570c988466a8,a3b6a6a6f6eb2bc5478ed854a39ca640d637b3d23589d3b1fd92b6c8d13bab62,val
raw/orange/fresh/freshOrange (260).png,orange,fresh,local,v3_425ee9bda13cb45d50179747f6f39776,2f517fa04de4c9d8a3fe517632d005e51c7df986f4cd3689e82b4c2b040d399c,train
raw/orange/fresh/freshOrange (261).png,orange,fresh,local,v3_5d3bd8df128a2cea066769f9e03f6bea,af9e24ec5c6ae50a6d7cff711663a4357ae288504bdb174ca38f409701c12ff3,train
raw/orange/fresh/freshOrange (262).jpg,orange,fresh,local,v3_4acaa7ac18004251e76e64b865b63785,c2802c7d4ac688e0009da6f8ea62579174d0900bdbe1fdfec69cfe788bdb1001,train
raw/orange/fresh/freshOrange (262).png,orange,fresh,local,v3_4acaa7ac18004251e76e64b865b63785,ac1da0b467a34e566bb16e7badf7e669d89eabcaf76afe9dc9a9d525acc40066,train
raw/orange/fresh/freshOrange (263).jpg,orange,fresh,local,v3_e17e5e75646dd28cc31c08862bae24fc,9f8ea8c8973e6dc1e0bd197a46bd433c27d6e0324756b902b55a371a1be4e46b,train
raw/orange/fresh/freshOrange (263).png,orange,fresh,local,v3_e17e5e75646dd28cc31c08862bae24fc,5e43c8cbdf330c116f1ee0c73e759165864d6d96d146e01a48f22a5e8d29d8f3,train
raw/orange/fresh/freshOrange (264).png,orange,fresh,local,v3_5a4b83c53d36b364dba74d51011285a5,09c91a8071b788bb48bd4ab6350988a1435b3ec4f39e5627ed32bbcc941aab76,val
raw/orange/fresh/freshOrange (265).jpg,orange,fresh,local,v3_976471b486cc963dbb2282048af62016,2c436f5e3f7387a0436c2b4f1db939b7548c43c68b24edbea7bbd8e864ea58f3,test
raw/orange/fresh/freshOrange (265).png,orange,fresh,local,v3_976471b486cc963dbb2282048af62016,ed53c76ed8530e578669149be3c5e3213495323c0955009f986fc3a9fc221c7a,test
raw/orange/fresh/freshOrange (266).jpg,orange,fresh,local,v3_86af911b897c95ea746b3259bc36312f,ac234cea9ada006fde4e7368d89f2ece539504bf97f096575ed4b37ea9861125,val
raw/orange/fresh/freshOrange (266).png,orange,fresh,local,v3_86af911b897c95ea746b3259bc36312f,7a569c28be12efe00e6461a2edcd5854082055c45fb679897a74702bedd4b6ac,val
raw/orange/fresh/freshOrange (267).jpg,orange,fresh,local,v3_e18b6a32b471e94f898ecd89c3cea1e4,295e0084600824c8d15600c56f1d31088c86802155c52c48ea5c5d6d6fbb3866,train
raw/orange/fresh/freshOrange (267).png,orange,fresh,local,v3_e18b6a32b471e94f898ecd89c3cea1e4,83b8f8ac18f41fadb25d34b7c486317834885bec00135e3f15f56d9faf826d42,train
raw/orange/fresh/freshOrange (268).jpg,orange,fresh,local,v3_96e46cc8d2dcb99d3ae40feffbd50cdb,293269df41661fc418d9426d158e99fcb6268dde72365945ebf4f5509040131e,train
raw/orange/fresh/freshOrange (268).png,orange,fresh,local,v3_96e46cc8d2dcb99d3ae40feffbd50cdb,cd2833b6ca363cfa3792f6030d9beac1e5428ea33a9fafd833d8df885bdf262a,train
raw/orange/fresh/freshOrange (269).png,orange,fresh,local,v3_ac5c6ed71c44e1df566da2f39ef749b3,fd399fefbec96ca9140a90082744c0d50906a975bad688358ce39cb2e08cfd32,train
raw/orange/fresh/freshOrange (27).png,orange,fresh,local,v3_2158a0bfb1b0cd14a82f3ea642d04ffe,64d7f2d5547a4d259c5a36e3d8267440b99dbb65b03242c9a086c3e045984b02,train
raw/orange/fresh/freshOrange (270).jpg,orange,fresh,local,v3_383696aa1af6685ec01a77b927006d13,1a38e3c3225b31575cec4109cf1787b6fd4da4cdfb79233dc939da1c06140631,train
raw/orange/fresh/freshOrange (270).png,orange,fresh,local,v3_383696aa1af6685ec01a77b927006d13,57379e57b66102bc226b9e53dbd2189b13eea5bd14ff08eabbcd6b73d3ad23de,train
raw/orange/fresh/freshOrange (271).jpg,orange,fresh,local,v3_70fc56fce0bd5229c03b5f969b3200d6,487f1600bc3a06cb59bb3affb62efa11ba909c60ec173c33844d34f8189d359d,train
raw/orange/fresh/freshOrange (271).png,orange,fresh,local,v3_70fc56fce0bd5229c03b5f969b3200d6,5680686e9a27d327aa5860260693a95d30341d34eb0a41352ce0dbc817c5918b,train
raw/orange/fresh/freshOrange (272).jpg,orange,fresh,local,v3_0e7e38917092ccb7b537473caef03b86,552ae5d44b79ee76e05f941fdda5a6fe80cfcd961e65a963b5663d3edb571100,train
raw/orange/fresh/freshOrange (272).png,orange,fresh,local,v3_0e7e38917092ccb7b537473caef03b86,d15bf8196fb07b7b18340148142e5b19e3463fd0944d1054de407c9707c10530,train
raw/orange/fresh/freshOrange (273).jpg,orange,fresh,local,v3_c42cf660233c1381e8ba6e54636029a9,d3319272e1e9b8fc02e2aa8036382794948e59a5acb569673a31aa9316b5843a,train
raw/orange/fresh/freshOrange (273).png,orange,fresh,local,v3_c42cf660233c1381e8ba6e54636029a9,2ded1b3bedddc3b498b9ee81ed5404e6841207901d42bcc92107178ed07be332,train
raw/orange/fresh/freshOrange (274).png,orange,fresh,local,v3_916d3dbad77f6a92e5a594d46eab5659,7df068ea94845a031e5acecd1bf9919c284c1216138dde5cc368c882652940fa,test
raw/orange/fresh/freshOrange (275).jpg,orange,fresh,local,v3_19c4aa04b38bee6d98713397b1d3243d,36dfa1f996c5ca0f5c18023c5c8f16e94d168c595301b7c00559bc77eede2ece,train
raw/orange/fresh/freshOrange (275).png,orange,fresh,local,v3_19c4aa04b38bee6d98713397b1d3243d,dafe989155a9d5b2abfbb8e3d042e71751914b8f8cd08428cdb3bebe47c5d4a2,train
raw/orange/fresh/freshOrange (276).png,orange,fresh,local,v3_92d3f2399799647638b2093ad3c29466,be457aea60d08b8ee7d740f2940a22e26423678a97ad6deb2e400a1e6cbd194a,train
raw/orange/fresh/freshOrange (277).jpg,orange,fresh,local,v3_5bcf9f198c0229aedb3c62184b877303,c420ca22646f11ee5c37cae066d657bfd48e0da871c43ba15c1a012921912aee,train
raw/orange/fresh/freshOrange (277).png,orange,fresh,local,v3_5bcf9f198c0229aedb3c62184b877303,3771663a77b7a5f42113b3216822b183a48e8c7135b3a234ebbbec47c0398c7d,train
raw/orange/fresh/freshOrange (278).png,orange,fresh,local,v3_216be8665a8ef1956c88367647fa28c6,6a44ce0b2ddbd5e39ad68741fe3ad47e53a6bf46aaf544dd8108abed6e666a7b,test
raw/orange/fresh/freshOrange (279).jpg,orange,fresh,local,v3_b2f1eb3c73e30be8b15752da524ff434,89acef78a8a12794ce112a4a380ad17727e6c88585fd0f8fd3bb2f698563b64a,test
raw/orange/fresh/freshOrange (279).png,orange,fresh,local,v3_b2f1eb3c73e30be8b15752da524ff434,5950ad9866e12e063701b26405ac346be3bc1b75dcced87e89a8778164c1a8f8,test
raw/orange/fresh/freshOrange (28).jpg,orange,fresh,local,v3_f096c298c37c53956d42c90c6b0e469e,d2fbefb6ced0b118ffb92c1ef0f542dd9059fddd585a6a8badcfbb99e3a82c39,train
raw/orange/fresh/freshOrange (28).png,orange,fresh,local,v3_f096c298c37c53956d42c90c6b0e469e,4f1878dc6f3515f0342e5464dde580c1063b16ae013becb1a53eff7f4f8a1a9d,train
raw/orange/fresh/freshOrange (280).jpg,orange,fresh,local,v3_1e765e5d35635958514494808f1a53d7,b08ce95c9319a76c88d9250e68379782fe057c14b4fd71be9a8d70f6e002330a,train
raw/orange/fresh/freshOrange (280).png,orange,fresh,local,v3_1e765e5d35635958514494808f1a53d7,2fec45290d4ec6fe8489e61741258589851f5b5047809d068f9d395ee8f911c6,train
raw/orange/fresh/freshOrange (281).jpg,orange,fresh,local,v3_0307bcdc2ecc2489c71f374f663e099b,a071ac2738325c4410114ed2e62b8e3aa18a46bcda5d612a85076d13cc238a85,val
raw/orange/fresh/freshOrange (281).png,orange,fresh,local,v3_0307bcdc2ecc2489c71f374f663e099b,b8327543fd97d4910e2e148ab79ee563c32f84f70a2eeaa5be3af5d6341cf8e6,val
raw/orange/fresh/freshOrange (282).jpg,orange,fresh,local,v3_4cdd9c575bfffeeb47d5786e394bff46,c45c8d8bb821a3253bdb2ee26f296cb32facc1380565085f0658d886e868af49,test
raw/orange/fresh/freshOrange (282).png,orange,fresh,local,v3_4cdd9c575bfffeeb47d5786e394bff46,dda4749a3aa0cf578c9446f75b7227a9dec0ae78697bb017979930b6f4fe9d3c,test
raw/orange/fresh/freshOrange (283).jpg,orange,fresh,local,v3_4cdd9c575bfffeeb47d5786e394bff46,37e1d9dc2c216e03113523a44676dbf06d54429c92b258ade7f094a3d478f806,test
raw/orange/fresh/freshOrange (283).png,orange,fresh,local,v3_4cdd9c575bfffeeb47d5786e394bff46,b4997cc9a2d34c2e63260398600481cf2da3f1259e8434ef96c7dd560044e0dd,test
raw/orange/fresh/freshOrange (284).jpg,orange,fresh,local,v3_9482ccc17a3f2ff54d11fd39aebfab89,c7b342ea8061e5f11f6b216c320eae8658532b6d51b4a011c82cd9f6cd8272ae,train
raw/orange/fresh/freshOrange (284).png,orange,fresh,local,v3_9482ccc17a3f2ff54d11fd39aebfab89,9e88f7254e8a21228974c4a80425b8eea771fc41ca10a9908fb33d4f39e8b163,train
raw/orange/fresh/freshOrange (285).jpg,orange,fresh,local,v3_61480b48d2c7b15c1221496bda3fca92,a045df27906fd93d42f78dbc2f74264e9cea1bb94de9c2ebc0772acfb020c8a6,val
raw/orange/fresh/freshOrange (285).png,orange,fresh,local,v3_61480b48d2c7b15c1221496bda3fca92,4992b4fb2ce22813fad17a529fefc34ea307fad5a910a65d759da2ea97a63cf5,val
raw/orange/fresh/freshOrange (286).jpg,orange,fresh,local,v3_7a8f15d1ce90f0a8d846b7fac9e882a4,c3215b6c2627afcc0b6b5b00b4c2500a2672db9f281ccb15771abd8d5f4804a0,val
raw/orange/fresh/freshOrange (286).png,orange,fresh,local,v3_7a8f15d1ce90f0a8d846b7fac9e882a4,8eb0db2cae362c223962f6b50088231e74cd7800a8680b3bc553979c42516be9,val
raw/orange/fresh/freshOrange (287).jpg,orange,fresh,local,v3_32dc8e6eb34695b6cbc6fcc4333d1f20,020c2b38766a52ee502da991659eaf0a0b64005e1d903cddb6361657e3dc3b4e,val
raw/orange/fresh/freshOrange (287).png,orange,fresh,local,v3_32dc8e6eb34695b6cbc6fcc4333d1f20,3cfef7c8c382c67dadc758b0a637602cf4f912ff24857951c7c68cb35549ffd7,val
raw/orange/fresh/freshOrange (289).jpg,orange,fresh,local,v3_748d4ae4bc3eaea48e0336dbd960f569,f25336447bb881919823316a8faa2564f293c8af78e89172db1f09930f401bf1,val
raw/orange/fresh/freshOrange (289).png,orange,fresh,local,v3_748d4ae4bc3eaea48e0336dbd960f569,c5384381e0d67e1dd66ef4627c008fbb44aac21c8072da3bb525158a14a30396,val
raw/orange/fresh/freshOrange (29).jpg,orange,fresh,local,v3_524b29df8192a441180dda88136abf5b,51a15a00391d6d8b33e3d8966d069fab05c5013c1ba40a94ed86dcd219c13974,test
raw/orange/fresh/freshOrange (29).png,orange,fresh,local,v3_524b29df8192a441180dda88136abf5b,4de006e66296bd2e726bf1927bedfe4a569cbda574540edc07839f8e500f551e,test
raw/orange/fresh/freshOrange (290).jpg,orange,fresh,local,v3_8b15153491db2015d0cad3fed00a5e53,53d5b8895737bbdd5c2be2629b97282520749324361eb403e5d64961a6fd3ee7,val
raw/orange/fresh/freshOrange (290).png,orange,fresh,local,v3_8b15153491db2015d0cad3fed00a5e53,b4c6a02bd0c918de470daadcb85653a722f5769e92c43612198b13fcfc3b8a75,val
raw/orange/fresh/freshOrange (291).jpg,orange,fresh,local,v3_50382fc33a206ddf72e699d7eab215c8,a54a2a944851ef857d30c1ec83e92f826e7bf8b9223d557d6d78d1ea9cc08904,train
raw/orange/fresh/freshOrange (291).png,orange,fresh,local,v3_50382fc33a206ddf72e699d7eab215c8,d68e018b030daeebdcae97b7da13d9c63d72cb937787796fe4d197d734aa958d,train
raw/orange/fresh/freshOrange (292).jpg,orange,fresh,local,v3_07c597c7d2e8cce38aa7f62b3f58825c,aa4ba3714cfefb499154ef454f45d6a56f57222ba26433c4694deb30bcb5afde,test
raw/orange/fresh/freshOrange (292).png,orange,fresh,local,v3_07c597c7d2e8cce38aa7f62b3f58825c,e8d4c296f323a041e67640fb03d5c85e2c3f9c576a960930a33b07d32e248fb9,test
raw/orange/fresh/freshOrange (293).jpg,orange,fresh,local,v3_61dddfbad6d2da3cbbcad993bcad670f,8dd7ffe0ae554f624095be76ee1cc6e6d34d1509a5946364ecb282abb4f483a8,train
raw/orange/fresh/freshOrange (293).png,orange,fresh,local,v3_61dddfbad6d2da3cbbcad993bcad670f,fdf373b86f8df053532bf3c24a427615b275425190069c4c1636ca06e9543697,train
raw/orange/fresh/freshOrange (294).jpg,orange,fresh,local,v3_d34a720aa9c244f4e77bdb95e14a5784,efb0021c4e1e477b6d0c4c9d71abb06b54c6c83225a7439675581aa4624343ed,train
raw/orange/fresh/freshOrange (294).png,orange,fresh,local,v3_d34a720aa9c244f4e77bdb95e14a5784,52db06550b25347cae88558b9db1f24008ed09ffe0d426c9af41a8a2137e86fb,train
raw/orange/fresh/freshOrange (295).jpg,orange,fresh,local,v3_8425f344589cab3357a0f228da451950,7657162a7cc7d12ac7a60179267bb80537233f83ba585c80f7e7acd4a079eb81,train
raw/orange/fresh/freshOrange (295).png,orange,fresh,local,v3_8425f344589cab3357a0f228da451950,2afb0a386cfc6c7e800b21b562f0d32850bc9542b14050a6f8ae6ad557dc6e92,train
raw/orange/fresh/freshOrange (296).jpg,orange,fresh,local,v3_0921665f2361910348d173142a998720,6bf6c3bb2401aaf627a2744384e680a7ff8a7cba38eddeb230bdd14bdbaa17ee,val
raw/orange/fresh/freshOrange (296).png,orange,fresh,local,v3_0921665f2361910348d173142a998720,776fef28064051898c53c31343cd5779acb06d9f0ef60c22a7d852d7e4d7f583,val
raw/orange/fresh/freshOrange (297).jpg,orange,fresh,local,v3_74691c1049b4f5071726e26a873d8859,154fa7f3d1dd88a10fc8a0e282239789641882557b74a6adcab8f2cc47f132be,train
raw/orange/fresh/freshOrange (297).png,orange,fresh,local,v3_74691c1049b4f5071726e26a873d8859,5622f1e896d9d612762de9f15fdcc5d612e6b0b7f06ce89fff2e8eef3c56816d,train
raw/orange/fresh/freshOrange (298).jpg,orange,fresh,local,v3_f9f09266fa18de0671dd6cb51d2d960c,6552c1328441916e753a47c9f5373c7fc2be0618775bf7bcb2c52a4e881a6999,train
raw/orange/fresh/freshOrange (298).png,orange,fresh,local,v3_f9f09266fa18de0671dd6cb51d2d960c,78f7290a17a606c1abb442a1eb13007221202f75d3c9fe65fd3c3b96ee7fb472,train
raw/orange/fresh/freshOrange (299).jpg,orange,fresh,local,v3_2944b0958c0644b8d1cc71a71f85a534,b8d3ae9feecfcf627200a3dbcfbc035812947d6139fc92adc05153c3cc6699d6,val
raw/orange/fresh/freshOrange (299).png,orange,fresh,local,v3_2944b0958c0644b8d1cc71a71f85a534,b36c9a816049aa9000b9bf0c9f470ea31c5bf552282370513f9a5a430d56b955,val
raw/orange/fresh/freshOrange (3).jpg,orange,fresh,local,v3_99f68d4f27fd1d3d57ec740d5b1fd0a5,5628c0aa8def8d73e9ca4385a64f320d95ae8fc148864e2ea010213519960da0,train
raw/orange/fresh/freshOrange (3).png,orange,fresh,local,v3_99f68d4f27fd1d3d57ec740d5b1fd0a5,60eee325dfba07ad51a776b0b3b93901888e1452ef0cfc552484633b35bc08cd,train
raw/orange/fresh/freshOrange (30).jpg,orange,fresh,local,v3_e5daf7468f7c0fd617aa0dfc4ab42525,8b6608122c451ee7c2c09fdaadc4486b3d77553f1e83b6d91170849ab07fcc09,train
raw/orange/fresh/freshOrange (30).png,orange,fresh,local,v3_e5daf7468f7c0fd617aa0dfc4ab42525,ec62d136b3d31ed65c7fc5c3f2b6d3c671b0a4116b8a2055bfe30d2842ac660d,train
raw/orange/fresh/freshOrange (300).jpg,orange,fresh,local,v3_1bca89f118ba5bb582d6cf59ab7c07a7,950b2f3738c88efbe65357b0c7beebe7ddf3f84d52b87153e7f853636d0ecc37,train
raw/orange/fresh/freshOrange (300).png,orange,fresh,local,v3_1bca89f118ba5bb582d6cf59ab7c07a7,93e70e98be8c82e44d33fe1cb7002e64f4db52c71502d62cc1490c01d214eaf6,train
raw/orange/fresh/freshOrange (301).jpg,orange,fresh,local,v3_1bca89f118ba5bb582d6cf59ab7c07a7,48e54aa85c8982466cac5ff5f0fc97145148b17cc7a28a29fc335cdd11ee7ad4,train
raw/orange/fresh/freshOrange (301).png,orange,fresh,local,v3_1bca89f118ba5bb582d6cf59ab7c07a7,c8041789bee9364683a039d973de384ade08d03738268dbfa05c597d87fb4459,train
raw/orange/fresh/freshOrange (302).jpg,orange,fresh,local,v3_f560ee34ef7e6ac2d1b34968078cf5ec,1c7e2404d4f6b63638074e6a3d6689b27c2c119412b2b141ca30638a5c60f7aa,test
raw/orange/fresh/freshOrange (302).png,orange,fresh,local,v3_f560ee34ef7e6ac2d1b34968078cf5ec,8695f76a73cd11956428c97d152980fae4be9c4010762e8ae0588ddaefd9c3e3,test
raw/orange/fresh/freshOrange (303).jpg,orange,fresh,local,v3_85fae45caa77ab2b0a606b59d8851c30,e535af2cf08ff2b139ecda169a4df59c74d3c03ee78c854443a2107866ed3ea6,train
raw/orange/fresh/freshOrange (303).png,orange,fresh,local,v3_85fae45caa77ab2b0a606b59d8851c30,d711c78af8e1b4563fc547d90b941876ee3321db097d0d1c87fd13643d7aede5,train
raw/orange/fresh/freshOrange (304).jpg,orange,fresh,local,v3_cfc554f6396a29b517a1f0588d08c8e5,bcab454130c81f1329c408fa8feb0290ebd9e33e1c35b382a68b05b76c34af2e,train
raw/orange/fresh/freshOrange (304).png,orange,fresh,local,v3_cfc554f6396a29b517a1f0588d08c8e5,e921af04fdeba145b52aabf3e38450fab0fb0eaf0fe56bd0c787a32bc5a8bf55,train
raw/orange/fresh/freshOrange (305).jpg,orange,fresh,local,v3_0e03b2f91b5f14d07373910b1d732304,34d3c33ab21c03d0bff40b94eab7cd7c183c26042fd6bceb90c81fbb200ed54e,test
raw/orange/fresh/freshOrange (306).jpg,orange,fresh,local,v3_2b7bf1ca7c5c783316c7451d8fbca694,cc2aa190b37f8efbae419b9c5bf460044186fc46e0d416a8e86aa98a9b619abf,train
raw/orange/fresh/freshOrange (307).jpg,orange,fresh,local,v3_e12408df82d80b28fe9dd6dd6daa6469,f78d71e825cba2b9366f225378e66dc7fbfa459b515ca135ac6c1bbc74c4b3db,train
raw/orange/fresh/freshOrange (31).jpg,orange,fresh,local,v3_d01526ff2ce654498df4f31fbbba78bc,ffec5bfc424baebaeb21de1bd4243b1d4748a0484238e61c7f58ad4ebccbdc6d,test
raw/orange/fresh/freshOrange (31).png,orange,fresh,local,v3_d01526ff2ce654498df4f31fbbba78bc,49aa085819515645a9b90a5e00b0dafda3e7f94812ea5ab0603d00366725e15c,test
raw/orange/fresh/freshOrange (32).jpg,orange,fresh,local,v3_d305e42de680b5a896ca9a88079bfa23,a1f79f8da9d50e32f3eaa684cf08e9e403f84039eeac47b16e8e1c100d46d86f,val
raw/orange/fresh/freshOrange (32).png,orange,fresh,local,v3_d305e42de680b5a896ca9a88079bfa23,d2333a6429e203e2a682cd84202d51c01fbc6e031dbd662123c10712c02dd4af,val
raw/orange/fresh/freshOrange (33).jpg,orange,fresh,local,v3_023be6cc44047f5f806da2829d71d538,f4e0152619c6e7ae9da7c2f93ca307af07aef6900b14a0628720c91ba3d81f90,train
raw/orange/fresh/freshOrange (33).png,orange,fresh,local,v3_023be6cc44047f5f806da2829d71d538,37cdb088a8a118d54654fa5fcbb556cf9b341e838a05f0fa67ef9053d1fbb150,train
raw/orange/fresh/freshOrange (34).jpg,orange,fresh,local,v3_abfb94fadd9773b499ce6f971ff9b1d2,fa5e442ec331bd8220a0dcc9af0dfcdab053cdef074f9b5a2a89b0d3138a9d43,val
raw/orange/fresh/freshOrange (34).png,orange,fresh,local,v3_abfb94fadd9773b499ce6f971ff9b1d2,1633a4da69ff301ba6b8aa6a38f7adefe211a1ec644c55fa2593447012870cb2,val
raw/orange/fresh/freshOrange (35).jpg,orange,fresh,local,v3_24237a0b0e2683fc7c3b5db06e82fc66,496d1b93e245045d1dcef296df798209577479652b2e52211fe880a9f9945988,train
raw/orange/fresh/freshOrange (35).png,orange,fresh,local,v3_24237a0b0e2683fc7c3b5db06e82fc66,03a2cd8417d28cad7dbe2027a941c537bd90fd1cde61f4a1ecf54b9e96efa47a,train
raw/orange/fresh/freshOrange (36).jpg,orange,fresh,local,v3_198e6c83b88b37982687e6974fb15b69,ed7d944465d21db3ef920cfc15b9589b866e785457f5cfa1d193fce788463446,train
raw/orange/fresh/freshOrange (36).png,orange,fresh,local,v3_198e6c83b88b37982687e6974fb15b69,cc38c4edcef31b138fa716fbd62cd11b301286a446af41e396089f0557901e79,train
raw/orange/fresh/freshOrange (37).jpg,orange,fresh,local,v3_ea4411778e4e719b7e441e9b46c6cd56,cac886388bf31f3ad540eab02ffdac90f23d034041663d3484b0ad67e609583a,test
raw/orange/fresh/freshOrange (37).png,orange,fresh,local,v3_ea4411778e4e719b7e441e9b46c6cd56,09a7c1843e021b36489ca1b7ca608d9ffbc8803c84bd95a7e04de4993107ba6f,test
raw/orange/fresh/freshOrange (38).jpg,orange,fresh,local,v3_c8eb9932e7b1777dcbc6d201287c711a,b103e67f355d7180ca22a332cc3ba10decba280b414847ccf94baedc6ca3640a,test
raw/orange/fresh/freshOrange (38).png,orange,fresh,local,v3_c8eb9932e7b1777dcbc6d201287c711a,13c382f8e39fc218a9a736efda6a40700a73990a9cd1425ae72dcf1ba0fcde56,test
raw/orange/fresh/freshOrange (39).jpg,orange,fresh,local,v3_cbb7f90ad790f7d96e7e43693c74422f,21b235ed8cd2184f1269ef77ad28a982f49874317a36b97eb03104b06c0e5980,train
raw/orange/fresh/freshOrange (39).png,orange,fresh,local,v3_cbb7f90ad790f7d96e7e43693c74422f,67136ee775352a25eeee8fb64aebe0dd2ce9acf5fe2410a4896c141f234275be,train
raw/orange/fresh/freshOrange (4).jpg,orange,fresh,local,v3_63ec44fac2f78228cea33b8e0fcb2e29,b6742f29bf7d673a08037bc3cc7d2c8be0ccfa580bdcb51754946868e4e36cb0,train
raw/orange/fresh/freshOrange (4).png,orange,fresh,local,v3_63ec44fac2f78228cea33b8e0fcb2e29,36824ac387e142e6c38cdee1d92e96b72cba0e81561993f5a2aa8353d2abb58d,train
raw/orange/fresh/freshOrange (40).jpg,orange,fresh,local,v3_f1158350f07fcc63ac0147c4959a33ee,f341503f94adbc098a05e81fa1e0f647da1ed0e47c36d981890b8587b4c2a09f,val
raw/orange/fresh/freshOrange (40).png,orange,fresh,local,v3_f1158350f07fcc63ac0147c4959a33ee,3aaecf902dd6d4144bdaf340f90599e34d8847708f0a3aa2e98c4703266d7a91,val
raw/orange/fresh/freshOrange (41).jpg,orange,fresh,local,v3_368a352095c0ab66b0d27f1d38bbb379,ca3e54a8b85ed722f47b45dd513a1a10f8fdadda9d182f0cfdb90eb1d9fbb085,train
raw/orange/fresh/freshOrange (41).png,orange,fresh,local,v3_368a352095c0ab66b0d27f1d38bbb379,45b57dcd999b5e1e1d94d1345481c5fa068496e6952da6ed31962a50b0bcf885,train
raw/orange/fresh/freshOrange (42).jpg,orange,fresh,local,v3_49f58d5c41b5ef07c024d538f8169b13,a54d1b0500ac2b304de8a0c5f16e8627b8972dd11a3f00e386ab9f9029f7cb44,train
raw/orange/fresh/freshOrange (42).png,orange,fresh,local,v3_49f58d5c41b5ef07c024d538f8169b13,9871bc0fadbf439e157a10055cb7c0c417333dea32b6488b9c2e364aa070c152,train
raw/orange/fresh/freshOrange (43).jpg,orange,fresh,local,v3_2ef14a33f5032c335a003663d4f543c1,7accadd2a61cdcb1292684dc3bc2b89cacda6c25feb5b100c14b9885e7ec3e86,train
raw/orange/fresh/freshOrange (43).png,orange,fresh,local,v3_2ef14a33f5032c335a003663d4f543c1,1ccf44a4984105888c63dedc0ee80602a4665d911726ea74d104add9b7c0cc45,train
raw/orange/fresh/freshOrange (44).jpg,orange,fresh,local,v3_f5e873d387e16939d536632d56b34807,4b6e1a3dbae4984dc75cca11f42f93a145448d951fae2a319690831bb903da46,val
raw/orange/fresh/freshOrange (44).png,orange,fresh,local,v3_f5e873d387e16939d536632d56b34807,13c29227c3ae049fa89f62005a0c93110eca01589e61ce39837f21d0264d9aee,val
raw/orange/fresh/freshOrange (45).jpg,orange,fresh,local,v3_861264e011f2225e9a65a1a56c97db67,ec159911f771509281c1744131d3c2137c72597f242f5960095c35073b8516e5,train
raw/orange/fresh/freshOrange (45).png,orange,fresh,local,v3_861264e011f2225e9a65a1a56c97db67,82012a176eedd2d8982afe70a7af90df64fa435451e6b59c3d4191c7b7225b42,train
raw/orange/fresh/freshOrange (46).jpg,orange,fresh,local,v3_5e4e43c75bf97264323abca84da7e64e,88854258819d111b114e74f0cad20f8f94078bf0a4f6eedb251becd1aeecfae7,val
raw/orange/fresh/freshOrange (46).png,orange,fresh,local,v3_5e4e43c75bf97264323abca84da7e64e,64cab6c7cfbcc413497ade0fa17faa6fb0df205b58c167a1270c5680885b3a79,val
raw/orange/fresh/freshOrange (47).jpg,orange,fresh,local,v3_a40a24b284c079fd41eb49caa24155cc,4e2c178fb4eab09df20a6efc985d35173c23acffe6bba327e99f221925849cd0,train
raw/orange/fresh/freshOrange (47).png,orange,fresh,local,v3_a40a24b284c079fd41eb49caa24155cc,c0c3ef9902ce0feba652c94f1d48efd37642a182eccd7aac66b4e2df38358fe6,train
raw/orange/fresh/freshOrange (48).jpg,orange,fresh,local,v3_42c1fa7bc64b0a30dee1ccaad3f202da,eb1825da03459b312f6c520c02f0a55d2b126bee00dfaf3962de9be6dda0e5ca,train
raw/orange/fresh/freshOrange (48).png,orange,fresh,local,v3_42c1fa7bc64b0a30dee1ccaad3f202da,31f151ec41a4df6aeb5371052b70fc57bc791d5e4ebfc72c7ed7e193d88fa5f7,train
raw/orange/fresh/freshOrange (49).jpg,orange,fresh,local,v3_6b1204b6ce4709c12a1f1b6511a54ec6,b816ab44bc685d7331f250c00fbfee1073909ef305b5ae8e65898e59774c1465,train
raw/orange/fresh/freshOrange (49).png,orange,fresh,local,v3_6b1204b6ce4709c12a1f1b6511a54ec6,b65a3e54877b5758b8183217788d79874eb6b12aa87debb003fafa68e1521e89,train
raw/orange/fresh/freshOrange (5).jpg,orange,fresh,local,v3_19edd50f25e27641622617bb300e4ed9,d1430f750ab0f72b3788a28363243ab0e583ff95f7bcbb5f84536d77988d7afe,train
raw/orange/fresh/freshOrange (5).png,orange,fresh,local,v3_19edd50f25e27641622617bb300e4ed9,5cc0adbddb49df857c28d7f5903e0e7e6d8e22a6bda86ae7a93d5877da564340,train
raw/orange/fresh/freshOrange (50).jpg,orange,fresh,local,v3_c38a92cdd76d6b6916d97edbc39a64f0,919d00821d3967e9b0dddf06e8057a5b3da3b9c072fe9624f13a978ec9f1ee0f,val
raw/orange/fresh/freshOrange (50).png,orange,fresh,local,v3_c38a92cdd76d6b6916d97edbc39a64f0,49c4f9913fc86bd95c8b8d053522749e2e4be5269d0289b697c0f7ce247fe2fe,val
raw/orange/fresh/freshOrange (51).jpg,orange,fresh,local,v3_2749ce8cb6ea94ea21cef89e46bbe2c1,848bea41e770e68c8e376d94e5486dcab2c6f1e378325b4b342a853ebd9cf77f,train
raw/orange/fresh/freshOrange (51).png,orange,fresh,local,v3_2749ce8cb6ea94ea21cef89e46bbe2c1,856ae63ae676a6720307b3fbdb6b02da30dfef4d2705b4fafaf40ce403489f67,train
raw/orange/fresh/freshOrange (52).jpg,orange,fresh,local,v3_65f6b155dc37be45cab240abdaa3ab7f,1d32962c055755fe80513fc92cf9f6415795739ad20412029d1c0ea99767e6a4,train
raw/orange/fresh/freshOrange (52).png,orange,fresh,local,v3_65f6b155dc37be45cab240abdaa3ab7f,a6acfe75e30a4155422dfb8d29da1219665182f4f225628bcf1a5e9944f38829,train
raw/orange/fresh/freshOrange (53).jpg,orange,fresh,local,v3_c2cfdf51c7663edae21b536bcf708759,7cdc824fd60f0fc7e7b9dcd01e1018f251439a7758166dce978484927906b684,train
raw/orange/fresh/freshOrange (53).png,orange,fresh,local,v3_c2cfdf51c7663edae21b536bcf708759,3ff4c5dafe0a87d953b86535dbe952a22900e27f2c5408467f643125858af9ea,train
raw/orange/fresh/freshOrange (54).jpg,orange,fresh,local,v3_de13aeabe6ed423f9d973a8441faa938,34ff0786ce070cde19df74c0f4e5404c17c8d051fb0e593064cc09663cb31193,train
raw/orange/fresh/freshOrange (54).png,orange,fresh,local,v3_de13aeabe6ed423f9d973a8441faa938,b2a50c99714127aaf3ac5f6ffb0ecc78377fcd23cc49310447db985aad4d2a91,train
raw/orange/fresh/freshOrange (55).jpg,orange,fresh,local,v3_716da62022c9fb5151d713ee3fc7d2ae,7ed982926a4bbf4539619b9111c8108ea47c00283cb4ffb97be955e86fa8052f,train
raw/orange/fresh/freshOrange (55).png,orange,fresh,local,v3_716da62022c9fb5151d713ee3fc7d2ae,218f324c4d929e4a014f181d274e0fc403b180f2a929893c92439cd3213d7b5b,train
raw/orange/fresh/freshOrange (56).jpg,orange,fresh,local,v3_0d63638c6b6011a6a3d28450461ec828,8ee5d1d968e21383e47d69383a218964f79d87118692c301f9ea3a428596181d,test
raw/orange/fresh/freshOrange (56).png,orange,fresh,local,v3_0d63638c6b6011a6a3d28450461ec828,ae9f812d798e10edb0577a4ebf84c2dc814651d67779047d099f30c05c3d6eb8,test
raw/orange/fresh/freshOrange (57).jpg,orange,fresh,local,v3_d1aaa01370af0097bf56195ed55ad604,d615797a9b3e85c5547f9a3cd5cad7c9ba6e5e6ac6ac71f9e33b892c98534abc,train
raw/orange/fresh/freshOrange (57).png,orange,fresh,local,v3_d1aaa01370af0097bf56195ed55ad604,feb9d1dcb9287a1993c9ce91b048ec6860368729d97ea4996085302ed8ad1e8b,train
raw/orange/fresh/freshOrange (58).jpg,orange,fresh,local,v3_30cec6a673bf9926b0decd9212412b1a,fbdeeb7660882d9c3bbb3bfdf4f5c7b785f0727e0551c04e9f3f7da88edd364a,val
raw/orange/fresh/freshOrange (58).png,orange,fresh,local,v3_30cec6a673bf9926b0decd9212412b1a,abe04a303bec4abacb10373a4ebef1016bb1d824e2868e69ea6f1c096ef33d85,val
raw/orange/fresh/freshOrange (59).jpg,orange,fresh,local,v3_63f2e3b1f5d71dde45d2d7080c5060c8,be14c893cbda0b7bb823e242e41091bdff23d928f941ff8904c3ca632af7aa0e,train
raw/orange/fresh/freshOrange (59).png,orange,fresh,local,v3_63f2e3b1f5d71dde45d2d7080c5060c8,beda4210e2778ed41b4549c63fab3e641b27cfa85d59e94a785bf77bb0f46468,train
raw/orange/fresh/freshOrange (6).jpg,orange,fresh,local,v3_9d34809b19eb441403de755996363a9f,dc5f7e612eee44ba2051c126fc86810150977267ec782c7a16a234fd10eb9e81,train
raw/orange/fresh/freshOrange (6).png,orange,fresh,local,v3_9d34809b19eb441403de755996363a9f,853e553ffdef221c74fead693aac854807be9a6eb80e982694baa19db55e9c62,train
raw/orange/fresh/freshOrange (60).jpg,orange,fresh,local,v3_54345c2db70dd12f829802bbce73d4f1,42544021198772e125f450bd7f0c29aae9ad8688063347dca28f0e187042a01e,train
raw/orange/fresh/freshOrange (60).png,orange,fresh,local,v3_54345c2db70dd12f829802bbce73d4f1,9b107856a953d125777ef5aa1c1b4aa2ce9e9a3df5b59baea5c769cdd7e2512d,train
raw/orange/fresh/freshOrange (61).jpg,orange,fresh,local,v3_d435d511c80fd6df5300f7db6d7adaa6,287a323489d2f3113d6c50d1af24c78abf221ca41900a5dea566d9b5beb15397,train
raw/orange/fresh/freshOrange (61).png,orange,fresh,local,v3_d435d511c80fd6df5300f7db6d7adaa6,e7eadfa57e4f318f2397ed4b0284128f913c2aef3ac2cb34b9526a78b6482d07,train
raw/orange/fresh/freshOrange (62).jpg,orange,fresh,local,v3_fb026b6b7f1ead60d8f7b0ae426d1e05,06b36854bce67acfb3b7b4cb098fc5176ce9193fdb99dbc98ecd54d0b687f8b9,test
raw/orange/fresh/freshOrange (62).png,orange,fresh,local,v3_fb026b6b7f1ead60d8f7b0ae426d1e05,37afe398f2639784071607fb9e5e2fc6633a9b9c9ee0bb949de8fe6afa24b1bc,test
raw/orange/fresh/freshOrange (63).jpg,orange,fresh,local,v3_ae01721ec6e2ac461f7eeccdfaa29ab7,27d2a953f6ade1100b94519348d4f845ceeaed2eee5c44a7478a19e119712add,test
raw/orange/fresh/freshOrange (63).png,orange,fresh,local,v3_ae01721ec6e2ac461f7eeccdfaa29ab7,ddb91e874cab95185d96695369b30cb4ee97faaa0f6d6cb9578e4117b7068754,test
raw/orange/fresh/freshOrange (64).jpg,orange,fresh,local,v3_eb33a162d5a541194c9ed5925b4d149f,54fab62ce08adccbbc9773c918feefc09309f85f696e96e952bacf3c4e7bfd41,test
raw/orange/fresh/freshOrange (64).png,orange,fresh,local,v3_eb33a162d5a541194c9ed5925b4d149f,8cd5f291f6050a64f0f6fbfd3e78e80c24a7ff8d0dc05ebc6e772114df2d44ab,test
raw/orange/fresh/freshOrange (65).png,orange,fresh,local,v3_de44c341ac6ef8ba44f17f9a981ee4b4,42d2a3de8272d3e382aedf7167d2f15eb098b6a282fa4661816a1f5975d76e88,train
raw/orange/fresh/freshOrange (66).png,orange,fresh,local,v3_e1558c1514b74c19c0002d59c318d263,f2566d996852ad00fb33b82b6c296180212ad523a9de3ee8b0ee939f74666736,train
raw/orange/fresh/freshOrange (67).jpg,orange,fresh,local,v3_fb48e8c750633bf6c230dfc07993ff49,09b00dd007e0c248e08ed61e4062447c443c374abdb178c318f4f0691d6a84ad,train
raw/orange/fresh/freshOrange (67).png,orange,fresh,local,v3_fb48e8c750633bf6c230dfc07993ff49,9d5f3008b348c7b9f8be4e86da2fcde93d441ab0ebd11a529552c850c5fae0bb,train
raw/orange/fresh/freshOrange (68).jpg,orange,fresh,local,v3_c7b0379e80c28d3bc74a5b651c3665ae,d81467ec9c278b271c55c7d8c39011b90cdc8c0f6dd142c7f5488af35ebb8bf0,train
raw/orange/fresh/freshOrange (68).png,orange,fresh,local,v3_c7b0379e80c28d3bc74a5b651c3665ae,82ec0b144e52546ef2c8133f1eddd7d3d6f5a46cdb6583dd57a9ab0a63497b54,train
raw/orange/fresh/freshOrange (69).jpg,orange,fresh,local,v3_f05a048a279f9b1f4ffac62fbf6789cb,d0a555dbc1cff5e2d0595fbd775ac575a1c7a25c872506553d134cf2458424f7,val
raw/orange/fresh/freshOrange (69).png,orange,fresh,local,v3_f05a048a279f9b1f4ffac62fbf6789cb,fb249a825bd422c1058416a886ecbba7abd4f7f3163db023ce58ca2e4023d9c0,val
raw/orange/fresh/freshOrange (7).jpg,orange,fresh,local,v3_8663318dc73dee24efe37fcdee485eca,4e57dcd89117ed2d83744745a5b7b832faec546cc33319d5e3ad66b5dae9e301,val
raw/orange/fresh/freshOrange (7).png,orange,fresh,local,v3_8663318dc73dee24efe37fcdee485eca,0b1e8dda603c6a96db083c544a44824e71b29a592a007b4f7612e3f79d359b1c,val
raw/orange/fresh/freshOrange (70).jpg,orange,fresh,local,v3_bf74769be809ae7973bc7c3a80b3936e,666d876c26a477f32c2b9b7196a20b94c5765a04ce770317e91ce8885188f7e4,train
raw/orange/fresh/freshOrange (70).png,orange,fresh,local,v3_bf74769be809ae7973bc7c3a80b3936e,188aedd096630614ee374a2362388c92f13703bc6fa54c15cecb01bf050e9c15,train
raw/orange/fresh/freshOrange (71).jpg,orange,fresh,local,v3_03acbe39a9e6ef648e0c5a6b9992412c,48aab45b919d394df91f4376f204f4a4e7c6880d7258452e360903c2b4ad48f6,train
raw/orange/fresh/freshOrange (71).png,orange,fresh,local,v3_03acbe39a9e6ef648e0c5a6b9992412c,6aeaf0a87056ef6d3e6d7801bb8edca974879d0fc193324b785896c5694cd98d,train
raw/orange/fresh/freshOrange (72).jpg,orange,fresh,local,v3_e1daed79d675d4b0966dda519cb0ad90,77ea711dc06a2a3d8749fda797c3db91fd205009c76064238bb1d71152c643e0,train
raw/orange/fresh/freshOrange (72).png,orange,fresh,local,v3_e1daed79d675d4b0966dda519cb0ad90,a3d16bed08b2113257b68c06831137b8a273e9ddbff87ff20769ff6b53140bc2,train
raw/orange/fresh/freshOrange (73).jpg,orange,fresh,local,v3_f5a08d4e8d175a9a3af3d7a0611dbb23,1a4a1a7f7d6ed888f31249276a1b39b92190d7f5202433b0a7fb5890d64477ce,train
raw/orange/fresh/freshOrange (73).png,orange,fresh,local,v3_f5a08d4e8d175a9a3af3d7a0611dbb23,3912d24831e11476ffe1ed201646a9a60fb1175337e6e86538ed8ac8f16a0f63,train
raw/orange/fresh/freshOrange (74).png,orange,fresh,local,v3_55c08dff50ff9fe6f1732b32415c1ceb,eb3598d6a56e646a722e916f16a4f8ea8e0bda4d78f75e0bde91b5ed8f281467,val
raw/orange/fresh/freshOrange (75).png,orange,fresh,local,v3_595a541965f992d3ee69788c117d0cba,5bf7ebc1a055aa57173cbbc552e28f9b475fcc378f0f54dc5ebcbd5cb04b72c2,train
raw/orange/fresh/freshOrange (76).jpg,orange,fresh,local,v3_a0f03d44aba5c497e2e888415d498b76,bbc22432717f6e8a7a52086607c106f2ab4296147bd1ab6073878e748f6819f1,val
raw/orange/fresh/freshOrange (76).png,orange,fresh,local,v3_a0f03d44aba5c497e2e888415d498b76,bb493f6af877a080697c3d48159c2622a6907cfd311726e89401c76d5e408a17,val
raw/orange/fresh/freshOrange (77).jpg,orange,fresh,local,v3_dce0278424b44dfa3be25104f61d0c02,2311566fd04fc9a6962fb0e7381241690637071b0c3dde2eaeb1e12ddc0f838e,train
raw/orange/fresh/freshOrange (77).png,orange,fresh,local,v3_dce0278424b44dfa3be25104f61d0c02,a5dd6814661eca28737317b1f30fa0364c3c8017d9418cc50c1fa38b2dea3950,train
raw/orange/fresh/freshOrange (78).jpg,orange,fresh,local,v3_a13d0f8e2860ff3c9ddb68cd48fa64a3,5cfefbb3e4bcbde44b56d5234c08251ca8b96cb3661ed8c86557224b2b0780d3,train
raw/orange/fresh/freshOrange (78).png,orange,fresh,local,v3_a13d0f8e2860ff3c9ddb68cd48fa64a3,ca49b24c0ba2ced865c3b9590da3b53a893e8ee4175603333d183362c3c1268d,train
raw/orange/fresh/freshOrange (79).jpg,orange,fresh,local,v3_a0d142a27b4439cd9b88e6d30b47eb87,e5f34ce96d79fd60c81bb7bcb4e49c34842ee7ee984833400523dc7610bec1c3,test
raw/orange/fresh/freshOrange (79).png,orange,fresh,local,v3_a0d142a27b4439cd9b88e6d30b47eb87,42234eaf439b8c63451244349a946e82a653e0427792a65a82064d3e279fcb2a,test
raw/orange/fresh/freshOrange (8).jpg,orange,fresh,local,v3_b6da8412f1558f2328d79b2bb324f492,379b068110b8c9ba21de17982e760272f680a669bf58de6adeb000a3764a9518,val
raw/orange/fresh/freshOrange (8).png,orange,fresh,local,v3_b6da8412f1558f2328d79b2bb324f492,efd3f80537808e14fdbdbbf9236227efc57bdc4a1b1e2430c653d47556b703f3,val
raw/orange/fresh/freshOrange (80).jpg,orange,fresh,local,v3_c62bd79b88d23eebb9950c6febc10842,109d7b6da40e8ae7d965a49beb9b7903914d32378dae3c5ec22e915588716650,train
raw/orange/fresh/freshOrange (80).png,orange,fresh,local,v3_c62bd79b88d23eebb9950c6febc10842,5c161a99eda446c3cd082b75b90a9a0360c0a4586734e91d2829a859ee96d1d4,train
raw/orange/fresh/freshOrange (81).jpg,orange,fresh,local,v3_eb00eb6127f6df0834ddf08b8ad635e4,83c8ae74a209f0d6a409236ada23dfcbf24ad81db74ce3ac38490d67f42fbd93,val
raw/orange/fresh/freshOrange (81).png,orange,fresh,local,v3_eb00eb6127f6df0834ddf08b8ad635e4,b39bf747db1f3b0ea77a29c1771ae57b642f88c1f6121b7c2de6cff460deeeaf,val
raw/orange/fresh/freshOrange (82).jpg,orange,fresh,local,v3_cd746dbb7e36604703a59ee0e00e9721,892c4e00e61d27b0f85aa01ea4596125b5690d79632fb9d79a472b330953273b,test
raw/orange/fresh/freshOrange (82).png,orange,fresh,local,v3_cd746dbb7e36604703a59ee0e00e9721,f384072d6ec884e3d611b3d03843e2cbef6e825e0ea00b57328bb05cc06919e0,test
raw/orange/fresh/freshOrange (83).jpg,orange,fresh,local,v3_b448e81875b035d02b16aa3a661f3959,faa7b61f30f9c542faae426046777ff9d33ece27f87eb239ba31a5e8764a4aa1,val
raw/orange/fresh/freshOrange (83).png,orange,fresh,local,v3_b448e81875b035d02b16aa3a661f3959,0333fdb89b6613d20202730a3619a857661dbce3fd1bd22a9b785daf39a54171,val
raw/orange/fresh/freshOrange (84).jpg,orange,fresh,local,v3_84a0e22a3e241be77602791f32ce911e,5bbfff93d3354908893801a663254897c894eecb66b6a6062a848813bc90cbd8,test
raw/orange/fresh/freshOrange (84).png,orange,fresh,local,v3_84a0e22a3e241be77602791f32ce911e,e80117bd43dbc35f4eb68b2bf62c5d8989ef93867b0a3dad896fb83a72418903,test
raw/orange/fresh/freshOrange (85).jpg,orange,fresh,local,v3_ecf8e1de36087992636a2688193e953e,27e24048a53cec337dbf0a3a3c9e2439cfd3ce86bbe5a8e94a4f523513a6cf46,train
raw/orange/fresh/freshOrange (85).png,orange,fresh,local,v3_ecf8e1de36087992636a2688193e953e,5a5c629c98c0477865e471aca5a31848af2708cf7f809c520456666d7563fe1a,train
raw/orange/fresh/freshOrange (86).jpg,orange,fresh,local,v3_2b25597ebd738ba514075a6044144871,af117f45254b4572f473a3dccf7f00f0b9e56316be988ba60663ca4c0181094c,train
raw/orange/fresh/freshOrange (86).png,orange,fresh,local,v3_2b25597ebd738ba514075a6044144871,7a3351279b5caeaef52687afccd3639849256a0017b9dd63ba962fe91c0be9cb,train
raw/orange/fresh/freshOrange (87).jpg,orange,fresh,local,v3_32dc8b09974f55afa962ba93a4e29985,6393fcba5db8693403a26c2b9f30ccdc63646e402bf7b33d5330aa8990951822,train
raw/orange/fresh/freshOrange (87).png,orange,fresh,local,v3_32dc8b09974f55afa962ba93a4e29985,42134b7dd52ad4203ee30749a11f32e26a269f6b05b271680abfd77c6d4402b1,train
raw/orange/fresh/freshOrange (88).jpg,orange,fresh,local,v3_f42c349a46e9357657044654331218b4,0a5a90723e33b4fb170a372be2c87b6620bd7e45f156af1aee41afb45c92bd1f,train
raw/orange/fresh/freshOrange (88).png,orange,fresh,local,v3_f42c349a46e9357657044654331218b4,8f253187228df7d28f18de55010f2d366db02567fc98aacab760d5c7497191d0,train
raw/orange/fresh/freshOrange (89).jpg,orange,fresh,local,v3_ddd3bbbf8d22ab623701957e746247ce,26e1d8c23f7159fad289fd2c8c534b4d9c9d316c977fc798df1e28fe2a854309,train
raw/orange/fresh/freshOrange (89).png,orange,fresh,local,v3_ddd3bbbf8d22ab623701957e746247ce,b4d481e73674d243024b974ac0e61ea822cd5f25ddcd8076c4228c091aa9d772,train
raw/orange/fresh/freshOrange (9).jpg,orange,fresh,local,v3_260f94456e7080d200ec8b260c3a46d9,20da0b05b416087a26850f916a237057f41cbcbc193f4ce6af5cdde94f7fb79d,val
raw/orange/fresh/freshOrange (9).png,orange,fresh,local,v3_260f94456e7080d200ec8b260c3a46d9,e4589e7a5cdd6e4371cc0f7bd51ac018a357cc08110f78b8ceeddf94714e92a0,val
raw/orange/fresh/freshOrange (90).jpg,orange,fresh,local,v3_b574891bade0c7fcbf3ddde04b0fa932,cd06110d1b2cf2b6e3286d28507c9110e66d363b5c84a27d329246dafa808c99,test
raw/orange/fresh/freshOrange (90).png,orange,fresh,local,v3_b574891bade0c7fcbf3ddde04b0fa932,9aeb6c56d21341b342065b98141e10a21015943a094fce8e943a73409efce557,test
raw/orange/fresh/freshOrange (91).jpg,orange,fresh,local,v3_cf5e0a6e42444ebb3994ac62965024cb,331d970f9bb92f561a76c75d38a310dd53904951594d0b4c54ea10b063cdf351,train
raw/orange/fresh/freshOrange (91).png,orange,fresh,local,v3_cf5e0a6e42444ebb3994ac62965024cb,42d8283673221c6c78fd0c8409c2d2da9af1b9c9270efc33adc4bdbc80d6af0b,train
raw/orange/fresh/freshOrange (92).jpg,orange,fresh,local,v3_7e8237532b80cd81b8dc364945294f31,956f64d4feccb91b51888a08ae31b3b37a6fcfa0557cf202e89c941877c95eb6,train
raw/orange/fresh/freshOrange (92).png,orange,fresh,local,v3_7e8237532b80cd81b8dc364945294f31,ce63120a3228f98917196dc74205116310d7fba5b4c92a48f7c1d8ea9d7cb541,train
raw/orange/fresh/freshOrange (93).jpg,orange,fresh,local,v3_d3eb1554b7c699d94d51ae773eb265d0,ecd02b12929a174fac81e98d4ccf46802ab79eac352ba7e88d6edffcf4499440,train
raw/orange/fresh/freshOrange (93).png,orange,fresh,local,v3_d3eb1554b7c699d94d51ae773eb265d0,8c8491f66d4df89cdba8f9966b5ecd8add2fb8de516613e2155fd79ff7f47305,train
raw/orange/fresh/freshOrange (94).jpg,orange,fresh,local,v3_3bfe0e2802bf8612c35fb01224678fc4,a08fae2f67f3d7e59496714cfb6967b79a9ffa59697a117d921f140fe18aa85b,train
raw/orange/fresh/freshOrange (94).png,orange,fresh,local,v3_3bfe0e2802bf8612c35fb01224678fc4,e8c035dd4f042ca68f69948afe0d23ccab1f71bba7e17c270d1c9b4a1cef1bf5,train
raw/orange/fresh/freshOrange (95).jpg,orange,fresh,local,v3_eb2d557118d831645a89d7d4ab98bae6,6613fb24f9fa360bb22b49f34315457036f284de41b6aa42c996a84f04d11c8f,train
raw/orange/fresh/freshOrange (95).png,orange,fresh,local,v3_eb2d557118d831645a89d7d4ab98bae6,e65583c60d3db6b5829ef0fd854405bf64a4edda6cbf34590d3ddd46fa71caa7,train
raw/orange/fresh/freshOrange (96).jpg,orange,fresh,local,v3_2dc7c70847e27642b8800b57a60c869e,7b3d82dd412e272bcb98d0d324adc89b9d20d3a69c42fd10aed8ee626fe3eb62,train
raw/orange/fresh/freshOrange (96).png,orange,fresh,local,v3_2dc7c70847e27642b8800b57a60c869e,58dd0f6623c13b9fc8b7730385b74753dbede631f9a55f4ea73eb1c715827979,train
raw/orange/fresh/freshOrange (97).jpg,orange,fresh,local,v3_c5b13b021afd9984c74e621dbe9c665e,89041f76d633232b4f9b3d720c8001cba08da904d413cd5f46e4948d3e65e275,train
raw/orange/fresh/freshOrange (97).png,orange,fresh,local,v3_c5b13b021afd9984c74e621dbe9c665e,99641170aa9aa7130f8aab83d53f8dbe1a64ddbe451794ff1cf4c28d00c04249,train
raw/orange/fresh/freshOrange (98).jpg,orange,fresh,local,v3_9ba8e23efb3e0f242531a28b53aacd26,de361f4bab4b9d779c60a1776bd1baabedd7f5f01ec7bd29aaf407de016015ca,test
raw/orange/fresh/freshOrange (98).png,orange,fresh,local,v3_9ba8e23efb3e0f242531a28b53aacd26,c88ec67232ba8a54ef54602bf8cd2f8e2d9557ab0f1eea8f300274e7b424bff9,test
raw/orange/fresh/freshOrange (99).jpg,orange,fresh,local,v3_fd3fd9ddee0f74c7ea56b9e64d079f18,a9efacbbe52371f33b399bfefccc2f2d0dee22d1fd3b34593fb2ea19c953bd24,train
raw/orange/fresh/freshOrange (99).png,orange,fresh,local,v3_fd3fd9ddee0f74c7ea56b9e64d079f18,b1387113e8ae36865e74c8789b757ab1338185fa0558c41de92e5ecda842d3ef,train
raw/orange/fresh/Screen Shot 2018-06-12 at 11.50.19 PM.png,orange,fresh,local,v3_3f43df2da052906870defa46bb8bf5cf,f021fe147b13e34d2f803e627b73642fb8d587e6d4fa104d3ed7c49288cd6844,train
raw/orange/fresh/Screen Shot 2018-06-12 at 11.50.28 PM.png,orange,fresh,local,v3_9272ac4cf7828d2265e3e6e345375904,a01489f060b6a666788c16f51a2bace2ee8cb48dc6f23151c398bffa139b86a2,train
raw/orange/fresh/Screen Shot 2018-06-12 at 11.50.33 PM.png,orange,fresh,local,v3_a40a3d84c3d99fa8a4db0d9a9c1a64f7,4aef63125add680d0656f25cf5fd1fe515838ed599932cc45c5d6dfe584dac8a,train
raw/orange/fresh/Screen Shot 2018-06-12 at 11.50.47 PM.png,orange,fresh,local,v3_189e08b9c772dd352b33751280f4f6e5,c797215f8065556c7ffe90a768ea7ff13c477baf4fdefc46fabed623edac5d57,train
raw/orange/fresh/Screen Shot 2018-06-12 at 11.51.02 PM.png,orange,fresh,local,v3_4904fe7495c4fbd4fad30e300f945f39,4fc48465b4a63eb993eef5f54852b2c04f4fe27557efe128c7c41feae6edd177,val
raw/orange/fresh/Screen Shot 2018-06-12 at 11.51.08 PM.png,orange,fresh,local,v3_a3efa46f07ba6b0a5526bf9db10f2872,ac4af851cd819fafce2a0132738b1d72f12e2a5bd9d782366b7bf101415a248c,train
raw/orange/fresh/Screen Shot 2018-06-12 at 11.51.13 PM.png,orange,fresh,local,v3_88da50e080e731941b7f818706694f1a,7c307daab49bb857031fc357b48d09b9415c69b6117f470a6393e72cec899428,train
raw/orange/fresh/Screen Shot 2018-06-12 at 11.51.47 PM.png,orange,fresh,local,v3_991834a6009aec13b5a8585b3bcd293e,d404c1d014bc62d8f9ae9d0f060749b10be58ecab9ed1b378cbdd8dc02eb7f64,train
raw/orange/fresh/Screen Shot 2018-06-12 at 11.52.03 PM.png,orange,fresh,local,v3_2946c0a46281f3d8db437d226625c7b7,18d4a48d5a370b73d2c1ed7897c57447915aa78e9c21ba5cd4873091017fed44,train
raw/orange/fresh/Screen Shot 2018-06-12 at 11.52.12 PM.png,orange,fresh,local,v3_d4b684d20257b856bc8c29453eaed20e,8628c07738e6231b49ab5bbfcfdac4e2b88e2641829a33570f65a8e32a37bc67,val
raw/orange/fresh/Screen Shot 2018-06-12 at 11.52.16 PM.png,orange,fresh,local,v3_96e2dde575f80756e9abb19a17303fc0,9f9a683ccb30a64b046d821adcff7096f9d1bf8c2970317c84481dbf4c3d15df,test
raw/orange/fresh/Screen Shot 2018-06-12 at 11.52.21 PM.png,orange,fresh,local,v3_680206903b9329008ca9389baf4023bf,d9cf47e77d00a372aada36e211f1354ac08ce4438262ca6c0238d11b7d402874,train
raw/orange/fresh/Screen Shot 2018-06-12 at 11.52.32 PM.png,orange,fresh,local,v3_7817e30062d9b28706bb38ccad692218,19f9267857736d7d33fc74f8d397155abd8422d5b8f1f60fbcc541e5646572a9,train
raw/orange/fresh/Screen Shot 2018-06-12 at 11.52.40 PM.png,orange,fresh,local,v3_5247a1d9f61435841e48407cf42e3e5f,7ac3c28c7f06414257c10db749e5e1b1881eb7b272860bb08fec4e8844ae349c,train
raw/orange/fresh/Screen Shot 2018-06-12 at 11.52.46 PM.png,orange,fresh,local,v3_9c57322f90a97f349802713127d87b98,0ddc51a879f6f15b0ed8010f628603623f50374f33887ccaa3f5019456831b78,val
raw/orange/fresh/Screen Shot 2018-06-12 at 11.52.55 PM.png,orange,fresh,local,v3_db2307b030a456b091d491e50c3b7873,5d219f155fd753b0d32304113e1041de4d37b5a5f023bc167ef8353ed57618f8,val
raw/orange/fresh/Screen Shot 2018-06-12 at 11.53.12 PM.png,orange,fresh,local,v3_dfd7b3633f1173059993b768a0675c85,0e90831f3a1df25c37b817ea61a9c73ecb0bd75a0af3d8bd10abee607b20016d,train
raw/orange/fresh/Screen Shot 2018-06-12 at 11.53.22 PM.png,orange,fresh,local,v3_ee96b2bdb4830a6576d85601eda14380,af92a138276c36b14502291490ca2cdd542ce359811aa6e90f09bf7f9d7858b5,train
raw/orange/fresh/Screen Shot 2018-06-12 at 11.53.33 PM.png,orange,fresh,local,v3_2a66f14d8bfb3dd8ff37645c0f23a824,e09224ffb85032d0c7b43497ae391c87aa6aa306bdc877cfb582f107be0fbf70,train
raw/orange/fresh/Screen Shot 2018-06-12 at 11.53.53 PM.png,orange,fresh,local,v3_9af1987ac78380f106b18d0367f0ce38,93e9ea24a336c3ea92f2efdde6d180b57bb24a937ae1afe1f2e38095a611bcae,test
raw/orange/fresh/Screen Shot 2018-06-12 at 11.54.10 PM.png,orange,fresh,local,v3_7e4ccc35857969217b0b8357de66f1de,337c84447767ccc5a934ea80e412c2df4fa2c16f72eb750ae89bd3067d0a0b92,train
raw/orange/fresh/Screen Shot 2018-06-12 at 11.54.20 PM.png,orange,fresh,local,v3_aff42f0d90064854bd56a051609738ff,95850da89543b9e935dbb8e4d4b1da8b828bd4acff77597a7e8bbfcee165f154,train
raw/orange/fresh/Screen Shot 2018-06-12 at 11.54.35 PM.png,orange,fresh,local,v3_0d6603edcf686a59e1ddd346be45f954,6db9e39f0f061e66231190cab1ca30764a30a304d2f4d708faa64782f83ff260,test
raw/orange/fresh/Screen Shot 2018-06-12 at 11.54.44 PM.png,orange,fresh,local,v3_4249acea938b22e991349dd2518fd581,b689b1dcf18180c2803c212c47896809aeedfd6e1fbddc01e0e8bcbd0cb96bc3,test
raw/orange/fresh/Screen Shot 2018-06-12 at 11.54.55 PM.png,orange,fresh,local,v3_8ce3768b6d1953ba933ea3f3c1ae7a6c,7ff430d67ac21e0dca5ca8828dcca8d1607ff8ad0cde0f8d0ee6b3d08235983c,val
raw/orange/fresh/Screen Shot 2018-06-12 at 11.55.00 PM.png,orange,fresh,local,v3_3a167acee07d2ab2976faf243ae49ee6,586be6dbc5d6327b602bcdbabeb253530a111efc2d9b841813f5f1654a76ffa4,test
raw/orange/fresh/Screen Shot 2018-06-12 at 11.55.05 PM.png,orange,fresh,local,v3_9cb4b9c1e826d47e0c485ced9139d8d2,4d2f31d4881291e7423ba6064402bf546e96a6e3460e7771a7255e06ce77e49d,test
raw/orange/fresh/Screen Shot 2018-06-12 at 11.55.37 PM.png,orange,fresh,local,v3_5b116e49fc01ac2b6af0590c0aff6d5f,d3cf19c4b0c424c730b5ee6ca17fc809b4cb772eaa01c00ad1581af1940b507a,test
raw/orange/fresh/Screen Shot 2018-06-12 at 11.55.42 PM.png,orange,fresh,local,v3_d44d0b4be774ec01f386a024ba5fc3f0,caac08cf420a92ae67fc2c15e6bafdd3164b39198675594123234d01c5b7bb2d,train
raw/orange/fresh/Screen Shot 2018-06-12 at 11.55.48 PM.png,orange,fresh,local,v3_c1bd4ca3bac883c272bc0851b5d30f63,2f935e524a67a71e509c81938569d9320fb6c3a4aec94cb12e4678693f93d92b,train
raw/orange/fresh/Screen Shot 2018-06-12 at 11.55.58 PM.png,orange,fresh,local,v3_b00eecfb7d77473a8ccf72ad71894051,1501fd91b7df48589adf522722f90ed358bddc0049383e47d76a34c1e55c946b,val
raw/orange/fresh/Screen Shot 2018-06-12 at 11.56.02 PM.png,orange,fresh,local,v3_f76f292f71917b2b39ebc988838c070a,dbea27713627fa89f450590ec382c96c222e1ad8d451c362619597cb9a2bd6da,val
raw/orange/fresh/Screen Shot 2018-06-12 at 11.56.16 PM.png,orange,fresh,local,v3_9064b397ebee4d32ea34b533d990ccb4,bda12242b62e12fb537a32af8a8297ce933fb1b962bd92bedf40799d972f7796,train
raw/orange/fresh/Screen Shot 2018-06-12 at 11.56.20 PM.png,orange,fresh,local,v3_176e7bfab8081366d64636c444336ba3,21faecb2ee5f5cb3131b04d14ea3a0e1321fa130efcf3c582d729e0829862ada,test
raw/orange/fresh/Screen Shot 2018-06-12 at 11.56.35 PM.png,orange,fresh,local,v3_aac0573f3a277969cc56f68a2d769a31,83d0051b2e7db1b294b5572dd64561f618aec483dc473f1c9bd165f4c5815cc4,train
raw/orange/fresh/Screen Shot 2018-06-12 at 11.56.43 PM.png,orange,fresh,local,v3_862e7f0f7dbe05949c0b2bdebcbbe55e,347c687fdb673384e9e3aba1b7f4c9d5280c2b1d2d4abd9b0dcf0f5a3a68613d,train
raw/orange/fresh/Screen Shot 2018-06-12 at 11.56.48 PM.png,orange,fresh,local,v3_4b4f8e7ee29322ece32ad92eec04a5cb,e73696df16ff9b421e25c30d559ebaed7d2a0518e355790132d21a2b3ba728e6,train
raw/orange/fresh/Screen Shot 2018-06-12 at 11.57.07 PM.png,orange,fresh,local,v3_ed58e67ef4040f2c5f5737102e42ae8d,f75d93e4440399daf0573d4d4dd3030bf9b1e46ceac4a884a76ecae25f3a4029,train
raw/orange/fresh/Screen Shot 2018-06-12 at 11.57.37 PM.png,orange,fresh,local,v3_089957c66f732b7168432a0150b69d67,c005312a8238eaab9285d889d0f10f1a7f4b53c33d9b2f81a51d40d28327a104,train
raw/orange/fresh/Screen Shot 2018-06-12 at 11.57.45 PM.png,orange,fresh,local,v3_9256c36cb2098684b2ddf34c3b0282db,1f60e081cfb485defd09464bba3ec2fd9337382bd9e2cf68573eec79a679c8ea,test
raw/orange/fresh/Screen Shot 2018-06-12 at 11.58.02 PM.png,orange,fresh,local,v3_445a6dc1387a8a2cacfe883f9bec9ad2,b3a2b5f7b0cdd4eeb8e45b9fc5f29beefdc3094f37ea127c8152e8ba14dc2087,train
raw/orange/fresh/Screen Shot 2018-06-12 at 11.58.11 PM.png,orange,fresh,local,v3_428c30a81052ab1a9f519105905b632c,24b39de6f79409f3b3f46f2875917ef5e7eb6ef2304b2cb57836c25826a3cb26,val
raw/orange/fresh/Screen Shot 2018-06-12 at 11.58.18 PM.png,orange,fresh,local,v3_03ea7d61defff94c7b1096882c70c3c2,fcb3b291a294948a68c4579c7e465859217adee577debc99fcc948d9734416bd,test
raw/orange/fresh/Screen Shot 2018-06-12 at 11.58.24 PM.png,orange,fresh,local,v3_cb9f8d00a9a6b319a620969d99e16cbd,c67ea735321281aae7183fe0279c07aa1d9291d690441407ca882614e388d098,train
raw/orange/fresh/Screen Shot 2018-06-12 at 11.58.28 PM.png,orange,fresh,local,v3_b8f05e0cd4c1f5537a5ff9cc8c6baa7d,b9140cdc798a60dec697e43b49748d67624a7c00268edc3be8c2e712b2a6e302,train
raw/orange/fresh/Screen Shot 2018-06-12 at 11.58.43 PM.png,orange,fresh,local,v3_0761678980ed5a996dcbaaf11a61ce07,088bb41f1801078737d145ffa6bda8d1eb087f807c26dcbec8ae34a55530e9c3,train
raw/orange/fresh/Screen Shot 2018-06-12 at 11.58.50 PM.png,orange,fresh,local,v3_79aa089b1b1c5595bc3c747dbdbbbd86,9a1aa3412af2b174dc519262d2ebf7d0c23609f7bd06d27fa5177f97dda35701,train
raw/orange/fresh/Screen Shot 2018-06-12 at 11.58.56 PM.png,orange,fresh,local,v3_b885d73e3ba6981c8e49be2ff8146b01,274dd34e8e5f509b3b53e1d995082845202d6f0c528784297a329be2eaffe99f,train
raw/orange/fresh/Screen Shot 2018-06-12 at 11.59.11 PM.png,orange,fresh,local,v3_e95b9374cbe6b300bd653f9acfeb5396,12376c57c4590ce521ed8b2f978151f30890ee0e2802ce731a69a722254d54b1,train
raw/orange/fresh/Screen Shot 2018-06-12 at 11.59.19 PM.png,orange,fresh,local,v3_3d148b91adb07105b54946b7e5d97eea,ddbaa1a14b57ad13dd9dd46a45e899e13c01cc43d16eff1fe7ad1c9544853e36,train
raw/orange/fresh/Screen Shot 2018-06-12 at 11.59.23 PM.png,orange,fresh,local,v3_4e44f20de12f6112945564fd2b4b45b3,5e875ea245b7961acf37633523795b0aace33e8b3dc4d6b80a5e0c183b253d89,val
raw/orange/fresh/Screen Shot 2018-06-12 at 11.59.33 PM.png,orange,fresh,local,v3_dfbccdb7c88eea82ef2a32ce49cffe68,055c35686b47af6869611451c69eb5ced443e3711734acae8fcbe23c35153e96,train
raw/orange/fresh/Screen Shot 2018-06-12 at 11.59.38 PM.png,orange,fresh,local,v3_d1e58353eeb26bbaf53e845170766ddf,caf1ecaadaab0ea7422e72726dc9dcf4d4fd4b844a8e5f4e7771af21a63e6598,val
raw/orange/fresh/Screen Shot 2018-06-12 at 11.59.48 PM.png,orange,fresh,local,v3_83fb59cf0194c38f598680fb40c4f25f,d53c0258cd9a39dbdf1b1191ba5ca6cfd2b51d417c1293eb85c93adb2118ca15,train
raw/orange/fresh/Screen Shot 2018-06-12 at 11.59.54 PM.png,orange,fresh,local,v3_03c9afc2330b865da0eb4193b473d679,a6d874bc15af45b88159734aefd7bf58c431cb262589f69823771c8ee766adcf,train
raw/orange/fresh/Screen Shot 2018-06-13 at 12.00.02 AM.png,orange,fresh,local,v3_b1b099eb0ecd2881733c03ea78f5f9bf,851f2db76a7ed3880ed5d4a3bec83f063eb1428b0e3de310df13ff8162aceb21,val
raw/orange/fresh/Screen Shot 2018-06-13 at 12.00.17 AM.png,orange,fresh,local,v3_28dc45a1f5870dc2d63cc41104aad2b1,72ec3c6369c3375c2e6fbcb6a4b9f0115ed6798f31b43d82a2e0fd6ef0d7c50f,val
raw/orange/fresh/Screen Shot 2018-06-13 at 12.00.23 AM.png,orange,fresh,local,v3_929c6fa23b9cb2cf28cf76445004eba5,a5710e6705c538e1d7dd0bf7757b1f67077c25324949dd60d784e6ef7b53aab3,train
raw/orange/fresh/Screen Shot 2018-06-13 at 12.00.35 AM.png,orange,fresh,local,v3_6250ce8776cd7ccb7a03d06ee3d13bb6,9b6d80bd1b24b212205198d2d773ac9ff9dcb7c5f8afe55831594e0be9624833,train
raw/orange/fresh/Screen Shot 2018-06-13 at 12.01.10 AM.png,orange,fresh,local,v3_31021001967828059973d4b1dc56cdc6,9eea40e5d7b76d390a1e4fd1c60884d8537cb25ad900dbce138cc6a40a041618,train
raw/orange/fresh/Screen Shot 2018-06-13 at 12.01.23 AM.png,orange,fresh,local,v3_c1e3fbe2ddb73573547ec501e3a5a0dd,808a5b0f9b3d55e66cef64b48d5fe1f4cecfe71084c7cceb46e9f439990dbcb0,test
raw/orange/fresh/Screen Shot 2018-06-13 at 12.01.32 AM.png,orange,fresh,local,v3_e2b109b4019aa1a81fb3845d9c26c8d4,3144c98186797389be5fbdbb0ce90fc9016fd5f4bb3d9e8d3cdd56974aa803a5,val
raw/orange/fresh/Screen Shot 2018-06-13 at 12.01.36 AM.png,orange,fresh,local,v3_3e87fdfc705997cdefdc8c21e4cbf41b,9eb737a5320f0d13fe832f8ae70f9f3a244b435815dc4030cc6319c999ddccf7,train
raw/orange/fresh/Screen Shot 2018-06-13 at 12.01.49 AM.png,orange,fresh,local,v3_1c83857f0477fb7ac13706b080964eea,5efff477afe2d1116c8ce4121bf6d74a7ec539c49f82ce8033884f8be7732df4,test
raw/orange/fresh/Screen Shot 2018-06-13 at 12.02.05 AM.png,orange,fresh,local,v3_d75f18e5664489e8621e28a4a2ed10ae,d94054408c3160b2828bf5934478fee8c0853fb67923a4bd1318daffca072963,test
raw/orange/fresh/Screen Shot 2018-06-13 at 12.02.20 AM.png,orange,fresh,local,v3_26f7a27c85e9b03058d9935e5876e567,35f14691717a2fd4bf8018bf4968bfeab35bcb8e12936f5cf4596b4dedaa9435,val
raw/orange/fresh/Screen Shot 2018-06-13 at 12.02.33 AM.png,orange,fresh,local,v3_244bedd76b3b14bbe34a78b14ead1250,1e706cbeb4001a57a76f732bcb3c5d60e0c8fac408261b8ac06aae6a4df9e88c,train
raw/orange/fresh/Screen Shot 2018-06-13 at 12.02.41 AM.png,orange,fresh,local,v3_a461676c2e09a51aa6bf11a7c455fd8b,4e7b68ccac787f88bd996d1dd520acc768d4c59bda36fccfb350aa3760f44559,test
raw/orange/fresh/Screen Shot 2018-06-13 at 12.02.45 AM.png,orange,fresh,local,v3_285eb2795e3bc554dec8a28a2841b77c,f1e277af2779681ba923c2fb1ddb290cfe220b0e8faaf6e373def6a89a210f14,val
raw/orange/fresh/Screen Shot 2018-06-13 at 12.02.53 AM.png,orange,fresh,local,v3_cc7804efec6446c04faa2c04aab96cef,01099ea41c46ce9b19dd6702954295a761d6f7cbbcae6613fdd540bf1157f805,train
raw/orange/fresh/Screen Shot 2018-06-13 at 12.03.01 AM.png,orange,fresh,local,v3_1b7509bd6c6d191e2ad3070b75f04b5d,2ffc582962c175473220916231d3b98e124b133f838d57ccd0df9a1287487e25,val
raw/orange/fresh/Screen Shot 2018-06-13 at 12.03.17 AM.png,orange,fresh,local,v3_95184d0a214f339e74561e006ee6a456,69ad5b3338f447d0e1170b31563232cc7dad5b40a65a932b2e1434d882647028,test
raw/orange/fresh/Screen Shot 2018-06-13 at 12.03.21 AM.png,orange,fresh,local,v3_6a6802426ef2e31b8508f371b1c60510,b3e8163aa720ecf00efceb10f501ea1adb4f414154b93881d0036c8e3ba95827,train
raw/orange/fresh/Screen Shot 2018-06-13 at 12.03.27 AM.png,orange,fresh,local,v3_99b6512b04bca41ba8b64a064f68220d,7fa3cd4c43392f552df1b6471789e6714094284483e09ef454b295f3430d2ce0,train
raw/orange/fresh/Screen Shot 2018-06-13 at 12.03.34 AM.png,orange,fresh,local,v3_cd1855257bd4576d9018cf3125ebd7e8,3e7e87abb7e7fe1661b10707ec6de6b75d0ad9ea13d5811bd9372267b34e6d57,val
raw/orange/fresh/Screen Shot 2018-06-13 at 12.03.44 AM.png,orange,fresh,local,v3_c0238b634827295f83c66896af2ccf26,4937c7a38fa49a3409334c9c15656aaa74f82c517c0c378e0b6fa1973c8f807a,train
raw/orange/fresh/Screen Shot 2018-06-13 at 12.03.55 AM.png,orange,fresh,local,v3_d57015d974101cba3eddf8a42efb5cce,0b5e7910aa2eed4960296f71cb1b7c0b172c2e975d468ce93b114004a3667675,train
raw/orange/fresh/Screen Shot 2018-06-13 at 12.04.12 AM.png,orange,fresh,local,v3_477aff1d8617a8221ee248f3740dba42,78e57265beb475e63ef957f18752da8b566339be0b4822b3749396750d285816,test
raw/orange/fresh/Screen Shot 2018-06-13 at 12.04.26 AM.png,orange,fresh,local,v3_6f1c6108ea1cc37fef592ca635390cdd,1d880c6106189c6f941fc39b482dab4e95e71d8e324bd2ca6ba3746101af6efb,train
raw/orange/fresh/Screen Shot 2018-06-13 at 12.04.34 AM.png,orange,fresh,local,v3_9740c17757c26adaed30e7a722b9a500,16b894995932f45c7f78cc6094513320bb709fb3138ca02d027b2c4c2946654d,train
raw/orange/fresh/Screen Shot 2018-06-13 at 12.04.39 AM.png,orange,fresh,local,v3_fccac1cdaa5ba7b5cdd7f4e946551135,74436c136b123b812d5e0d5a36fc824151edd6a972528ae75305529cd741ee5e,train
raw/orange/fresh/Screen Shot 2018-06-13 at 12.04.51 AM.png,orange,fresh,local,v3_d3b677be87fd78b0315f32dec8f7c07f,8b19cffc53cf75d6b211671b9da2b494ca237671b9ccde6856e828890f596154,test
raw/orange/fresh/Screen Shot 2018-06-13 at 12.05.13 AM.png,orange,fresh,local,v3_99d8b4e47dcb20938ce6705a65a4ad80,80f60d412eac9952e23037d637d8d86b5b8588352b97dc0f366be27a5f6db285,test
raw/orange/fresh/Screen Shot 2018-06-13 at 12.05.19 AM.png,orange,fresh,local,v3_b468e217a4a9c7604764e3376ac4e310,a3a98c2474f245244c0c9eb3b9173987909db6c984510b0c3b04c5b0b981641d,train
raw/orange/fresh/Screen Shot 2018-06-13 at 12.05.27 AM.png,orange,fresh,local,v3_a2277ad8fa20cca98b1747f8a4d46df1,35b315ded58bed3bfabb38d657e79bb4972fb3616c5ceae1d2c62973d184f418,train
raw/orange/fresh/Screen Shot 2018-06-13 at 12.05.46 AM.png,orange,fresh,local,v3_740599a6953b509ebd99bfe6202fd73a,4d1d9698aecf3519a874c1292baab87e78e78506dbeb85f0d702edd2a8ad12cf,train
raw/orange/fresh/Screen Shot 2018-06-13 at 12.06.01 AM.png,orange,fresh,local,v3_d0ce27be2fe89ac9951f7b28576aa957,0500d0eddd5efab102b11865d826a41d53713f5dab89441f78c5dbad2746b9e4,train
raw/orange/fresh/Screen Shot 2018-06-13 at 12.06.10 AM.png,orange,fresh,local,v3_940a07c9f59b22ce3007a89446320586,c74c76956cabe71cdee13662e3bb6538f707863cbf0d4c42554f9562fbddc5e3,test
raw/orange/fresh/Screen Shot 2018-06-13 at 12.06.15 AM.png,orange,fresh,local,v3_6d6958335f415528136dc07fe64192c3,e0a16c817b32f25fe0458c5043409361922fac8f239c40e8105edaab05763f9b,train
raw/orange/fresh/Screen Shot 2018-06-13 at 12.06.28 AM.png,orange,fresh,local,v3_eb1213afa36ec3e13c076b2cccbe86df,c70ceebf5f03fb4558d258e9c114497075f06ba0082e2c4e6a2250e705aa34ff,val
raw/orange/fresh/Screen Shot 2018-06-13 at 12.06.52 AM.png,orange,fresh,local,v3_005e4dbb38184611962be49916f4494e,b00d9ea8dee74eb21251029cc777dac7c73088801660a625c431be4290efde81,val
raw/orange/fresh/Screen Shot 2018-06-13 at 12.06.59 AM.png,orange,fresh,local,v3_210d33058a070afbae861aefcc9cea73,bb6d93c4d8d4732409503383f5dd4c77e7ee4570a9fbf5b2977996c465452da9,train
raw/orange/fresh/Screen Shot 2018-06-13 at 12.07.10 AM.png,orange,fresh,local,v3_13ecfd0e8958890e741b9523563e6966,fb07bf8f2c269079ca8f6820d7b3bcd9391009979ddbf194de600dba75c28698,train
raw/orange/fresh/Screen Shot 2018-06-13 at 12.07.32 AM.png,orange,fresh,local,v3_937ce8f98c31cf2c27c2e01ffd2002c1,d5394900aeae3698c55f89661d95bd7c29358d59233e95d393ba53efa7f81e3e,test
raw/orange/fresh/Screen Shot 2018-06-13 at 12.07.39 AM.png,orange,fresh,local,v3_5fd98cd20e731e894c4abbb00fe4a07b,defd89390ead07323b6478af788ecf4293c6459d6e6211d41560e84c2995f5bf,test
raw/orange/fresh/Screen Shot 2018-06-13 at 12.07.46 AM.png,orange,fresh,local,v3_43af6f18729a0d34b97e03e7ca054d1c,f6a9ec8dc7bd79a70ab90b7c0146968c1640b46e91d87560d836b3353d7c9134,val
raw/orange/fresh/Screen Shot 2018-06-13 at 12.08.02 AM.png,orange,fresh,local,v3_7a1025db865863958017c2fc58b6b725,0d19cf7f9b1d61330dfb0cd83b7fc2e3db468eda0b96fae386334e35dad5c59d,val
raw/orange/fresh/Screen Shot 2018-06-13 at 12.08.09 AM.png,orange,fresh,local,v3_de972cb00ee4067eacce01b4175f8ea9,3f057084e4c7d5d53980094ca63b07188552ca9e687e1923a92fdd72685567a2,train
raw/orange/fresh/Screen Shot 2018-06-13 at 12.08.29 AM.png,orange,fresh,local,v3_5d280b027a4b9089a00f5e2c87ca8b95,a5fcb45bd47997bf609be850a1fa4744e4674c56b393df7dcfde5513cbf6ea5c,train
raw/orange/fresh/Screen Shot 2018-06-13 at 12.08.32 AM.png,orange,fresh,local,v3_755b8575f118794cd7fa4092c557b152,5236465615f91c7b5db9373f33db6e2283eb06cf188b3d31c7152104eb92f61b,val
raw/orange/fresh/Screen Shot 2018-06-13 at 12.08.48 AM.png,orange,fresh,local,v3_4123b5205826e376e2b7ba489e4017f5,10aa8ade2180c5a740e5f9d95976bfacb2ffdcf114949764da63d707b352008c,train
raw/orange/fresh/Screen Shot 2018-06-13 at 12.08.54 AM.png,orange,fresh,local,v3_8776fe48ab5fc422689286354b7378b9,87fc048c9128461c52d15699a1bae74006cc4ef3ef6831950479845810c542d5,train
raw/orange/fresh/Screen Shot 2018-06-13 at 12.08.58 AM.png,orange,fresh,local,v3_86bdeb12d60444b980dc4e0c2fedc062,2908d95f7b606efa534cdd1f39712c848549d456fd6ebaffd837718d17c5a329,test
raw/orange/fresh/Screen Shot 2018-06-13 at 12.09.25 AM.png,orange,fresh,local,v3_a3e057d1982512ebf64a6bfeb30f9218,2ffe5ee59d1109e0f0152517452da79d5841ad96500dca7c3868fe84f6c02f78,test
raw/orange/fresh/Screen Shot 2018-06-13 at 12.09.32 AM.png,orange,fresh,local,v3_623d4b6be8f26a9d0d72f071dd74e594,c542b20e4ba76b8bb4409927b70a9ee8857f9d7b42ddd3b17d63065e01495fc1,test
raw/orange/fresh/Screen Shot 2018-06-13 at 12.09.37 AM.png,orange,fresh,local,v3_739288fe578f81877cd6583a1b78f25a,11b6b05165971054d1cd8cc776960e68f5d8c2209d410c740d9900b0c2dd61de,train
raw/orange/fresh/Screen Shot 2018-06-13 at 12.09.43 AM.png,orange,fresh,local,v3_009a50d82d3bbe40ee835896af2ddd54,b6e34711a4b85f46fdd685e73191e4bc432b24acdede6065d02d147a4fdada4e,test
raw/orange/fresh/Screen Shot 2018-06-13 at 12.09.49 AM.png,orange,fresh,local,v3_f1c075c8c41434920f2c8f8b4ab49bc2,e29cfdc1ee78acdf54a6bad8212044334ec93efad87322e78a02f85a532860dd,train
raw/orange/fresh/Screen Shot 2018-06-13 at 12.09.54 AM.png,orange,fresh,local,v3_04a6aa4687eac875863fd3e28f1f2102,bf12c727848abc9c21193e38ad5270cc64d909e6014b32392953f2126879864e,train
raw/orange/fresh/Screen Shot 2018-06-13 at 12.10.04 AM.png,orange,fresh,local,v3_9f41a527541e0595c6f95829f1d799e3,80479aa265e29f27542473dc1f825cbb26e6d6a38d3e4913eb4c93280eb0072c,val
raw/orange/fresh/Screen Shot 2018-06-13 at 12.10.10 AM.png,orange,fresh,local,v3_afaa4d1580f633cb6afef8ccc18c43aa,3f3816a7183ae38d258953adae8ba7ebfa2949d39da2304078017688bc84dd1d,test
raw/orange/fresh/Screen Shot 2018-06-13 at 12.10.21 AM.png,orange,fresh,local,v3_2bfe966633dd20d81ccd8db3c5b11416,4cbd8d5ce21c9f3f7d395d13739c82ecabdb08d5e3f2132e55aeb3676d600444,test
raw/orange/fresh/Screen Shot 2018-06-13 at 12.10.27 AM.png,orange,fresh,local,v3_b7b385282d505eacf47d5c4399136d03,f7f6d5b7be2f4961a8e6a767cb36996a5a1eb15d6e4c7bc0b912f4f9ab77372d,val
raw/orange/fresh/Screen Shot 2018-06-13 at 12.10.38 AM.png,orange,fresh,local,v3_6f925a25ac1d32a8ee754138a44f6f09,8355a899d6ea4a8a53053c08a5d17b3605d3de64ae76262c566b8119763e19dd,train
raw/orange/fresh/Screen Shot 2018-06-13 at 12.10.45 AM.png,orange,fresh,local,v3_b60cd9c4f538da3cbcdf10d1d8d11bb9,a0a6d46bc7d5f0fdb87144af89bdbd3d45ba20bdf858804850b61d1363b2f045,val
raw/orange/fresh/Screen Shot 2018-06-13 at 12.10.53 AM.png,orange,fresh,local,v3_5df98b30ff1a7a30d217d58e7e9dd557,71706c85b8d0ac36d426b9b7b4125b10f4657b166b3531b1fb976002e91d34c9,test
raw/orange/fresh/Screen Shot 2018-06-13 at 12.10.57 AM.png,orange,fresh,local,v3_21c94ccca795b962f64072cd154ecdb0,00f9a50eb5cb3f0fc94d1ac85d8e7a4c6fdb3dd0c71d606cdb8bd927fbb17cf1,train
raw/orange/fresh/Screen Shot 2018-06-13 at 12.11.02 AM.png,orange,fresh,local,v3_80c565d24e6fe39270cf53409fb3dde8,d95f1eeb4f9f8936073fd36ac0bba398249eaba6f31a1aae7908105ef479a5a1,train
raw/orange/fresh/Screen Shot 2018-06-13 at 12.11.10 AM.png,orange,fresh,local,v3_dcdb5a2c4b9d402991296816364cd86c,3b4492d5c1159392b95ecad262d003c3b0ff2bde5ce1c1d28fbfdf2188ad216c,test
raw/orange/fresh/Screen Shot 2018-06-13 at 12.11.28 AM.png,orange,fresh,local,v3_575226c9579dcd8e9e00a931133cc86c,207eff460680d1be0812d6c687b8ebc329caf9fe199d01544122a9824b55eaef,train
raw/orange/fresh/Screen Shot 2018-06-13 at 12.11.45 AM.png,orange,fresh,local,v3_92847ccb231df4c5d127c95abb7d8c09,30e5517cc743c433874b7a95aff4ba4b84656463bcfc029c92ea443bd3fb0c14,train
raw/orange/fresh/Screen Shot 2018-06-13 at 12.12.04 AM.png,orange,fresh,local,v3_6447c442ab22b636bedaa24a9be23345,12a8f0b6ec1755467cb94a967d1a61b314958b0cdf316dba9754b03e17a60e5d,test
raw/orange/fresh/Screen Shot 2018-06-13 at 12.13.19 AM.png,orange,fresh,local,v3_0656e134b7e8a43034a7a2ddb33bb2ba,c6ee7a038a1981207b7a17eeed0b38646968e1c3dc6b023aa62dd39772207843,train
raw/orange/fresh/Screen Shot 2018-06-13 at 12.13.24 AM.png,orange,fresh,local,v3_80d931ab1e806f3845b39d5327ec72c4,e706849c04cc8c1e5b95167ad1b787c36bade2ebdf9dfbec85ee5f4fe140d8c5,train
raw/orange/fresh/Screen Shot 2018-06-13 at 12.13.35 AM.png,orange,fresh,local,v3_30a4d40f4aacf6d1730acc18c67374c7,8ba8246a7eba5b5d52cc1c297feb4106050a3ee1e012ccef5d0fff9dc0ad4760,val
raw/orange/fresh/Screen Shot 2018-06-13 at 12.13.44 AM.png,orange,fresh,local,v3_e40e6abf44e2d812c749f81ecff2f8a7,2b3f070deab8f74aecf64bb1139b8d3293a7d81cef73b547cbaa41e41f16b9e7,train
raw/orange/fresh/Screen Shot 2018-06-13 at 12.13.51 AM.png,orange,fresh,local,v3_b47f5692a779c3842f7046a077efd0bc,7fdc1aad60b699e334f2616900e02a23e1b64fa0302cf7ea7e7586852e443937,val
raw/orange/fresh/Screen Shot 2018-06-13 at 12.13.58 AM.png,orange,fresh,local,v3_3e2b6d9ed5ace7ce8f06f3e05f47afe5,e773294d9d67c921f0de59fc4b918502dce44d3504f52d63068b76db4e7d26e1,val
raw/orange/fresh/Screen Shot 2018-06-13 at 12.14.09 AM.png,orange,fresh,local,v3_a77b8af373267534e9f87c9198bea871,87e1dc65e4995b0e397ccb5de012c4411364bdd6f4898c79b0b8b3aabc3250de,train
raw/orange/fresh/Screen Shot 2018-06-13 at 12.14.32 AM.png,orange,fresh,local,v3_bd3509f336dc8f27f69d57e504340519,dfc6cdbde2d5963dcd6358072e57b3900ccc4b5dc94f2e768208bb898cebbc3e,train
raw/orange/fresh/Screen Shot 2018-06-13 at 12.14.43 AM.png,orange,fresh,local,v3_6ef612a8f90950d6bf1644876697279e,b79195961b3a2d1fb31ae9c44b0b9e0a130e08db4e52b9a827fa4081186ecfec,test
raw/orange/fresh/Screen Shot 2018-06-13 at 12.14.53 AM.png,orange,fresh,local,v3_e57bf96e326de71c0c7a716f491b728c,9e8a3658db30baf558f1be74e70fd4d7a501caff96459a5e20688b68fe907894,train
raw/orange/fresh/Screen Shot 2018-06-13 at 12.15.01 AM.png,orange,fresh,local,v3_8ec41048f576ce8d74226b971f6dcda0,78e5602d45657c291f83f1ce5f0863aaf5e204663e4d3d4fa79ccbc2509e02fc,train
raw/orange/fresh/Screen Shot 2018-06-13 at 12.15.08 AM.png,orange,fresh,local,v3_3cf7132f042f7d69157a097fb0d97160,feb46e74ea81945b6e3bb7c9771e1200e38f04a0b617a77fe29114ef0f08b8ff,train
raw/orange/fresh/Screen Shot 2018-06-13 at 12.15.13 AM.png,orange,fresh,local,v3_df34f22d99ca8a53cb4c48c37d1978f3,7b57b46bae0567723a16f20c0b6be01f4b7f4f8b8835288aa6150268e13ea883,train
raw/orange/fresh/Screen Shot 2018-06-13 at 12.15.21 AM.png,orange,fresh,local,v3_86629eb7a05c4f136f0a6590de2f9c40,e23aa85443f3f0054b044c8bec2d2e99fda7896ebea9065c410e0f45c6e98849,test
raw/orange/fresh/Screen Shot 2018-06-13 at 12.15.27 AM.png,orange,fresh,local,v3_74ec90fcecf56f2ecad8cea04dadf27a,c59672220c2d431e86e6c5c20f825b89f14bb486a5d91319ff1d65710ae03d37,test
raw/orange/fresh/Screen Shot 2018-06-13 at 12.15.39 AM.png,orange,fresh,local,v3_06272f1ae77acc896b6175c2e684a621,9a5e7c8535dcdc9cb7b8a70e247e89153ba6ce6b797d71d369b3af89cdb8444d,train
raw/orange/fresh/Screen Shot 2018-06-13 at 12.16.08 AM.png,orange,fresh,local,v3_01da42ce6b1516606cad234c5f989b9a,d5d4c4881b63b0be098004622a5e27c076d70d9f5752ad8a775729be617b37ab,test
raw/orange/fresh/Screen Shot 2018-06-13 at 12.16.16 AM.png,orange,fresh,local,v3_0b3c5d4c54436d9d4ae0cf25a82596b5,f3fbd1763d262d9d63e5554c0d9d4ae9223dc9b064a2968d9593e054770fbc06,test
raw/orange/fresh/Screen Shot 2018-06-13 at 12.16.22 AM.png,orange,fresh,local,v3_a104d62707771ff8be25fb9a26efe9c7,aab1e1c4b56135cc3aa21c5d55e2bfba790bece8d459ee7364b1ec6d74432dcb,val
raw/orange/fresh/Screen Shot 2018-06-13 at 12.16.45 AM.png,orange,fresh,local,v3_8620031f8404cb5fad5052fe042cef57,e785693f77972b688bc01d3ab326445079215f39e1bf5926351e0c4afd3031e0,val
raw/orange/fresh/Screen Shot 2018-06-13 at 12.16.54 AM.png,orange,fresh,local,v3_7184158e4fc7e69815080aae2d070acb,cdefbef7aee25a2e5a4f351c6d28ada33628ee2c2a0e152d0b48c93c76d0df99,train
raw/orange/fresh/Screen Shot 2018-06-13 at 12.17.01 AM.png,orange,fresh,local,v3_4d0e576aa1ace8cd6a434bd5fd5620ff,8735e922b093065a9f276b7eceb6542566b4d83883525a804e2486268c235634,train
raw/orange/fresh/Screen Shot 2018-06-13 at 12.17.05 AM.png,orange,fresh,local,v3_b9387a1006637cb254f4d379063a1e9a,8715ef83f4877b6d8995f01b2a3f281488e36cf9227330cc853dd9e57ff8804a,train
raw/orange/fresh/Screen Shot 2018-06-13 at 12.17.10 AM.png,orange,fresh,local,v3_941675863b068338263cb8d4b87d5253,194d915e1a1777020101bde9f9019d1c8b2d420e5822bfd4935e435df350bae7,train
raw/orange/fresh/Screen Shot 2018-06-13 at 12.17.19 AM.png,orange,fresh,local,v3_90e1fb26c5f1cf5ad2b60ad558d32323,3a90f43a9ccc6b4c32dcbae16aa30b86dff5d8efd907e1229cd1001d5757e801,train
raw/orange/fresh/Screen Shot 2018-06-13 at 12.17.31 AM.png,orange,fresh,local,v3_9c7f95da8ace940a563fc01006434a32,4cf2a4f3a668ee1351035748c92aafa396528777d3338e417a7a7937b45b8f80,train
raw/orange/fresh/Screen Shot 2018-06-13 at 12.17.51 AM.png,orange,fresh,local,v3_4b4316df59c5d07e84331b7924179fda,9a0f4c499feb929c91cd93cee0d5500ca2c2264993282f883d993e25a39365b6,train
raw/orange/fresh/Screen Shot 2018-06-13 at 12.17.55 AM.png,orange,fresh,local,v3_543f37da60dbcd67d23901f193c07815,f4f0e1db5312bd29aae03a24ed3e65812ff282a7ebcaddfa00ece58687f423b6,train
raw/orange/fresh/Screen Shot 2018-06-13 at 12.18.02 AM.png,orange,fresh,local,v3_7f97f2ffa54329fa5f142fa50017416a,5bfe4bc626ad8a0bb9c062681b34294bd98c8a87cf72a2220981bacafa4b5fef,test
raw/orange/fresh/Screen Shot 2018-06-13 at 12.18.23 AM.png,orange,fresh,local,v3_0bfdd82c7f059c5bde96263a434b9dc4,dbc6b2b2ea400c932982a2ab1f34af37aad67340103b62751078ee923623692b,test
raw/orange/fresh/Screen Shot 2018-06-13 at 12.18.27 AM.png,orange,fresh,local,v3_7e871aefca42052e759a787ea7bd6b4a,128bab6cde06559a365da16ef3b396145e62de56e773622dba1052539d737dd6,train
raw/orange/fresh/Screen Shot 2018-06-13 at 12.18.52 AM.png,orange,fresh,local,v3_43d2107e0d070a870292aa047e17cc8e,20ff93f75012409dbf98220328e99bcbaacac44703f9e53bad555b6631fb62ac,val
raw/orange/fresh/Screen Shot 2018-06-13 at 12.19.08 AM.png,orange,fresh,local,v3_45a4c432fa1849bee1ad834372ad260e,84108c066ff3635e7a9156a23eca7479a5d3a4a2a17684051c584e486619c1f1,train
raw/orange/fresh/Screen Shot 2018-06-13 at 12.19.17 AM.png,orange,fresh,local,v3_070a12848f2f6b5504f457f78f427ba2,60ae085b28404e8563200a75b2f2d94c01b3d6a959028646a0b1187d3f502890,test
raw/orange/fresh/Screen Shot 2018-06-13 at 12.19.36 AM.png,orange,fresh,local,v3_e44f4d92bbe258ff7d62cd13bc4eed55,b43e8506ba4497a0f84287f5eb4e5d0a0983ed93c91a049cd2717da783b77a9d,val
raw/orange/fresh/Screen Shot 2018-06-13 at 12.19.43 AM.png,orange,fresh,local,v3_5c76ed835f4a01970d353038c468970e,88935e9e8aaeabc1901001bf5dd9e9c30325b0d55c90bc01f16906d6b5e08520,train
raw/orange/fresh/Screen Shot 2018-06-13 at 12.20.06 AM.png,orange,fresh,local,v3_f8b0673e557dcc43c3a03f1163040def,a37c61b8294d30a8b67d37c019db90a6565c60ed4b5cb1e3052b07cc30b57f60,train
raw/orange/fresh/Screen Shot 2018-06-13 at 12.20.15 AM.png,orange,fresh,local,v3_245aa006672f7e22aec1975fea67f0f8,65cbbbcc75f7b4c473ae3c80cb7e426f09c6d2dfa10bc01446f1824cd0acf9fc,train
raw/orange/fresh/Screen Shot 2018-06-13 at 12.20.21 AM.png,orange,fresh,local,v3_3e9f92ceb3ec70aaee8cae85ed704697,8aaeaa72b8769635a986e1224297cdcebeff23e5e61f32728ec054467960512d,train
raw/orange/fresh/Screen Shot 2018-06-13 at 12.20.25 AM.png,orange,fresh,local,v3_47a9156b18b3391440adae19cce93532,d2c3c88fac24e2ce061ee79fe7e43048677acb2ef56f18c703980fb32b2c497f,train
raw/orange/fresh/Screen Shot 2018-06-13 at 12.20.39 AM.png,orange,fresh,local,v3_5f125140e6c6dc9240b6253f4baf3509,a6faacfb616fd202650841c96458e37192a23546fe758f1a647a2b42d9223962,train
raw/orange/rotten/rottenOrange (1).jpg,orange,rotten,local,v3_84be43e9d546225247d11202d5ef99f7,81d3381fb918663608461c5f4d416a58f4986bbb6496798b45038f3232ab6e7d,test
raw/orange/rotten/rottenOrange (10).jpg,orange,rotten,local,v3_ce0c45f7180fd0efa49e54d22f205488,3ae85ed8e1fd9bf08fdae217860dcbc35b6c475013310d72644f568fa17f7b3b,train
raw/orange/rotten/rottenOrange (100).jpg,orange,rotten,local,v3_3baad3749230b14ef336301f02d2651a,416a526c772ec98c3c777ec943d6bacc4569a825bfd56c8c1f2169fff499f47b,val
raw/orange/rotten/rottenOrange (101).jpg,orange,rotten,local,v3_cab6bbad97999a2e378041e98742365a,1ad229d9f9bff5eeb61e8d386a6fee813a6e3d8aced576a6c31a41c5d633ca07,train
raw/orange/rotten/rottenOrange (102).jpg,orange,rotten,local,v3_f039d1931b2848ae79e58d582c86cd58,960134e2285f6c7cd2edfcfd84f3c47874b26c9e49f99050b40bc97a24eb2b2a,test
raw/orange/rotten/rottenOrange (103).jpg,orange,rotten,local,v3_d64d767f1f7366429c373ada2006d07e,c2bc155f0126f3db2e302877908034670536d026c89a1be14b79fd4a155d9dc9,val
raw/orange/rotten/rottenOrange (104).jpg,orange,rotten,local,v3_cf70b4fbf6893aa89be8b5f97cec7ee7,7f8c21c244d50f562b371d81f9c080a649213480444f77ba432ed690621d1ed4,train
raw/orange/rotten/rottenOrange (105).jpg,orange,rotten,local,v3_99fc82289ed36fcea89b686ab165c90c,bd620e5beea7178c034fa64b74cf50d98b304eef228cf5088edfc4a145a1bcc3,train
raw/orange/rotten/rottenOrange (106).jpg,orange,rotten,local,v3_a4404a87a006fb625f363ea8781d718c,554f213048f2585da97820781c35ec8629050818dea610f7cd0f714668da9e83,train
raw/orange/rotten/rottenOrange (107).jpg,orange,rotten,local,v3_66fdb268ef2eba9369cf0cfd3193a387,b985dd7ef894e2692f65a6185b370d58bb9d0ddae253d90ba4dfb5114f90cf6c,train
raw/orange/rotten/rottenOrange (108).jpg,orange,rotten,local,v3_76e26c410599eab71345d33172abd7b3,d65467a331ab730158a04b3054e13ca60b1e19e20152fd887af3540433a12918,train
raw/orange/rotten/rottenOrange (109).jpg,orange,rotten,local,v3_d83abd3a37dd5dd0ec9ccef34ab4b494,5793e39b7322bdf6e78dd04e7b4c996ff6b38aa2c339d25f9b3ca85ceab69072,train
raw/orange/rotten/rottenOrange (11).jpg,orange,rotten,local,v3_5436d8d775baa2a3eb2391ed973b6907,a668097b1648cacd213aceaca73a07fbec69ecd7756a94a346439021f63b744e,train
raw/orange/rotten/rottenOrange (110).jpg,orange,rotten,local,v3_bcb635e19fa7f230ae0fd8b5e5737c14,c1440309ca0a4ca0d435acd66888fa3394d2e489852038a4fdeef5b47b6b1c8d,train
raw/orange/rotten/rottenOrange (111).jpg,orange,rotten,local,v3_f3e112a27715aab31e0d7af6172ef5c3,d925e2fa90eb8b64521211812259029959d6e1f8074a40694bc3ccd895b9c179,train
raw/orange/rotten/rottenOrange (112).jpg,orange,rotten,local,v3_f7555d7bca4a65ce908fc92fabd8b3bc,9698f795908a0c5457f3465f93818fc03215065d69d51c74ec70c8c326173b70,val
raw/orange/rotten/rottenOrange (113).jpg,orange,rotten,local,v3_795fc6100b3bad0d2d81724916e00126,f2bed3883471160c43424e9e57f812e22965734901e3005543d832cce35c237b,test
raw/orange/rotten/rottenOrange (114).jpg,orange,rotten,local,v3_edae99afd4861c55a798a0159a14080e,e18c8297d161638f53d2f5ef8987aa8972b8e65b9489482544e6d0989cbb7c31,train
raw/orange/rotten/rottenOrange (115).jpg,orange,rotten,local,v3_a3abe2f122053a0092e1ed06bb9add35,12753aff42aa1138639468a4236192454b541360ede0289f779512a32d83a0c7,train
raw/orange/rotten/rottenOrange (116).jpg,orange,rotten,local,v3_2e8bcee668c4eb4a3e8ca80aa0f3c67d,ed5e8459a892c5040cc197225503e31c260c4305dd821c082bbda49ab97351c3,test
raw/orange/rotten/rottenOrange (117).jpg,orange,rotten,local,v3_6d5a8791305c1837cac83f74fb84a353,9f5fca20a1b2a44cb3ecd8088497bfb39a3aca8d9321327cf7d689201144a5ac,val
raw/orange/rotten/rottenOrange (118).jpg,orange,rotten,local,v3_e1ac720b8952365df52f472b60397714,cdc62ca84a6d83fd8018beabcafdd31a9f2b732bcd76857d7a65ad9328dc5126,val
raw/orange/rotten/rottenOrange (119).jpg,orange,rotten,local,v3_6d8c40b7b9253e788a03041e5329e4d4,13c32e7741eaef750d1bd702252c71abed293d22a1c55115add6c7e586481408,train
raw/orange/rotten/rottenOrange (12).jpg,orange,rotten,local,v3_4ba1dd65eae54a67f32c9734301c81dd,ac16932d4b022400643d4a96c733c81c0fdfa7bc7901c3afb8ad959058ce15a2,test
raw/orange/rotten/rottenOrange (120).jpg,orange,rotten,local,v3_ae87a1e8a4f8074389cc004673e6a0aa,caddb87ccca1bfed27c6b60c3a058899f96847b5302af987e78f36607d272935,test
raw/orange/rotten/rottenOrange (121).jpg,orange,rotten,local,v3_e3627e055a7bb063e80a39aef35dc8b4,54e95e92ae569e8c752e7ec86cadb40400a94392cbc26e4fc2de3f4122ac8fe4,val
raw/orange/rotten/rottenOrange (122).jpg,orange,rotten,local,v3_7b7098afcb4a23ce664bfea133dd5b10,812e5a8f68d9f8688e709b42bddaadc626f8a56d6f4d5b032c2278b9e135794c,train
raw/orange/rotten/rottenOrange (123).jpg,orange,rotten,local,v3_9d610e4fda2a0b0bf87699b9b687a3b3,d69fcbc6d9ec08a917440dfb276208dc43757953940f6676b82cbe80c312544a,val
raw/orange/rotten/rottenOrange (124).jpg,orange,rotten,local,v3_e8d9e9eab5989ce2088a721e5785b68c,ea8e79411d3eea088b88313e35c71f2ac91d6959148f0377fe78b8f61cdca2a5,train
raw/orange/rotten/rottenOrange (125).jpg,orange,rotten,local,v3_0e23f2f0d458dbb538ee7b3310989989,0ddb9b2b878929d982c53057c1488795c134ff8dd9922db005c83fb95e884a06,train
raw/orange/rotten/rottenOrange (126).jpg,orange,rotten,local,v3_21d55c037a5e1572c479f520408e4a30,8db9c909e1e1ab99b409e29c42e09e164f3ee576c351c8814dbea4f5f8464174,train
raw/orange/rotten/rottenOrange (127).jpg,orange,rotten,local,v3_0617d4c3690cacfb4cd734de1d8fdc74,13eb9352580f19267140885f563cbdf72d030ed606c8cc8adf2ce93ede2f3319,val
raw/orange/rotten/rottenOrange (128).jpg,orange,rotten,local,v3_1285738fba0ea2e81d66dbfd8364d6fd,184a3813439b8332316b359577afa2bdc947e8a1e078b4dd6f28d8be9ef66f5a,test
raw/orange/rotten/rottenOrange (129).jpg,orange,rotten,local,v3_a61ae3903a05625b5bf0bf3dea479a86,ffddd3050330c5181244d85417e3ab7d81719d1bf7a44af764515dd3b35217bb,test
raw/orange/rotten/rottenOrange (13).jpg,orange,rotten,local,v3_ea7e4097b090d1f44167aa9df7a25fe9,a7548d560719e691948c2bcf0bf466490184069ef51b792e609a16325ba8dcdd,train
raw/orange/rotten/rottenOrange (130).jpg,orange,rotten,local,v3_8a335e4ed28dfe91827563a284a6fb7c,13a143f950a071bc772f88769d7e78e470af11ace91c16ea33fe67be7d1f51d7,train
raw/orange/rotten/rottenOrange (131).jpg,orange,rotten,local,v3_54f99091b36d55709d850bbb683cb6c9,0889babab8866f937eccf686c012e67fbd0445efb94981c4f68592c252e61ce0,test
raw/orange/rotten/rottenOrange (132).jpg,orange,rotten,local,v3_5e4c4256ff1dbb98791474227e7eda18,7101859d5583fb6b8318fa0e790dbc4aa892be8979375488e1827c3e302b583a,test
raw/orange/rotten/rottenOrange (133).jpg,orange,rotten,local,v3_1f834296e5f3dd7cdc158eaeeefeab5d,adf4c4e80621eaa727f116e5bc381cd0489986ddc447c453d1b92b642d0d7587,val
raw/orange/rotten/rottenOrange (134).jpg,orange,rotten,local,v3_a32f2d32a3c5fe9dc5b0ab9e611b7a08,199ab9516d3d5cc11ea817c9ead7d367289abb565b7f7884a8503dd091d89f29,train
raw/orange/rotten/rottenOrange (135).jpg,orange,rotten,local,v3_04219790a96a809c604fc5cf33101525,722c0b1ac7d24eb522df05c1ce42b25dacd237f20531da232c977b5f0f977c59,train
raw/orange/rotten/rottenOrange (136).jpg,orange,rotten,local,v3_cbbfc5eda2838478c31fc81616861717,225759252a10eeec897ba0f13790177bf473d8a9f4ebd3a497c18379539e4076,train
raw/orange/rotten/rottenOrange (137).jpg,orange,rotten,local,v3_29ced58f4b64355938ec529469b6906a,09c34d04780da02e6f434b3448e34a8f8bba8bfa09bb1af53dcdd6c64118bc94,train
raw/orange/rotten/rottenOrange (138).jpg,orange,rotten,local,v3_86cdf0f9d08f140c2fff89584fd0997b,f7442d6012c4ccd450d6cf59df414748002aa8858f433c2f4399734ffa1b2240,val
raw/orange/rotten/rottenOrange (139).jpg,orange,rotten,local,v3_1e0fb0c7e28012992afc299942ee8a3d,a55f3afc687614fa024443ff314fe4ea258813164267343cd3aaa84942ee33a6,train
raw/orange/rotten/rottenOrange (14).jpg,orange,rotten,local,v3_8b85564c6ae43fd1171141e8ade61202,ac09c0054ad0a4a55d7fda6fb89347d86fe9c4376a8e5a0c9313037b2b366be6,train
raw/orange/rotten/rottenOrange (140).jpg,orange,rotten,local,v3_bf277d7f57cecf2de8f4463033eb4a23,84eae02e009771c1a4eb52b8519962cd7bb08fd7adb614c821e5d04f3d78248c,train
raw/orange/rotten/rottenOrange (141).jpg,orange,rotten,local,v3_b2bf0e84b85abcef9e2e33e3e5f25791,153fc9de45f74834f20b8f86daab83f27f342da9702966b2afab77cc13a2f261,test
raw/orange/rotten/rottenOrange (142).jpg,orange,rotten,local,v3_1801c7dbd9f6a87896d9452fc3b949b0,64ba836ef6b61d2785fde1f4eeb81be2a30d37b0287e7729e0e074642fa35c6f,test
raw/orange/rotten/rottenOrange (143).jpg,orange,rotten,local,v3_21a231649ecfdefd62a79b1f8515377d,f05a890fcda961a5d3634b098b6669841f9b8839aeb9eaae998bfc1b77a39920,train
raw/orange/rotten/rottenOrange (144).jpg,orange,rotten,local,v3_ecd7c0d4cb3ac4072bd8665c0f7f317c,16da7b638d88d04c5335b36ded0fbd1c6690f27e532683dec77f5bdf29667f41,train
raw/orange/rotten/rottenOrange (145).jpg,orange,rotten,local,v3_9a73418bcf709d42024ca533f0cf7362,19133630843604877c6253381a0e79909035baa8cfc9190c9185f10d986735b6,train
raw/orange/rotten/rottenOrange (146).jpg,orange,rotten,local,v3_412f94509d156fb671dba1d8c48f12a4,3313823c8c9b0d0684d8e3b2ccb22b42884453c14262ccf91014963c05d949e9,test
raw/orange/rotten/rottenOrange (147).jpg,orange,rotten,local,v3_db34878d7255cb3048b50a0b53453c20,53ebb89f372848d30795ecac3252d2311b585efbbc60166ec97b50f283410848,val
raw/orange/rotten/rottenOrange (148).jpg,orange,rotten,local,v3_8350d238d6f66cf03203a7f08b972f9d,335a1f979ce9c76d3fba889639b1b591323bee0b02f42a5412f56c96f4b2932d,train
raw/orange/rotten/rottenOrange (149).jpg,orange,rotten,local,v3_f12eaa22f8054d58ff0057ebb41b00ac,438439451804b2a43f71fab1c29ed47113646247bc8d9458a49df87a2e1bacf4,train
raw/orange/rotten/rottenOrange (15).jpg,orange,rotten,local,v3_3d0ed000e1d62e67e95ce82063a8af98,9fa1b9562b7a26b1f404a5ac51220c54514c8529b9ed194c04b5e2e4a5350989,train
raw/orange/rotten/rottenOrange (150).jpg,orange,rotten,local,v3_4bd142c20bbef7dd9624ba6009086a1f,aa8793de803af65fdf9416279cc76fe12b1d16760cf418bf23cd237ac0d11097,val
raw/orange/rotten/rottenOrange (151).jpg,orange,rotten,local,v3_61341072d5be30a20893dab4fab9364f,1961df1bb8a73f1ff250600c04cdedaa0309c40b4f7c5e23377ac66215caf9ad,train
raw/orange/rotten/rottenOrange (152).jpg,orange,rotten,local,v3_594b2a0146b2aa9937bc97d27c040431,02189b3b58018f41e2b801f67255310df986addfb0b8ffb3543079c6bcd47433,train
raw/orange/rotten/rottenOrange (153).jpg,orange,rotten,local,v3_61b29870f62faf4ae429ab0c7f0c62ed,ad85cb144ae95002569b6183ad08477931e8d93e51edd4115b771a40daf98cb9,test
raw/orange/rotten/rottenOrange (154).jpg,orange,rotten,local,v3_ff94d7b0e6a31eb701f0c7888d3be5bb,436e0668c7b7cc945579fc70fe4f0cf52c12086afe96012804a242f5c278efeb,test
raw/orange/rotten/rottenOrange (155).jpg,orange,rotten,local,v3_674f9085d8ad7eb06f635ea79ecb28be,789c9420fe4e0bdf54ea4ea4c903e795ec917b94b69e3e1d1999e156944f44c6,train
raw/orange/rotten/rottenOrange (156).jpg,orange,rotten,local,v3_29a0593bab1e9abd90aa5905b0b7a9ab,afe427510381ba91cb1ef41788dd64ccbec22b603925a35d11e3730321f81ba5,train
raw/orange/rotten/rottenOrange (157).jpg,orange,rotten,local,v3_cd2ba888fa1e90da4cbd4b2d4a81ffbb,6456da3e96ee719da926ac9e7f091b7786bac347ad1760ed397b4593d8c07458,train
raw/orange/rotten/rottenOrange (158).jpg,orange,rotten,local,v3_66121fdb50d42241a136d71a561af7d5,ece8090f8be5de0323465b02969fcdac5bfa4fb8d98ed02fa684633a234d4f50,train
raw/orange/rotten/rottenOrange (159).jpg,orange,rotten,local,v3_7bf3d81a960f6b5b2297707bff6f3990,fc4bd1f2ba687b83ec1a2d32f71482b6fd44c7100b3f631798fe099f56c61c7b,train
raw/orange/rotten/rottenOrange (16).jpg,orange,rotten,local,v3_7aea197ab723e93b24778063eb013a44,b5824444ff2682b0935f69ac060f4bc657f8bd7b7595df26e69a180f4ec7442d,test
raw/orange/rotten/rottenOrange (160).jpg,orange,rotten,local,v3_4df7d2fe5a44d6dd7612d7cbc2897071,de166b9f35de0d41fb4e94df9724b692a82619fe9f5d6c49ba2d1df1787ab3eb,val
raw/orange/rotten/rottenOrange (161).jpg,orange,rotten,local,v3_2fb8cf9abcb5bfa3d474f73ee512defe,f973ff23020e742f94bb60a54ea3fd9d2d48894251600cd4d8aef66cc33d8f5f,train
raw/orange/rotten/rottenOrange (162).jpg,orange,rotten,local,v3_4f0ef7eaa7f0b2b23f01727f8a57e574,a80e11df080b3c2cfe448e3fe42cde27ea582aaf572a8c2b3966d64604812c19,train
raw/orange/rotten/rottenOrange (163).jpg,orange,rotten,local,v3_568952398533dead348afd44afc97a95,db15715b291e07f45c842ab1957a15dcde026fd0f6c01c765dcc3c88bbd514a0,train
raw/orange/rotten/rottenOrange (164).jpg,orange,rotten,local,v3_046bb1d9bb582b773d15184be6d43f44,7151555b8b34fb68d7f8efbb4f422e4ccead491fab9c9dc76c99673a16c6a8be,train
raw/orange/rotten/rottenOrange (165).jpg,orange,rotten,local,v3_63a531e93c52f85371f34700976f6610,3fe6dd59da534bf96097abef9183826aab0c78db9bb47674fd1cd89829e1d75e,test
raw/orange/rotten/rottenOrange (166).jpg,orange,rotten,local,v3_e9a7f39f38118bfde5275f65f2cfecd0,f5a7abe5e44f99c20d3c3dc351e14e888a063dd41e4c586d626ec057e75095f9,train
raw/orange/rotten/rottenOrange (167).jpg,orange,rotten,local,v3_28f38f87960bf69f569495d9f392a82b,07c2f5339b16dea571f5a00c84145e42fb4d046d5e57d9cbf82b51b3502ab4c6,train
raw/orange/rotten/rottenOrange (168).jpg,orange,rotten,local,v3_1d065e726b30897c82e85d93f4a04353,ce592f901a705e3cbc44a444f20f1ba95920ffe30fbee3883d892b57a0412db6,test
raw/orange/rotten/rottenOrange (169).jpg,orange,rotten,local,v3_d680f257df4b893d77470ed8a6f99328,a677ab46cf389ff49f5de6ffd55022292776ef3be14917b52f1a0209d649abb0,val
raw/orange/rotten/rottenOrange (17).jpg,orange,rotten,local,v3_50ffffca1379efc3b823e529e30f92e4,766d6daad3a39a9cc3e12350fc805c17fb482fba1d40a7b3454bb4cd596fdd3c,train
raw/orange/rotten/rottenOrange (170).jpg,orange,rotten,local,v3_50ae977a0fc76197975ec6a066262d71,bc71d0bb25c6cefb6d71c5ee823f447ee225fedf5ec46f9c060fd0a66d72a9c7,val
raw/orange/rotten/rottenOrange (171).jpg,orange,rotten,local,v3_6df35cdebfc00b09ed3ecbb33ed0ac10,ef1e8243d43d1241d197a4a7964aa085129b3c09a930ac89151c25336b5c3b7a,train
raw/orange/rotten/rottenOrange (172).jpg,orange,rotten,local,v3_1283ff5be91454766ce351bec7419110,57b16d469a6f1947b240a2ae5e210ede011f811c232d5c340d9d7f984bb7c79b,test
raw/orange/rotten/rottenOrange (173).jpg,orange,rotten,local,v3_6837f53b068c3641d43907fdc8ed7407,fd6e8cb347ee6d0ee8d068fa0f1984894969e6e2c0a45d8e0b6377866b7eb9fd,train
raw/orange/rotten/rottenOrange (174).jpg,orange,rotten,local,v3_c7acec1495c9815dc9c8cf9e385815c7,029637963edae6122aa5ad77a0fae3947c5a40c87dbccab5889a189656c6f684,train
raw/orange/rotten/rottenOrange (175).jpg,orange,rotten,local,v3_da791bd2dc40ec3df9a0bf0b5215fc55,379d6ab1324ec32b09e9536017577a9923ae00dad68fe43b7783f66a95529f42,train
raw/orange/rotten/rottenOrange (176).jpg,orange,rotten,local,v3_f7672ce52ea6dd273f4be69741239bca,fb83ec3c04b019008ef7efb9048b7c353690df14c3c23f1509d09f58a9d2afd0,test
raw/orange/rotten/rottenOrange (177).jpg,orange,rotten,local,v3_0495eaec84e8b05cca64e202ff5e5e4c,3fcf14cf8d32b89059b30b4210c97cc77c7904df52a19ec4c787e155d300a7cd,test
raw/orange/rotten/rottenOrange (178).jpg,orange,rotten,local,v3_6c1ae456ffd7d841cd474974e5174260,796edf22fd537cd33beebe6f177672c4a33349e6c24b19a87aa7ce33bbd53057,test
raw/orange/rotten/rottenOrange (179).jpg,orange,rotten,local,v3_41a440cce6b8e098703f6957a9771549,1c2e0ffd9b63be05eaf84c6594210d04ce0e62ed28141504da408c2771fef05b,train
raw/orange/rotten/rottenOrange (18).jpg,orange,rotten,local,v3_693a94e8380629be6bee619ac19accc1,70b76db305936e5fe91308d96883fd96d03f4440865d0144f9d68620636b135b,test
raw/orange/rotten/rottenOrange (180).jpg,orange,rotten,local,v3_f7a88a931a1eeec888454160564a6857,c1692bc28307364b892760be55f533256de2b530968dfdee83adcb0774a2e5a4,train
raw/orange/rotten/rottenOrange (181).jpg,orange,rotten,local,v3_41af6fc06f13b9688053a684cac035ff,a0b36e1b065b1fb17046c3cfe2e107000a4d76a930b53c0c82e61ffdd82d43ba,train
raw/orange/rotten/rottenOrange (182).jpg,orange,rotten,local,v3_fb65d24db53e2e1a823ff14f44c53a18,bee9ecb7d68f82e2f5f6081f5eb73a2c824aa6ec0793fb7f4595e5f445ccdba1,val
raw/orange/rotten/rottenOrange (183).jpg,orange,rotten,local,v3_7b331df50aa520ecc8c30e5a5cf625c5,6976c60a581c99f0a3393ff1fe157ad73964ae731e7e7a68b3f48c30df685b0e,val
raw/orange/rotten/rottenOrange (184).jpg,orange,rotten,local,v3_af4f710c58303cc75217f727d3d8a1d3,fe05be3f74c7b00f9685f2da9400880549f10e3e978a61266cd693819928c4ae,test
raw/orange/rotten/rottenOrange (185).jpg,orange,rotten,local,v3_88b8b7eb2c468ba9af482f28cc46f02a,392d90a8b98cee03602d9da81ae5625308b50ce8f24afbec7dcde3238b2b4c5f,test
raw/orange/rotten/rottenOrange (186).jpg,orange,rotten,local,v3_2ac57afd465f43ad3a42c80302905d3c,a66305f4c933523ba871959e957af7edf4a28264946272ff6eeefff993e3c599,train
raw/orange/rotten/rottenOrange (187).jpg,orange,rotten,local,v3_c1d8306618e25860456a48f7848bb1cc,aa6e1b9e2a85d84237cd4e1bdd12c63c6911967390699884cb4eec81515d2367,train
raw/orange/rotten/rottenOrange (188).jpg,orange,rotten,local,v3_c1d8306618e25860456a48f7848bb1cc,ee68d1e43adb1394161435ad212ce60f3c8f4d08bfa8868747edb2c27036e271,train
raw/orange/rotten/rottenOrange (189).jpg,orange,rotten,local,v3_f29a65c216bbc3149a97b68b82302c3d,5481d63c5173461e2462bfdb296b4e35e6d6fd856671203f482db68afc986e26,train
raw/orange/rotten/rottenOrange (19).jpg,orange,rotten,local,v3_3cdf98e272fbb3c2a01466969e69b95a,db2ea0a1c15350d3ba26486985624d9ce6a23a1d395548d4925e2f309a963133,train
raw/orange/rotten/rottenOrange (190).jpg,orange,rotten,local,v3_62924abd872df8e6a07ef3b680252c5d,ada05a159b4e0997df981b0d46572429cc7ab6fe609316b4f56ed75a3ec1a1eb,train
raw/orange/rotten/rottenOrange (191).jpg,orange,rotten,local,v3_1cbea1fb6d7a075b1d7577f8eb5d2129,440a4e060d9536f58ddb2a8520c44fef9df2daaaad1712635502159d5cd402dd,val
raw/orange/rotten/rottenOrange (192).jpg,orange,rotten,local,v3_cb1aab6ba7507c37d709e32d3a08ff01,5fc6bca9e77aebf62bf7d7a268f233848a24861cc0c38b118971d142a6f5cc35,val
raw/orange/rotten/rottenOrange (193).jpg,orange,rotten,local,v3_4319a9003b9b622f18502ae3e9e4afff,179f673240a0a2b0ccbfde4c10c6f23c88fff4e0cfaec23de3781e8db151a59c,train
raw/orange/rotten/rottenOrange (194).jpg,orange,rotten,local,v3_11c72eed0ee81ef537866fd527809dd6,2eebc0bc6c2a2b5babd027b3db4d2fa5fff5b0400e19101d2de6a907aee2c57b,train
raw/orange/rotten/rottenOrange (195).jpg,orange,rotten,local,v3_fcd2060b191dd38217283c596a79566b,2e1f1fe50d37249dd4fc97b7ed6dd06c20009e39fdf2fe66d090cdc26dc2fc90,val
raw/orange/rotten/rottenOrange (196).jpg,orange,rotten,local,v3_a72b39af4da42b2c9f3700b21a3be535,bec70d571c66791c1b4ddc9e9923ea2a1f836c79e5396f3892850260c64b4ef4,test
raw/orange/rotten/rottenOrange (197).jpg,orange,rotten,local,v3_375f0f42ce531c15ede3f6f4ab6fc424,784d960a3c6b0855fbe72c9a52ef18653efda680664af89fee99216c4112f8a0,train
raw/orange/rotten/rottenOrange (198).jpg,orange,rotten,local,v3_590ae445bb3d0ee3256024f1dcb4d4c0,cd7a0f18ba048996028987639a36d75cf202cab9c6772cef2895a70f5353e6d3,train
raw/orange/rotten/rottenOrange (199).jpg,orange,rotten,local,v3_732221a06d829c900ced6ce3a5ee060d,47e0d40ba653814bf0243bfd11d4089dbe927259057b7d74f96be8bcbd1e8651,test
raw/orange/rotten/rottenOrange (2).jpg,orange,rotten,local,v3_d4aae34a8e714a39007714a4b2cc9595,5c2bd8640adb32564022fe032f289543bd8fc787a64da19273e40f65e9726f8a,val
raw/orange/rotten/rottenOrange (20).jpg,orange,rotten,local,v3_90632eeec35a3ac3592e63ad30432d06,71a6cbf463fe7a9c69f582f3a01f2be9e656661e1dcb257eafe8ba02f938ad5a,train
raw/orange/rotten/rottenOrange (200).jpg,orange,rotten,local,v3_cb9999b1d4dd920b2468d3fd7704caa6,f654acd49ae7105f63bf6cb84b38b78d81348ffb0d81b8882d5c5c2011c45766,train
raw/orange/rotten/rottenOrange (201).jpg,orange,rotten,local,v3_c389086f522789730c05031c632f3926,d7164e32e0b738ae1fe750bfa787ad8ec325c433af58b766d951fb978ef387e1,train
raw/orange/rotten/rottenOrange (202).jpg,orange,rotten,local,v3_75d0b3db08addfde43bc48a8917a5b1e,d67c1c991de207bacd635cdcbb641db732f81c9bb59c26c3294442f67dadcce0,val
raw/orange/rotten/rottenOrange (203).jpg,orange,rotten,local,v3_1891456c9fb1e75c1bb95ef962ef3908,23996c30113d50bc10da23f1576a61a4468f1b0a9e9b62e4e387490b67ce7f69,val
raw/orange/rotten/rottenOrange (204).jpg,orange,rotten,local,v3_19260dc07d741913ecf9f4583489ca27,d8704cb6c5ba683a13844f61c73502e18eebfa7e5df826ca46c259d9d003dbc0,train
raw/orange/rotten/rottenOrange (205).jpg,orange,rotten,local,v3_e370f575ddc955232765bbab7536b596,8cd4ae6bc32f3e35276defd0d9f582abaa86e9911ca38ec4798b95a77692212c,train
raw/orange/rotten/rottenOrange (206).jpg,orange,rotten,local,v3_d0838c4ee97e11629868ee57a13217cb,f905a2f311045fe58466d6672bd635dcb34a2a9e82cf155e3418313bf270706c,train
raw/orange/rotten/rottenOrange (207).jpg,orange,rotten,local,v3_9757abacb2003440d6469de9e1d89269,2eaa29a28d629e725bc1e653c9c0ab1af88295d0951259fa815938fa6fb42cff,train
raw/orange/rotten/rottenOrange (208).jpg,orange,rotten,local,v3_5edac97c7b0aca1b001753da8014e152,7f7dd0717de2548a8a364f9d81480d690624cc2a401bcb0a4117d3c7fd221fb5,train
raw/orange/rotten/rottenOrange (209).jpg,orange,rotten,local,v3_c92aec08a44983e5c035dcb3f324814a,e7c4048dde589045a34c6ee6a3dc155b64fff7e046a8a4cedb40f512e73b5d7d,test
raw/orange/rotten/rottenOrange (21).jpg,orange,rotten,local,v3_c7b7c368f85f1a85d189ad0a7ffda9d5,8801326c1b2ca69efc4805762cdac73c64efece2b17d0ebf5f75ff0b61ab9e67,train
raw/orange/rotten/rottenOrange (210).jpg,orange,rotten,local,v3_a1dabbaad30443b425cf6764c84f963c,516914b5a1c42ed696593b4ee2b695ba1923aa8dfe0895c00d8ac58d6bdf4906,train
raw/orange/rotten/rottenOrange (211).jpg,orange,rotten,local,v3_879690b07be40c0a38f241b4c5d73554,c05108fca71226d0adce67fd04c755c6b60e1d15b7d8f740a3517088822fac9b,train
raw/orange/rotten/rottenOrange (212).jpg,orange,rotten,local,v3_3dbf0ba5b5877a48fc4fc80bcdf365b9,181d0e4a31ec14bb8ffcb6c0fa08f213fc1057fb2ae752fc21d12ccf679615e5,test
raw/orange/rotten/rottenOrange (213).jpg,orange,rotten,local,v3_50e8338fc12c656efd496ae4364e0f31,f9d2c26fc238b84fc6018122504a2965a56fcb3d95041ca38c4ea210603cc7e0,train
raw/orange/rotten/rottenOrange (214).jpg,orange,rotten,local,v3_3147da0fe30c8f6c0708af0932aa19bb,3b6f7a13e4e28436e58c7525c2ed5caf736bc0830a96de1c30d81dd9cf704876,train
raw/orange/rotten/rottenOrange (215).jpg,orange,rotten,local,v3_ff903dfbec3ef393dc1e1fd4da92efce,8716fbb58423cd3b1d2bf5b8f3ddb607bfdfb22a4cd8b54a3fdbb1f0a8ef3097,train
raw/orange/rotten/rottenOrange (216).jpg,orange,rotten,local,v3_c9e70bea75f80de9475cc18a95feef9a,1b93732729ec7eaf1b63666fd569502ee55ee1537e0924f881ca12f5f3806fae,val
raw/orange/rotten/rottenOrange (217).jpg,orange,rotten,local,v3_7bc8bb2f54f62481b634ab5166de1590,142957a981041a6775783a18bf3468412500587c70e14e45d118cb8e6c3882f8,train
raw/orange/rotten/rottenOrange (218).jpg,orange,rotten,local,v3_bc025de4de0be5d56c082ea4dbac0970,5a91c79285f5c3bd5aa52c04961083d7801fd6693807de7881cec4276e3290c8,train
raw/orange/rotten/rottenOrange (219).jpg,orange,rotten,local,v3_7d2fff6d89112bc84cb7d30f1f0b55a3,29a1d8ec999c050acdce6f8406fb04586c316fa9581bd8f7fe2c8e0b97c5c2db,train
raw/orange/rotten/rottenOrange (22).jpg,orange,rotten,local,v3_8d49ccfbbcdfba5ee91b0141d56ea757,7fed9ec79605e3ba985fb3dece732c15ab635713b64aa57e14cebf4c48d4a4ab,train
raw/orange/rotten/rottenOrange (220).jpg,orange,rotten,local,v3_5740f2be4910ce5c6a1402439efd7590,0d7b20a2a80d1bd5b873454ac048ae7ef009fda46999b5de88ed2921cef57288,train
raw/orange/rotten/rottenOrange (228).jpg,orange,rotten,local,v3_0c797b04e64de1959858a964f0d4a791,8c4aca9cc6eafe6cdeed6a7f156454edfdac2fd1b0b68547028ffbe819d5003c,val
raw/orange/rotten/rottenOrange (23).jpg,orange,rotten,local,v3_d6e1313da7ab068f8da46edeeb9d9b26,e6ec32118e160d8d92414212227e4851df8f5dcfa0ce2628c49ed5fcacd0a084,train
raw/orange/rotten/rottenOrange (236).jpg,orange,rotten,local,v3_103fd1af9465ac9573dba27243eb7e0a,c497315b84b0effce62d1518a45cd08132adab815db617744c1a41ae952e4cba,train
raw/orange/rotten/rottenOrange (24).jpg,orange,rotten,local,v3_09363f19401bf43056ba68ef2004bb67,fd74ea588dc7c05c88af469ba7a14eb62c3b307b1622b91976994010c1ec959c,train
raw/orange/rotten/rottenOrange (246).jpg,orange,rotten,local,v3_aad5079f35cf873565e4689560ce96b6,052731d849eb2e066d90ee0a06da6ef0e9ae83d273f1113e44a794d81ac6d974,train
raw/orange/rotten/rottenOrange (247).jpg,orange,rotten,local,v3_a8d4d8143e6f8f67a034635fd8d2ebd5,b871f3aa73cec6de451c55c81fa6a819ace84007c76b1c7a56b1d5393987a16b,train
raw/orange/rotten/rottenOrange (248).jpg,orange,rotten,local,v3_b3143a4c3b3837a6fd3493389c040f03,76c363b602352a432961d2e94f89b34b987ab5a2982534d6a5763c7c40884eba,val
raw/orange/rotten/rottenOrange (249).jpg,orange,rotten,local,v3_673463adb4a9a7555249378cba3baffb,5ef2e3fc6a700333803cd0763dbcf4e1ac1e58b1fbe2527f7d5fafe1928c5174,train
raw/orange/rotten/rottenOrange (25).jpg,orange,rotten,local,v3_c39b8f7c366182e21c53f266bc57065b,b7cd6809b4a986dfaabbf1225491374448db91abd288fc51cb50f297d1a05d8f,test
raw/orange/rotten/rottenOrange (250).jpg,orange,rotten,local,v3_e8743177bf4e30c4215df6855cf1d8f0,082dffc74788ccd5d6d56d122fa6edb17fefda58219fe63ff02b06fb1d72bb69,train
raw/orange/rotten/rottenOrange (251).jpg,orange,rotten,local,v3_56f3f517f4963d2d5d0f6598241d7e40,fdad80cca46a8891ab632edf651870545e2cac5afc4ae80cdb1b3820d856933a,val
raw/orange/rotten/rottenOrange (252).jpg,orange,rotten,local,v3_c76d4fc96879139d3b7e9f1fc441844f,ccd62374cecc437e79f254945bf3205acfd5ab563edb990f31f1f984ff9ae63c,test
raw/orange/rotten/rottenOrange (253).jpg,orange,rotten,local,v3_c284af879f043af809d62e787a4cfe2a,3af3b3adf18820a81f943345bcb3dfa04909c8835d5bbf92cae03bb84ac68a3a,train
raw/orange/rotten/rottenOrange (254).jpg,orange,rotten,local,v3_d8f5d5c07637db3cb20f2a0e04a43ec1,a5275e99a8429e16f41d444ca6ed5e2c9fa09ae56b961ca1e6a856fba2d692a7,train
raw/orange/rotten/rottenOrange (255).jpg,orange,rotten,local,v3_8a30f3ff0b17672895ecf90be8f4bffb,70fd5b6a05be8f8d7f4f8d5d62dc9bc882ca5a213cd11bc56f85e60a092d017b,train
raw/orange/rotten/rottenOrange (256).jpg,orange,rotten,local,v3_21df1d987566d91a008f89865fd19be5,7ecc71ec57cde00d5c8926e8de84cd61ba2b70b78e0f4c95000f5eb8527495c4,test
raw/orange/rotten/rottenOrange (257).jpg,orange,rotten,local,v3_126ce61963621dbca49e95b9656692ab,939607136579a3dc553829022b1de3dacb344feae51fae450d4e08e5d0cb6c01,train
raw/orange/rotten/rottenOrange (258).jpg,orange,rotten,local,v3_afd34d5fdee317b2ec21497a3593af7c,9a1b2123ea6b29acbfd91b204c3ac730393bd9efc20696533584010e74581432,train
raw/orange/rotten/rottenOrange (259).jpg,orange,rotten,local,v3_aca3a1d80edd0e64866b70a5b8d2d4bc,3bb891c3b7efc2affcbb4dda558ba3d8ef828f670777079ab7791035e698eee9,val
raw/orange/rotten/rottenOrange (26).jpg,orange,rotten,local,v3_bd70a22d6c919cce7d5dd272c5364531,55ec60f3f63eb5fafc7b40b25cc05094c30e511609b9656258ca6f9fc06565f4,val
raw/orange/rotten/rottenOrange (260).jpg,orange,rotten,local,v3_fe04ef4cc502a22f6c575cb46d0a7e5c,479c753e4b290724cb2c998b1a4c6b147a5c8173398ae9c4087f3dae16c69367,test
raw/orange/rotten/rottenOrange (261).jpg,orange,rotten,local,v3_5487a2ff82e38a94e8824f6289fb382d,645308913b7c663411fc80cac54ddb05fa0a5b539cc79e9a865877f8446a0191,train
raw/orange/rotten/rottenOrange (262).jpg,orange,rotten,local,v3_f103a38e7e24e0ae9e5fb7f79bcdf8dc,a16542c721e8eb6f09eeed76a5d82342f9a19443ee8de26568b25e0f054efb25,train
raw/orange/rotten/rottenOrange (263).jpg,orange,rotten,local,v3_fa018d1a21b94d83cf686a6b05069d78,b9bd396caf4fa2dc47b10b38ed0b32b1a7c7ca2c94ec5c96eb1d2608e10aaaa1,train
raw/orange/rotten/rottenOrange (264).jpg,orange,rotten,local,v3_b85a555b5f537f6d33f7b0e093aa0e6d,b9155dbc2745eb83fad220d256a461562b76353bf5ff0c250b2539d8d0eea4d2,train
raw/orange/rotten/rottenOrange (265).jpg,orange,rotten,local,v3_ed835c382ec74ead9a8ebcfa0e940f5b,515f2acdf1dda5f5d52ab87a0e105e91d61e211ccdef39d8af56d0739e3244b3,train
raw/orange/rotten/rottenOrange (266).jpg,orange,rotten,local,v3_48faf1def776bb0df1c66c1a5867cb33,fd45b93f6f7c368f54f783cd9f6f59b6aec917b5a3b1e02f478d10b2c6738a6a,val
raw/orange/rotten/rottenOrange (267).jpg,orange,rotten,local,v3_bae8f6579eb10c40b5e6cfe82f140736,ec9d6bed7f29a46218296953d966138a0aa303e6931aa34032a49a042165e09a,train
raw/orange/rotten/rottenOrange (268).jpg,orange,rotten,local,v3_4a5c07c3d09419c2374cd50fe3b3c943,e2ac9477e308f2f3e927d9d3fe1caba93e43b91769315dc4cca32a00f54b84e0,train
raw/orange/rotten/rottenOrange (269).jpg,orange,rotten,local,v3_f8771e559bca704c17ca7157d5306d0c,42dfd58ceeaf2a99fe3421f1df40cadeecd802e1c5001497ec8edae1b4192fcc,test
raw/orange/rotten/rottenOrange (27).jpg,orange,rotten,local,v3_8a7dd255eab6d65d160c48a7a7b915aa,6c5e313eaa5107431b5922cdd42ccb48df3a7c4475aa157566c5d6c8fc571696,train
raw/orange/rotten/rottenOrange (270).jpg,orange,rotten,local,v3_b1af35e05c97970ff803902181e75156,eeea1e2c20651c7a5dc0e3f3391850207ae1a7f0c0aa43c72790ca315a14cdbd,train
raw/orange/rotten/rottenOrange (271).jpg,orange,rotten,local,v3_c1bdec94d6e0b0c2e44043ee66dd0203,1cdb084f83966ec3ce008e5c61ff2aa6dfbf0d2af94b37b42be0eb9534181e8d,train
raw/orange/rotten/rottenOrange (272).jpg,orange,rotten,local,v3_0b1f8737f50ca387c928d88a6577f204,3872e9328248a4e59df3cfe1256ae4ac9465536b2a040becbf58721b7500e8eb,train
raw/orange/rotten/rottenOrange (273).jpg,orange,rotten,local,v3_cfa7d35fddce713a52674600190b5bff,b826e80de7f5151a53eb7f0c076062c212cc21ee10f5d6bb4acd57a70638cb16,train
raw/orange/rotten/rottenOrange (274).jpg,orange,rotten,local,v3_7331d6249547e55a38d28ea6f1caea6f,4ec9d6a0a86b0b8618cd44b3358a8cb876ef100087c9712948c4216c6e245125,val
raw/orange/rotten/rottenOrange (275).jpg,orange,rotten,local,v3_4a5f5e0d90329f486734fe23137bc9db,4ba86aeb6a17a97a10397d570a61a3f99080e36ad7e61982838f0231860b9421,test
raw/orange/rotten/rottenOrange (276).jpg,orange,rotten,local,v3_90835a885219e0f19a0edad7bf48ce57,6b89a9ce61a9708dc7a5f592be85f9908767b36fcae147ce2412325e300f6a64,train
raw/orange/rotten/rottenOrange (277).jpg,orange,rotten,local,v3_818213d5c998615601f01e6bacd600cc,ffa05bddd739b97b106925633c8303ba47835b9775d3f3a15833f8befe345fdd,test
raw/orange/rotten/rottenOrange (278).jpg,orange,rotten,local,v3_29d7ec8651566bbf6865dcca7c514201,6eaaa0e8ced0d24b4b839258c2110ec09908e66a0013fc212e15571fa3906bd6,train
raw/orange/rotten/rottenOrange (279).jpg,orange,rotten,local,v3_7bdc4bf9cfeb9bf63ed0472a2072e877,f30966c5bc954b07ace414a86fe1d4fe3630d64a3576f7b468b685ea24710c8a,train
raw/orange/rotten/rottenOrange (28).jpg,orange,rotten,local,v3_30e27ea19edd20a91ae0eda8666d101e,2fdd5c067c5b85daf8751e0d2861b3ec6dd2cdc3e8d022ff11f50a6a6ca0981b,train
raw/orange/rotten/rottenOrange (280).jpg,orange,rotten,local,v3_3dde01652c141b9007146f147882dd37,0c9c50b9d297ac420297536d90c172ddf6ed6f95ab5119db3524d19369d2e440,train
raw/orange/rotten/rottenOrange (281).jpg,orange,rotten,local,v3_64ef41333350851a20a3edf51f234c8c,8c38c7419138b17354bc420610bb023a3bfeea5424369a276a3b9cc153c5577a,test
raw/orange/rotten/rottenOrange (282).jpg,orange,rotten,local,v3_be608bb248017a0427e4afa2191a54bf,fdf3b3c9edee8d26b8f63f89b72d468b4621701127530aa5f069099889fa8da1,train
raw/orange/rotten/rottenOrange (283).jpg,orange,rotten,local,v3_5c3447e0d131b8756a6c1d61fb3e9490,a6e3d1d8a08fbdfc7a312384d7d24534ddac7b0f6a7c719155e17397a8d2fe0d,test
raw/orange/rotten/rottenOrange (284).jpg,orange,rotten,local,v3_e292078149f35db7ebc6ce4386cff274,0d0551f6b97a787f80c90ab5dd9b43b7f03612686b032b076a5e0de2f0a69d62,train
raw/orange/rotten/rottenOrange (285).jpg,orange,rotten,local,v3_9e3b25f46bf1d876dbb389fdf890ecb4,77ddc500d59c4e9276ef92baa8e824580a33eea749be280583e00804f0601738,val
raw/orange/rotten/rottenOrange (286).jpg,orange,rotten,local,v3_8f82d10474ff36757f27206b0b6ad5ed,9c7b67fdc56699fea8355dd1eb9a32fb4b4b6daeff706d5017f6a1569a671a23,train
raw/orange/rotten/rottenOrange (287).jpg,orange,rotten,local,v3_5c89c09b14545015edb505c4aeea5af1,cbe707d8affe7040bcb465de29b3032b8587f93f52559ade5f91f139d7318403,train
raw/orange/rotten/rottenOrange (288).jpg,orange,rotten,local,v3_516ae449476c9c73af59642157775e70,06da7f497174a5f76b7d342c1358c418c25166c8818e3cb358e88d0d257f8877,train
raw/orange/rotten/rottenOrange (289).jpg,orange,rotten,local,v3_15af7b0b77703a71f3a3faaf0367f5c6,29c19baff35bc6367742cb7c59419032707d6b0d3e4baf6e0a84446e722f3170,test
raw/orange/rotten/rottenOrange (29).jpg,orange,rotten,local,v3_a17ae29e223bc0bbd8f6b721a2631e16,3ad6d7585e127bbf3fa4c7220f5b4cc29d33715d8b42102aec2bfc5d61e21cc9,train
raw/orange/rotten/rottenOrange (290).jpg,orange,rotten,local,v3_37e9373528f94158c809b84a74373318,67c4091e5f7669b7e72d3dd3ca2f89dbd7a698c16ffd1018d8ad03c9bf35bb9e,train
raw/orange/rotten/rottenOrange (291).jpg,orange,rotten,local,v3_0ca0a753d02b520b9834e38bb523eec9,218b7db5a46a1270bf223e554c9262ff379aca20395e6d67eeb8bbab6d1d39fe,train
raw/orange/rotten/rottenOrange (292).jpg,orange,rotten,local,v3_7b8aab1ebf061e1d1d021dfc4fbe7d7a,76c28f0637612a9280d7c0bc7c612d2136165ba0f44a22d6c081713aa3714f2d,test
raw/orange/rotten/rottenOrange (293).jpg,orange,rotten,local,v3_0b747db73f9d3a02c2db43845f97fc96,0d7951e99721d431acfea6cbf0c9059f457849e8a043faa8dbe7bcece01aac81,test
raw/orange/rotten/rottenOrange (294).jpg,orange,rotten,local,v3_0b747db73f9d3a02c2db43845f97fc96,3c5a1f0dd29ab0814ccfcaaf894c49e93b3622ddc906020209fd9bf216ccf3f7,test
raw/orange/rotten/rottenOrange (295).jpg,orange,rotten,local,v3_8d9f9dc8455c226c061958da17fcaae3,99f5d7badac77c9a99c986f99741e8bc7364e369e1c532ccf8a9dac16b570c46,train
raw/orange/rotten/rottenOrange (296).jpg,orange,rotten,local,v3_ebeb49c55687cd1d008bef36438b91a9,37cc8a377f7de58b43c4dd57f3ac78265cfc7aaf80ff0f3a7865ec62b85a4b61,train
raw/orange/rotten/rottenOrange (297).jpg,orange,rotten,local,v3_d942b284e980b88449be057b70cc548f,70c3eb8fcab963e57c2d31beec12f69ff71e1072910f123a03bc871a67882828,train
raw/orange/rotten/rottenOrange (298).jpg,orange,rotten,local,v3_c402a0ff28a5b39d757d5def9937bdcb,909b19bfe58f4400cbad0528f1e96b159f34b2b076576d8b62d3405114ec1efc,val
raw/orange/rotten/rottenOrange (299).jpg,orange,rotten,local,v3_57ca0a317f585c2b10b244755a695f77,d889fd7a40d56a611781197a4e8cc26502bdaa659164b9938b734b48b2cb464c,val
raw/orange/rotten/rottenOrange (3).jpg,orange,rotten,local,v3_500be0d2396122dcc7071e327348548f,397209cad65d26d93c89e7f391d2bbdc4cd9d5967ebff2f68e7da53f01d9861b,train
raw/orange/rotten/rottenOrange (30).jpg,orange,rotten,local,v3_4ad117bbfeabf4ee4083a21e5ecf61ee,b9168c08f186629e5bf60e931b3eda241b5f73cc2a88f76f941170d8cf63e7cf,val
raw/orange/rotten/rottenOrange (300).jpg,orange,rotten,local,v3_5c1706c9b0b54f2c19fbf1afc4950d17,af5eb4846cbeff9f5c3ac13f320a3e9682e0b64f5d5b62b4d7ed7e584f79da85,train
raw/orange/rotten/rottenOrange (301).jpg,orange,rotten,local,v3_5b620578389c6d163933d491b134bd54,b290192dba7330f884f6372d39b31896b521db7c9493beb71bf1c09bf3d8f203,val
raw/orange/rotten/rottenOrange (302).jpg,orange,rotten,local,v3_89114a82f3e2a025bb9e32143a6036c3,483922306ae558737a62eba7f6a14a567e016af6989a2504a3d7bf05f4a42733,train
raw/orange/rotten/rottenOrange (303).jpg,orange,rotten,local,v3_bf0e537ad22cdf55de97c929e53c343b,ff66f4ad08718918110baf218cd35aeb1538ff1b696ebec4fac7ad391455e591,train
raw/orange/rotten/rottenOrange (304).jpg,orange,rotten,local,v3_172cbca390a776f66a718d1c5c754e9e,27c956f36e584a4156fac302c1450fecf262d54f4ca6d393d3795193f3e641c1,train
raw/orange/rotten/rottenOrange (305).jpg,orange,rotten,local,v3_08b638b7be090fa687a622bc6fcfa1fb,9be70df3ea6a79a83dd71b28888253e525749bcec8dfb8f0ee0be9a2295f6755,val
raw/orange/rotten/rottenOrange (306).jpg,orange,rotten,local,v3_f18e2d44f2d529d77bf17e5c5ad3267f,698b60fad689380a2c5776790d64fb0e9c840ec91d503f775f4daeeea4849b6d,val
raw/orange/rotten/rottenOrange (307).jpg,orange,rotten,local,v3_d6c02896cf4068a0c6298b266f73122b,eb6bff3a54b4ce6a909de0525521a182e6dc83ba51c8b5758e3d59a95697cf52,val
raw/orange/rotten/rottenOrange (308).jpg,orange,rotten,local,v3_cde5ab3ce81bee8df29aec578a22a54c,6821a9fe1ab669bb6ebf3020320405f8dff78db8367c681217f78a6545dfb4ab,train
raw/orange/rotten/rottenOrange (309).jpg,orange,rotten,local,v3_2197417622cdb5c3b8243fbff3e55f36,f48be257fe94537b8eed9b031a764b9dd1beef7aac3516a7c3bb9fc0a49f5a94,val
raw/orange/rotten/rottenOrange (31).jpg,orange,rotten,local,v3_a6ff81f38790e17a542aabf976608e00,9698ce0e8b02dc6061362a20d9b2e4e3718c0961e2351e6f939a93e6d572b858,test
raw/orange/rotten/rottenOrange (310).jpg,orange,rotten,local,v3_8fd0c6f12bb4a4cec2e65e1be715b159,be3d0c916611ea7429ef600c0bcbb6b03b85ba325620ddba601d494a29d305be,val
raw/orange/rotten/rottenOrange (311).jpg,orange,rotten,local,v3_adb988d8609125a4c28df50cb7420ea4,6697d0d43888956c7af3de8a562d3c9a4992af72dff27be4703b1a042c628c38,val
raw/orange/rotten/rottenOrange (312).jpg,orange,rotten,local,v3_a622bc4ee21b5485a0fc998815718b0b,792b0c569908d39534c21f5d72bbf7bbb35b12dfb0f2c5b38ec364534b87af27,train
raw/orange/rotten/rottenOrange (313).jpg,orange,rotten,local,v3_e2cf11da6a1153fb4452550b02a6ab5f,92f1cef5585909aa1db965928cd4c9cf027d8dc19d1349a978e692cc9bd2db07,train
raw/orange/rotten/rottenOrange (314).jpg,orange,rotten,local,v3_a76d88ad86f22758ad71fa38e52bcba2,eefccf61951dc02590421e6a70b1729bfae39cdeefb42673fb974ba11b6e9ef4,test
raw/orange/rotten/rottenOrange (315).jpg,orange,rotten,local,v3_52748419d8382d6eadd134637b788795,90ef6e9ca1ee33fd97521f811eba45a9db021646bbccc84423b7418ebbb16431,val
raw/orange/rotten/rottenOrange (316).jpg,orange,rotten,local,v3_1fe2265ee72bf343e744217ef20316bb,cbf3da2af6963b29b7d411b87ec984f42a812837eb8c6c4cbc0aaea04afd429b,train
raw/orange/rotten/rottenOrange (317).jpg,orange,rotten,local,v3_16338ede8d8b15247f8dbd54f50fc748,67384da8779447d693c44716406da78d8b8ddb87ec97b3f358ce1666dd5f60b1,train
raw/orange/rotten/rottenOrange (318).jpg,orange,rotten,local,v3_f40e28516a019560b9d4758b7d78cf2e,9edd6c133bf5a558565a83cf348e023429c77866dc862881fc933e7c85d6a7dd,train
raw/orange/rotten/rottenOrange (319).jpg,orange,rotten,local,v3_0d0e53e003ce0bfee4e147680bbf98b1,7e936d7156dc5105589ab500895e1ee6099e076c85b9e109f9091df29ff77b1b,train
raw/orange/rotten/rottenOrange (32).jpg,orange,rotten,local,v3_0bc973a083a2f58e7e834862c1c74d09,933d1acc7a2a2ab29f4f462175e3e76b396b9b3c84416cc7e789a087b69ceca4,train
raw/orange/rotten/rottenOrange (320).jpg,orange,rotten,local,v3_6597e7e9e8540b711dfd2cbc11c1c7f8,d33a654416c2075478e93671a174cb23ad6200bc5686e459db12b39cc932d6bd,train
raw/orange/rotten/rottenOrange (321).jpg,orange,rotten,local,v3_972ca7d82b34df7eebc88f080d80e363,31ae3f783de56da314f3d82551e378fcd102e49480bad5141fb42ff5419cb5f1,train
raw/orange/rotten/rottenOrange (322).jpg,orange,rotten,local,v3_b8aa8c427026a6c129c65f02d21f62a2,38e4b06f88145913a5001969c909238be212772ace3ac37643caf3ac02392991,train
raw/orange/rotten/rottenOrange (323).jpg,orange,rotten,local,v3_a4ad5e55b18272076525db0e77f6f446,5a3179b25fcf3ac530b5d81a75702ab0d975ce141d98f78346e889374fc8eb74,train
raw/orange/rotten/rottenOrange (324).jpg,orange,rotten,local,v3_295ce97e9c15b3061ed558de447b9fce,0fdd1b6a0e8abc9ebd6daa09dd4a1713ad1bd98d6136774e43e05b574576ad84,train
raw/orange/rotten/rottenOrange (325).jpg,orange,rotten,local,v3_dcb0be8bfe39ef7817fac84d32195b43,80d5b3e2e2be9fbf56f28b22d9e12fd4b74d9c9683405b960af94b4244843986,train
raw/orange/rotten/rottenOrange (326).jpg,orange,rotten,local,v3_640c4e82be665960f6307b9468312f87,bf3d25fb5feeb0e58f4654a90199f7dcb5a649cd8d0fba746b60f7f4f18a72a8,val
raw/orange/rotten/rottenOrange (327).jpg,orange,rotten,local,v3_d35d6d806c732a4565c867b3ef65cee8,0501614f7c4ed808809ec6e3860be23392eb6ebbe1d5c7654722f875f1b85256,train
raw/orange/rotten/rottenOrange (328).jpg,orange,rotten,local,v3_f35acb7f1aaef7a90c8b96c5f1948153,ee2897d31eeda2f54be783b2015aa8ca13afcfe83f34f35c56c0a0043f86fe69,test
raw/orange/rotten/rottenOrange (329).jpg,orange,rotten,local,v3_292dcdb1ce9ff1b3c69f0eed223a7258,6b521ee1935eb51a1feb25976d7a2da8ad71f89f6058c6839282119661fc247b,train
raw/orange/rotten/rottenOrange (33).jpg,orange,rotten,local,v3_dbc91a839da0ed75e5f05046a3960efe,98f73eb4ea28f6f604be55bb28a24a44b55c34e8576973864f86465d6b71b362,train
raw/orange/rotten/rottenOrange (330).jpg,orange,rotten,local,v3_8c910ec5aff657f0e42dde960d207789,dbda3c86eda25e6b62cecee34e62df73f8403aa6418f86ff797ae24e0ec50439,val
raw/orange/rotten/rottenOrange (331).jpg,orange,rotten,local,v3_ca843e83e0aa2cf24644b86824df9b0e,be8ee49274898190dca103c44e088a53424888aa31be466c9ab6e66f84678b90,test
raw/orange/rotten/rottenOrange (332).jpg,orange,rotten,local,v3_118fe3a21c04a2d120b0ef76294407eb,f50778b8996315b304ebfe433fdd8e21cb954b18b54f4eb01313910f2a5d4d37,val
raw/orange/rotten/rottenOrange (333).jpg,orange,rotten,local,v3_89b428dc53d93b7448f778cce1938d3b,161ca719f33285dea74ee6f6fab53676f904ff6bf4be4ca02c2c9ae1bb812cbf,val
raw/orange/rotten/rottenOrange (334).jpg,orange,rotten,local,v3_312c42e718d59fb595f62b68fcf74297,0d1c582bbac5c97c978c6f9438f726dd83c07e6180346dbac1576f2c066f640d,train
raw/orange/rotten/rottenOrange (335).jpg,orange,rotten,local,v3_eb4713198b1f67a7aeb2cc40cb060897,6c8e9057a880116763d9ab46b615698dbedbe2ecb6b1000567df50ad969c1778,val
raw/orange/rotten/rottenOrange (336).jpg,orange,rotten,local,v3_4651c79ae695b1e55ea269d0951d0650,49a5b2f05e6eaf8e1461495089660980122e243262f7cd4a18aae3e8a869c566,val
raw/orange/rotten/rottenOrange (337).jpg,orange,rotten,local,v3_13541ff371ddb4364faa3b908afa40fa,4e6281f4e57cb1c1a5682b9a9c44c9d0f57bc31e2a749f9524f8b6e66b504b41,train
raw/orange/rotten/rottenOrange (338).jpg,orange,rotten,local,v3_2f73688694b37a0d45cb105a5e3b0279,1c3bd21a7b08cea9137c6a19cd9d7354f2acabd1154a691c93d23b20ad6c3bac,test
raw/orange/rotten/rottenOrange (339).jpg,orange,rotten,local,v3_849c8fdaf9e95e40b8def7b71c898716,e175cd01694434ac7e0b2b2a3e16f71e01b4d1e8ac6ca5318689b493319d5d9d,train
raw/orange/rotten/rottenOrange (34).jpg,orange,rotten,local,v3_9133d15e7eaa83283f5c981f62409659,2c08de066404122b881f2f94d2ce84b80f9fb6ab698d6793c6cfb2cc4e50f191,val
raw/orange/rotten/rottenOrange (340).jpg,orange,rotten,local,v3_b90bdc05e122ba482a7dbc6acd618f69,9a3f2dd880ea6c27b1194d75e0b8b6612d5765f48332d0f166af553cca4e3939,train
raw/orange/rotten/rottenOrange (341).jpg,orange,rotten,local,v3_47357004f25cec16d7e598933fdd504d,37f59b9a131a464fab6b6c261fcf232938136c52b82dc474adbf97b4fa8a549a,test
raw/orange/rotten/rottenOrange (342).jpg,orange,rotten,local,v3_e5844b8a8748a04c38648f7fd5c11c47,ad09e6378390138ebcff33795a9d09bdbdc3aa48d278d967ea17b636dfecafa0,val
raw/orange/rotten/rottenOrange (343).jpg,orange,rotten,local,v3_2e198ebaefd72de0dd7e7846ce9d3f10,2b59ffba3058aba0b19430a17aee8e27f7830d8830ed341e36394eedf377c94e,test
raw/orange/rotten/rottenOrange (344).jpg,orange,rotten,local,v3_5eb2cba5609e0bce7021677a54d74b99,383bf7281ab2cd512d6e622b6e81379a70bf33b61f5be9bdda0586ed7faceea3,test
raw/orange/rotten/rottenOrange (345).jpg,orange,rotten,local,v3_380dd74aaac87a12b34eb8dd6cf3ac30,b956304528c364a2da11ae260a2b398227ce59c14d15c8b0fadbb09c5d1704e0,test
raw/orange/rotten/rottenOrange (346).jpg,orange,rotten,local,v3_983c0edd13575409d3f0bed55edf2674,50b6bd5d8836e6ece5a3ccb6d2a25e54a6e6f6c98d66a3b90f6b5166420fb4bf,train
raw/orange/rotten/rottenOrange (347).jpg,orange,rotten,local,v3_e93550bd3986cac899ee4fbb7034d288,99dae8bb835a741c4ee6ce31e196f802fe3db1e22f4c35b3ac6fdbb1fa4d6fa1,test
raw/orange/rotten/rottenOrange (348).jpg,orange,rotten,local,v3_10c1fd7ffb7c26ccd9d991e4ed6b4c99,15d48c864ea6bd19d5a6e484722d4fa1656204d81579d54f5318a21377130b1a,train
raw/orange/rotten/rottenOrange (349).jpg,orange,rotten,local,v3_558ffe1430e6ed1ce8aae79fa4e70d11,f4fca5b3646854e6e55a5e675bbc7552178f39b412a72ea4ce644fa120c14895,val
raw/orange/rotten/rottenOrange (35).jpg,orange,rotten,local,v3_7972c616d1adcc08ff0877131aeef63e,ff18d94a2d650074c70b968126991282213f5dc51e6ae957759dfd3a1838c964,train
raw/orange/rotten/rottenOrange (350).jpg,orange,rotten,local,v3_558ffe1430e6ed1ce8aae79fa4e70d11,c77aec508d40f00342952d466d33ab1101401f869ed9ca1d87b58ac550aa554b,val
raw/orange/rotten/rottenOrange (351).jpg,orange,rotten,local,v3_4758a859c06fece5b76796c33c94e613,b2502ae2c231eb170db4a0e0cb38e2d44eef54ea7a0897486dc6331d20591a17,train
raw/orange/rotten/rottenOrange (352).jpg,orange,rotten,local,v3_53a7ae4b0874a245e945f4ac063e104a,d8120d39cf776a90d190c3140f765419cd6951b23ba7396e58cd282dd33e0288,test
raw/orange/rotten/rottenOrange (353).jpg,orange,rotten,local,v3_97bf54852389230faff5e3ffd1f7df9d,8eb95fcbb21d860add79c2461699d78d738a984b3933a290b9478b9db18db060,train
raw/orange/rotten/rottenOrange (354).jpg,orange,rotten,local,v3_9d99042c12094bb1966b4d69331ebfb4,c51fa19467890c977a44397ae7cbedf71b9fc169e0283c443b12561d0c3bf4fa,train
raw/orange/rotten/rottenOrange (355).jpg,orange,rotten,local,v3_0fee8dcf05b37e09012fc3641b5b638b,dca74aaddd4671d4489c1feca0d8bbca184cff2d8158490c6ad572d99f56cc23,test
raw/orange/rotten/rottenOrange (356).jpg,orange,rotten,local,v3_3c47027ccf7bf55d11cb3e7c2953045f,a6a3e374cd498185c4a260b4a5a17f9a97cf37a118676dae83a66c30f7bf81dd,val
raw/orange/rotten/rottenOrange (357).jpg,orange,rotten,local,v3_48e9aad3eeed764c7de21bcab6514900,d39bdb0870fd85b4d395653e77c55323232cc52f305874b2a1a82f9da911a9bc,train
raw/orange/rotten/rottenOrange (358).jpg,orange,rotten,local,v3_153d02d013ddaec93afcce25a854d25f,4c307d0c50b54d57122d0e6b030cab39e365bd619926848dc81317349faa76cd,train
raw/orange/rotten/rottenOrange (359).jpg,orange,rotten,local,v3_72f3dc46dcf78859e3482d90772a160b,63cc4afc56ff94cc11d43954c7100f95498e521f3e60f36c3e32f463fae9e5ea,test
raw/orange/rotten/rottenOrange (36).jpg,orange,rotten,local,v3_244251e2c9b9818deac988efcb345dab,476e80c3f14af4dab2481385c8c531587e11fea3777c0644ff4d9f7e82e55d2f,test
raw/orange/rotten/rottenOrange (360).jpg,orange,rotten,local,v3_e9c1216aa6d7164234c29578c7add4c6,be12be8d110fc8011f87d6516b59951c691fe413c778bfc3b117ecbd3f22b20d,train
raw/orange/rotten/rottenOrange (361).jpg,orange,rotten,local,v3_242e2b62c6bf8cf316f413af9baf63d6,18576cb4e66387228b33a2865e24bcd667d8e2668788ed7d9b89161dca66c983,val
raw/orange/rotten/rottenOrange (362).jpg,orange,rotten,local,v3_008796f7d88f35ad908156085ccba8b5,365cdecb37b53afe4ba5c7e549ee1ac49c33774b063fac2921a8af29ce30ff69,test
raw/orange/rotten/rottenOrange (363).jpg,orange,rotten,local,v3_1f3194327ef7bc6f0bab70da205ce24e,dd77e9935e45b83c5e6494ff9787c149f3fa191c47d2a01462e9615b7e0984e7,test
raw/orange/rotten/rottenOrange (364).jpg,orange,rotten,local,v3_2e6c3f8025f7e900fec1e251f7b013cb,0310ff815ef23b73ccbc3950df75b5bb8d2db5e87f61495aee1b1fdd9701aea6,train
raw/orange/rotten/rottenOrange (365).jpg,orange,rotten,local,v3_01053d5dd30acf9e9317eae093d7259a,dfb94d9800ceedcefbb1eb5c9f3bd0e6e9ef906fb35553183368e8cb9e8d5a1e,test
raw/orange/rotten/rottenOrange (366).jpg,orange,rotten,local,v3_75ecc2d5f77d08f8292f5630f96f3021,d459bbc55dcac5b2ceac1b7161ca6eb31eca336b957d8b759eb01b4040aab990,test
raw/orange/rotten/rottenOrange (367).jpg,orange,rotten,local,v3_aada81f02e85559ab4604e57814c83b3,003ae8dd50955b366a065ab1ad012577de5e8a3f0f81181075eceb8829378f94,train
raw/orange/rotten/rottenOrange (368).jpg,orange,rotten,local,v3_ab51515a4e97761c2244a389ac87776e,2ff3d0b178856db62481154f314d24038d164324e9baa2e04da1a1ec2b836f36,val
raw/orange/rotten/rottenOrange (369).jpg,orange,rotten,local,v3_f3cd64a67818d639d41120bcf6402388,f78d1814c706ac35bbacb00f34df46deaad8c563ab21b8207b9b1a46ac3e8fe9,train
raw/orange/rotten/rottenOrange (37).jpg,orange,rotten,local,v3_47f36471c4d86f94f6fc0eaef692b0a8,315fc91641ba44828948fcc1ecff0493e9dc3a573662b0d1b70011141c73a824,train
raw/orange/rotten/rottenOrange (370).jpg,orange,rotten,local,v3_7b8a784a1591d9aa1cd69dab3afd0455,382cd5987842876e588cd68176c5ec89d8a1563ee9d2ae8afdd5303eff48038a,train
raw/orange/rotten/rottenOrange (371).jpg,orange,rotten,local,v3_4b0859826befb151ba6baae5dbaaa2cb,4489f1a40cd02551f31e25bec39f8842e83fe1b01129f56d132f465bc4325d23,train
raw/orange/rotten/rottenOrange (372).jpg,orange,rotten,local,v3_d15a845c06ee9d714eb45680d065b4fc,76683ce440c0314dc363f35c8617b14a79341fb59a9c9bdca47d928f993d61d9,train
raw/orange/rotten/rottenOrange (373).jpg,orange,rotten,local,v3_c99d6a87ab81be116b75e29423ad00a8,985c6d7b53cfd48df5e9cd8f2daa309752aa608a205c5090cad2ce8757b1a549,val
raw/orange/rotten/rottenOrange (374).jpg,orange,rotten,local,v3_0a44e2a36af033d70f3c9b74729b193f,088f840c7f6d4c60fa00d29f3d03d0ebd5dac97ade6f487f1b286f8298af6662,train
raw/orange/rotten/rottenOrange (375).jpg,orange,rotten,local,v3_a8b33d030dbeb876009d7ebfa3150f5d,1f199c41a90ea938350f3191a5c04a89043532a406fd9a8784af78c91a3a7eda,val
raw/orange/rotten/rottenOrange (376).jpg,orange,rotten,local,v3_96813f71c6ee35b780cc886cb90cae8a,115d694dcff0b9b058c3c61d26d32c35de4943ebfa260925a5c5f5b9751be154,val
raw/orange/rotten/rottenOrange (377).jpg,orange,rotten,local,v3_045fa4249fba7fc7b04080b85dc5e807,bc40378d52c40d148de71d945bb2911987f171d2bb9c91ff7c4feab3915669cb,train
raw/orange/rotten/rottenOrange (378).jpg,orange,rotten,local,v3_65b685b4a977f751dd5d4aad6c19a178,a322583418ae1b76158e69339c400b5f40411d5df5312288bc7315dbf32803ef,val
raw/orange/rotten/rottenOrange (379).jpg,orange,rotten,local,v3_a6699d18691dddbc8059685632e6a8c4,fa23f9fdcc3d5e57827087778ab8e4dfd17eb61946cc44f6888725dd4de3d22c,test
raw/orange/rotten/rottenOrange (38).jpg,orange,rotten,local,v3_8bf645a08f050778f15796d2d6b7c958,a6118a7acf43cad87dd1c183eb56941ccecb4d6c488c64f6a79b79ff4ebccb72,test
raw/orange/rotten/rottenOrange (380).jpg,orange,rotten,local,v3_fe86641c32b83fd1222a3829f7827bfc,0759fcd816676f19dd4eddbfad97bac516cba0b910f2ee794a52c21653f78ebc,train
raw/orange/rotten/rottenOrange (381).jpg,orange,rotten,local,v3_e091d52eb470dad799f679c067df7a6e,ddf576c997bf9fbfed94606ab0327940f1ee786887340614cda17da226f06b2e,train
raw/orange/rotten/rottenOrange (382).jpg,orange,rotten,local,v3_9500c124a4833ed49dc9166975467391,7109faaf15712ed83bf422677db1dc773887ffb97f537a6e00bdfe3d3b69b008,train
raw/orange/rotten/rottenOrange (383).jpg,orange,rotten,local,v3_716478c54593293152d90d229492d34c,df9957537a16172abe684fcfdb59488b4a36ddf633a1989604e33d421accccc7,train
raw/orange/rotten/rottenOrange (384).jpg,orange,rotten,local,v3_8aed3104c6a9744113134ec8b181fe1e,16fb7ff3f4e93b111d9551e0936853e8cbd0cfb99e3f12f4be2ce73daa19d125,train
raw/orange/rotten/rottenOrange (385).jpg,orange,rotten,local,v3_49f1706872166f4d9604bbb39d8b74de,d51b18409e95c318e2d8f5ca74d4152f276d4670522c004d098f911f7ada73de,val
raw/orange/rotten/rottenOrange (386).jpg,orange,rotten,local,v3_8061222e935e3644e9fe8d5f4e938d3a,d738048bcc6432f8dc40cf39132dfcde196aa29bb450e2baf57a7269d3a01fed,val
raw/orange/rotten/rottenOrange (387).jpg,orange,rotten,local,v3_ba49363835516d4693862d1061361fe3,28a70a43ec14100c46e40595e2fba0aaa24263a7445acb3ec804c91e8689ff7e,train
raw/orange/rotten/rottenOrange (388).jpg,orange,rotten,local,v3_d57469d863e345edf054960ebc166a6e,3b0005e4d60003a4032448a75ed616ee651714f1007af37722e7387412aaa7a0,train
raw/orange/rotten/rottenOrange (389).jpg,orange,rotten,local,v3_c954870d61e0700a054ca751b4396db0,e0ada131a6f0ac2b890100227b37e7afacdd6c9fbecacdba783a847b52b15014,train
raw/orange/rotten/rottenOrange (39).jpg,orange,rotten,local,v3_4f5c754012c6f0b9c8d8e2c9abaf162a,6f53bd57941924d10d17b6180eb2f956c0f5cbbd39fb39c4e048ee089764bd9a,test
raw/orange/rotten/rottenOrange (390).jpg,orange,rotten,local,v3_591d2fb908679bc83a40366d1711d50e,db67308af73a98ff25834ce5b2e1e540d83839c8ee53013c224a66205aec82f3,train
raw/orange/rotten/rottenOrange (391).jpg,orange,rotten,local,v3_ff1fb2b9cbaf975938cf591988eab13e,8d2a9e56029d6a6b8ee9d1cf5495a8e5ba84112f010aa6f72945939689b78941,val
raw/orange/rotten/rottenOrange (392).jpg,orange,rotten,local,v3_6d4098ab3f2df9df68a9f2a5dc0f7e8f,e6df367adf26ea8bb13996c205c7a9fe68cc582a2ce69856ac35225e15e0b29d,val
raw/orange/rotten/rottenOrange (393).jpg,orange,rotten,local,v3_b31036dc23cde2bab103db2195032533,121a36718f9286cc9fdff025667fccba638b953addf5299da3b787745dcd5a0f,train
raw/orange/rotten/rottenOrange (394).jpg,orange,rotten,local,v3_6c15692852f4707874f36cfb052aeee5,c2f64c4afcc8bfd3d4172268f28a0644a8cb3f17d487c5d8d0eefa593f54879f,val
raw/orange/rotten/rottenOrange (395).jpg,orange,rotten,local,v3_cfdb9095a87758b57d98c6e16bee8f31,6a11415b11e1a727123eda1126664b9d053b86f0d7eb2c1d71e246d620ba3eb6,train
raw/orange/rotten/rottenOrange (396).jpg,orange,rotten,local,v3_22021939c5eed943f87f974e396ce203,bddaa02deac76f66872ca31a1c135bbecaa0f441e993f32ad3a8345cd078dc6b,val
raw/orange/rotten/rottenOrange (397).jpg,orange,rotten,local,v3_774f40f00cf983edf0eacd013f58c2c7,8b960438c8ac7e0b8e71bff47563637b71dc87d32fe710b51f4527df6011bd7d,train
raw/orange/rotten/rottenOrange (398).jpg,orange,rotten,local,v3_9c162ac871716baf907d81dae62fc163,df6e5539afa9f27725067ff75d094d32707d1d98343bc816dcf1a024137a2cb8,train
raw/orange/rotten/rottenOrange (399).jpg,orange,rotten,local,v3_b76c13c1ce3d4ed9c537a7a2ad504930,231f89760540bdaa7d095aecab6e76c7699344a05ebeae08b642b43d18d2b4e6,train
raw/orange/rotten/rottenOrange (4).jpg,orange,rotten,local,v3_63dfd6e754bb5e4bc61cb7abac483b89,5eae47ec587e379f55333cc0691020fcf5bf5d7e27e2001277d9c6ea90430fd8,train
raw/orange/rotten/rottenOrange (40).jpg,orange,rotten,local,v3_c650580afa81598fa08e28087b12a2f3,0c17ffb2fdf36f455fbaa8fd2b2450bd8f8f8fb267b69b44eb44bfd46a0fb695,train
raw/orange/rotten/rottenOrange (400).jpg,orange,rotten,local,v3_6706f6d50c6052f802b84083282a39f0,6fdfa5c982545e508042b232bf65f85e364fc863a979ea5e8ed46c20b1327c6e,val
raw/orange/rotten/rottenOrange (401).jpg,orange,rotten,local,v3_23d13e3053cd60ad62cc6ca09a904e5a,51236ddbcdb6e8e4a0ba085e82ed9f6020d9b4959a190241f41b0b2fc77ec043,train
raw/orange/rotten/rottenOrange (402).jpg,orange,rotten,local,v3_a2ef347d5f2d400214b007f8699130f6,6ce24672f910a796e8dda7885b2121da3ca261424182f5c3d51de70c88e7c111,val
raw/orange/rotten/rottenOrange (403).jpg,orange,rotten,local,v3_77a76a7e9a4cc2ad24279aaf1775d02f,90bddab08b1869271bb84b0d131428158dafdf81e49b8bd48fadc9f93934dc85,train
raw/orange/rotten/rottenOrange (404).jpg,orange,rotten,local,v3_2c275828cc25e456bef77e116d40ccb8,8219ba89e23d91142cce8783dbf69fd456859f99148d945daf15e16f95de87c8,val
raw/orange/rotten/rottenOrange (405).jpg,orange,rotten,local,v3_303eb61390021abf1bbcb5f713a56bb8,9b2ed93da085ad03393bfa353544d3faeb9d4b246f63352be2ad8db999fd377e,train
raw/orange/rotten/rottenOrange (406).jpg,orange,rotten,local,v3_303eb61390021abf1bbcb5f713a56bb8,e87a8343862fc15b5a288cf6de017533155b9da176095ef7aa2447828d99a969,train
raw/orange/rotten/rottenOrange (407).jpg,orange,rotten,local,v3_375df944379e25af97f4f8ce4c6d72c2,dd066ec6631f7a48154466e029de508be8d3f420a8f58ee3a0cfc85278ab38dd,train
raw/orange/rotten/rottenOrange (408).jpg,orange,rotten,local,v3_9583f13bf940a087be9572784e858a23,bee463fb3a91cf0256d416ee103121f39f2b3275ecc3b8bdcf1a735c80ad56e0,train
raw/orange/rotten/rottenOrange (409).jpg,orange,rotten,local,v3_e1c7142ada039b3d40b1235b5cb76106,60afbd3986466f92e0ec9ff70367bb10358e5fcd02b5a08961f6b898cd55999f,train
raw/orange/rotten/rottenOrange (41).jpg,orange,rotten,local,v3_7f28045af56051f1fc5810779302f507,07f70534d7f28c1a04d6a7e15352aab108e8e417a27d9e51c2b6a95d8e8a95c3,train
raw/orange/rotten/rottenOrange (410).jpg,orange,rotten,local,v3_d4a87fc93edabb80b85d29b8efa21060,0b81bda3b545f94b46ecc36abaa04fbb23f317f603c046ee2c220e2f68741312,val
raw/orange/rotten/rottenOrange (411).jpg,orange,rotten,local,v3_a37ede7ddb1e31127fe7168663399e2f,3cdb134121256d4207e49a38d6c91894cb8ebcfdb5497ba57d77283632ead669,val
raw/orange/rotten/rottenOrange (412).jpg,orange,rotten,local,v3_8a77c6830061cf378bd26d3ba26b7388,33951e9eeb701177bd70dd1cf3c8c83f935493b4ce2ab46718c2a4d665f16ce8,test
raw/orange/rotten/rottenOrange (413).jpg,orange,rotten,local,v3_3ca8ada12688aef085ff12bf34746f9e,0b8f38e7bc3a916e8f8a3adc7dc54fa8964ab2c1bd36d55550fcb6cbe62c3e8d,train
raw/orange/rotten/rottenOrange (414).jpg,orange,rotten,local,v3_73ba9f619977f4b88bca13d7d3fe4906,97ff45b797d59a96e9ef9f26f2a156339784b6e0a20cd56d1ed17f26e9fbdf2b,test
raw/orange/rotten/rottenOrange (415).jpg,orange,rotten,local,v3_35e0049de9f19426005c2d536361a010,30b876340c6f7df119993bbc428e5a2a3dd062d1b29ac14f6e380830b56b8c90,train
raw/orange/rotten/rottenOrange (416).jpg,orange,rotten,local,v3_7934f2dd8a78adb42af178cd42d6d20f,5760f240c3161ab5fa9027e8ded1860691eb1690aa8b493e1beb6ace60ffc4db,val
raw/orange/rotten/rottenOrange (417).jpg,orange,rotten,local,v3_d78a311a4d3c7f3234f91c1ee57fc428,9aa43bfb03d0c64c762da5fb0047f7908f074dadb6e0a9d7aa57008e4e40fea2,train
raw/orange/rotten/rottenOrange (418).jpg,orange,rotten,local,v3_d6b073ad54fa12404a3c7c0c49cf3823,f93efea4a5fbb35fbf90d76d5a68ffbe6f127253903e1044bc9a285faba84fba,train
raw/orange/rotten/rottenOrange (419).jpg,orange,rotten,local,v3_0e81b4f4ca899d75f6dbd25910cca376,99c2a55d037d99ccc614d584e5e440d96e290d6b8ac81679177e8ce06fcbe791,train
raw/orange/rotten/rottenOrange (42).jpg,orange,rotten,local,v3_ee77530f3c3c195edbc66d606bc53ade,8339100c38ed9303788ac00791596249e2beed449a923dca1293f75f521b8952,train
raw/orange/rotten/rottenOrange (420).jpg,orange,rotten,local,v3_7e78ff13c6684828bea5bf67973f4fa2,f60a0cd593d001c6ce09f5ce12835971d8186ae76d1103cd4562c7de1e0a61ec,train
raw/orange/rotten/rottenOrange (421).jpg,orange,rotten,local,v3_e24a3c157be081507a30f237ad086ad5,45d4eba99d39cce881f55d7f72c6b3a906ffc0b92d0b0f2b338a5d4806bdd81f,train
raw/orange/rotten/rottenOrange (422).jpg,orange,rotten,local,v3_873eb6e83f09864977e2b8d074fad6fb,2f676c9fa2d4097f8ba50d4ba4cd0409d0d045f2b2f6861e7731fdf171766deb,train
raw/orange/rotten/rottenOrange (423).jpg,orange,rotten,local,v3_3ba604d0332a4be28db300b4ee90a77a,14eeded7bc328762d4889fdc94d2eadb23382d53dadcd5ee84992d9d8a150482,test
raw/orange/rotten/rottenOrange (424).jpg,orange,rotten,local,v3_73d69dca9e4e66354f07f9f93c21aad4,d49215c989cad9e20e8d85992417f6d76ec9c9759f086505076fc33bd111fa85,test
raw/orange/rotten/rottenOrange (425).jpg,orange,rotten,local,v3_d1a0f8e1dd9a2250de5e730fc89d2d3e,40b5690adc018d2a375973621a096ab68b14a4c4686f1ffc3cf97b6c55ae7853,train
raw/orange/rotten/rottenOrange (426).jpg,orange,rotten,local,v3_c0b31ae1adb4f48af443919de0c5fa8a,0d5eafdc3f50f96bea0ca3b0abe0e4c377d47115b21fe1f70133fde66646840d,train
raw/orange/rotten/rottenOrange (427).jpg,orange,rotten,local,v3_2a8523aa29dbb0e47a144f0579328e61,6942c9d8d4a1cb73811d6be22b88f3aed3aac44c17b638475643a5c449597264,train
raw/orange/rotten/rottenOrange (428).jpg,orange,rotten,local,v3_c135a4bbc4138de568c0a1ebf3632aac,3887fa5341f4e2a612975516f62310339c39508a4b72fa5c30ae53f938d5d1b2,train
raw/orange/rotten/rottenOrange (429).jpg,orange,rotten,local,v3_f691fd920e0c3000850859cc83e454bb,dc7ab9a1c62357f9882bf766e79b023c69bf647158626bf06705aa54c574f02b,test
raw/orange/rotten/rottenOrange (43).jpg,orange,rotten,local,v3_57f17a5fd99e89efcf553c7f5db39f22,1a47407275740e7bf22051205a4f8cd7af1d28f21074abe51b76d7799ca54b73,train
raw/orange/rotten/rottenOrange (430).jpg,orange,rotten,local,v3_b8c5cd367f707e89a6c0ae8062b9b9d2,eed8510504843f194bba92d15edd1684d0863844b375c7ad637ec085f71b028f,train
raw/orange/rotten/rottenOrange (431).jpg,orange,rotten,local,v3_4f33f145be6a0d83256a53cfdb1f8c9b,07a1cb7e5edb5b4cbff3a0697921438db08c9f6313d1a627a7d91bea81cb8941,test
raw/orange/rotten/rottenOrange (432).jpg,orange,rotten,local,v3_3d554ac18f3f34ef5fd2ab6bca266e2b,1f1913448cd1cbbefd8ea52e44bf37a675e378d6e0f5f667b7aa23ddf1a59507,train
raw/orange/rotten/rottenOrange (433).jpg,orange,rotten,local,v3_9c107bbf6cce084930cf2a3d12bc3184,b31e19b3b941c78638f1a1f9d3c11577deca3b437b855e61c64958b68d6e4a59,test
raw/orange/rotten/rottenOrange (434).jpg,orange,rotten,local,v3_712e57baf85aac095138bbcc4b35ba79,e4507315e2d78b1adf14b69cd5e060e0ed5088f19f15130d11a30bf7b845766c,val
raw/orange/rotten/rottenOrange (435).jpg,orange,rotten,local,v3_dc3724102a1abb939403a855fb0330be,76145bdef92f92b0eb5d4dff3d7c13941d9d1eb6698af24da38a1323db98d4d3,test
raw/orange/rotten/rottenOrange (436).jpg,orange,rotten,local,v3_1ae4b6fb1bcf8c5871961fda519649fb,f59ced81e00e023c87709e5dd9205df27100f867e8240bd282726c590e73ec2e,train
raw/orange/rotten/rottenOrange (437).jpg,orange,rotten,local,v3_026513c923e2e5c27c7210c09dad75fc,c1d2c0e4703bc0cb82c5429018a0961c1c8ae45ed060b1673a76d19701e828a8,val
raw/orange/rotten/rottenOrange (438).jpg,orange,rotten,local,v3_c52951cef40bf5dd15d072fb3744031e,2d7caa0d55af12bc6fdda521dba192b3f1085965ce6d3f10526c55efc744e0f6,train
raw/orange/rotten/rottenOrange (439).jpg,orange,rotten,local,v3_a2f54f4637248d284392bbe6b075878a,22768751b47b0a669df4a9bbfe3ce2a35e5dc48f263821add279a4fb6e626817,test
raw/orange/rotten/rottenOrange (44).jpg,orange,rotten,local,v3_77ef25f4b8754c615cff287ce9edf3c7,269272bdc06d7415789f5b687cdb72b318860480adeef33509ddf0dcc4d2325f,val
raw/orange/rotten/rottenOrange (440).jpg,orange,rotten,local,v3_d53b8bb6f17696f5c4ef2b255e36d459,0c02fe8c4f63f4a3bd475794e14566402d247bb825760c5f66adb063e44f7308,train
raw/orange/rotten/rottenOrange (441).jpg,orange,rotten,local,v3_e5e8ef787a4ff211733fedf3b0287de8,21a20f6ce773df4cac87cf9b630d3af2f162dc49c5293b302c8a51e2327985ee,val
raw/orange/rotten/rottenOrange (442).jpg,orange,rotten,local,v3_e32ad3e985ca4670fc591c1455de91b0,683ddb324494c1e4b883b16883adbaf64dc042c377e3db4bd97ec12166c96148,train
raw/orange/rotten/rottenOrange (443).jpg,orange,rotten,local,v3_c659635ff082f1e72477a7f618042c74,ee7af041d5edde52a5d40bf84f44cc0ea46ea2d9c6320283011b520d2f3efdf8,val
raw/orange/rotten/rottenOrange (444).jpg,orange,rotten,local,v3_4a3c615528d172ce5404ece69b40446b,71040cea9477625c5ccda83369d9ead007a62b018b3444c5087a883e4013ca8d,val
raw/orange/rotten/rottenOrange (445).jpg,orange,rotten,local,v3_4a3c615528d172ce5404ece69b40446b,7567f3fe4d2a83827954d590d346a244695a9fb65223e1978ec558609157e5fc,val
raw/orange/rotten/rottenOrange (446).jpg,orange,rotten,local,v3_284c62bffbaf9d2d59d38f46e4b67b46,c45d1ae37440b097dfc627ad2f1131d32e83ae512297864770b00c3f761cc3a2,val
raw/orange/rotten/rottenOrange (447).jpg,orange,rotten,local,v3_e95708875f302b5e52ff75a6f87c7719,bad66d707e85d6aadf56c9ca20176950e5249ebc08cfd51f5c18679e9c1842f4,test
raw/orange/rotten/rottenOrange (448).jpg,orange,rotten,local,v3_9ce23dddfd8131469c1b5accf54ecb67,d5fdda36dd9a0eac2cef95f45e2b1d835fd79daa20e3ede3bb87929e01eaea15,test
raw/orange/rotten/rottenOrange (449).jpg,orange,rotten,local,v3_e0d62aa49f9e2e2ce89f6c6590942577,1a3f94a1a1fec8d448cfa58938124c442c02639d75ef6c5173cde05d3033f15b,train
raw/orange/rotten/rottenOrange (45).jpg,orange,rotten,local,v3_b0c3ea632ade35e5e57dd75f04227e00,eebd71166dde6ae312e31fe857da355f3f155b5e790c0a9adfc55ab729348689,train
raw/orange/rotten/rottenOrange (450).jpg,orange,rotten,local,v3_885df6c0863eea1b9147cff92f8b9731,00f14ad4942d50bb46f29c4ecf853af3204f5a98870e755786744de8b3df6e63,test
raw/orange/rotten/rottenOrange (451).jpg,orange,rotten,local,v3_cfe584f8711d27388f60fadf8e99a588,4be437fdc2e6ca07243ca996c809d1cb6828f5cf223d8321223cb9f39edf81c7,train
raw/orange/rotten/rottenOrange (452).jpg,orange,rotten,local,v3_6d119943c511538921bdd65984df172d,1e2a0a7abc44e06a968a27f9a565e9566c564ba3e994004cc45bcfafaf6155a8,train
raw/orange/rotten/rottenOrange (453).jpg,orange,rotten,local,v3_21d7fb684e54f99c5d505912f1021a85,80c4c1e2dacb54e01fa0ad7f926bcc89a7136f0e203e7ec4ab8b47ce50b55dfd,train
raw/orange/rotten/rottenOrange (454).jpg,orange,rotten,local,v3_317e474c44dabda1e6b019bb2ca832b1,c072d5e3aa914c5af00ec1e3acbc8f9cdef7388d0e1f057af4868bf85dad9aa2,train
raw/orange/rotten/rottenOrange (455).jpg,orange,rotten,local,v3_106513f6292410e85cc4d5090ad9f5de,83c93836d1af3755f6e69e93d004c88ef7e5fc42a2e3ec55444e742c15630d70,train
raw/orange/rotten/rottenOrange (456).jpg,orange,rotten,local,v3_94d6bb91c9159dc9168ec05eccff9be8,e805dbe6076e7682135a4899fc7eda23baf43a1e00415bf244b0cf30e0d97e6c,train
raw/orange/rotten/rottenOrange (457).jpg,orange,rotten,local,v3_f6884196687c0f5609cae03bf6dec211,fd0ee7fa279ded54da082fc241ddaa23a47014f9f007ca16a485f7e3b7da407f,train
raw/orange/rotten/rottenOrange (458).jpg,orange,rotten,local,v3_a525aa48b73acf4a075e6b6119c02a65,bef70a4768fc7faf3a16797b9f0574e56a3904097ca6fefd0728f6893e6c5f16,train
raw/orange/rotten/rottenOrange (459).jpg,orange,rotten,local,v3_6cef522300d38821b9d5af21c0bec4aa,fa715cd06b2d4cc4ff8d5ff44ceefc02062f4c14802c8547883e2d0d4e656119,train
raw/orange/rotten/rottenOrange (46).jpg,orange,rotten,local,v3_9ad16c830173f0e31949d3df0305c83a,e470805c9dc2fb8ea806b51cdbc672e133f61a5d5af87de716ad65fe11ad04bd,test
raw/orange/rotten/rottenOrange (460).jpg,orange,rotten,local,v3_c6dd3db43744984c8cf336d505d689ba,495c25222ccbb02f9e35223421de5a3564e9719f051eaf7dda833bac75143929,train
raw/orange/rotten/rottenOrange (461).jpg,orange,rotten,local,v3_c651f38d42a5ad88e56a222974efb2d1,545df3628a23ddb891620f49597c39e01b92a8416042eda3d23ac7da5fd78835,val
raw/orange/rotten/rottenOrange (462).jpg,orange,rotten,local,v3_8ab2018268cb6d2e90b28369d0afee50,9585f161f955e4002b05ceb9fae47f031bd955509906c973932b02e80e7ad0b9,val
raw/orange/rotten/rottenOrange (463).jpg,orange,rotten,local,v3_d7e5944d7aee4e7fe0abebdfa8da1aa0,4f84980772aaa2acf1fecd15a346ffb243a9e6d0ec5b022f759d963aa98a4a86,train
raw/orange/rotten/rottenOrange (464).jpg,orange,rotten,local,v3_8d601f91fb8f566d2fea15bd68a76ff7,f36a6c49056d600dc4b7f51122266906b12ac847db87f0ca28bafb2fb786f77f,train
raw/orange/rotten/rottenOrange (465).jpg,orange,rotten,local,v3_d7e50e67f008dfe7a107f7e95b92d69a,1d2b9d1973cb36eb8d701a5a5732132b6db097bb46bb6691d15b3d8166972f83,train
raw/orange/rotten/rottenOrange (466).jpg,orange,rotten,local,v3_4b0dcfb7764e8718ed3e47e16f546bd3,44cb8c0c5a33b23adc3f568cc2ffaa8d99d60212e8b5146fa31621c134f3eab8,val
raw/orange/rotten/rottenOrange (467).jpg,orange,rotten,local,v3_acb9545d3e528c7e29493afa3edb038f,1add3290d2f59bab659a6a0fe5c030eea32eb7df52fc6918531f462fa3ecbd2d,train
raw/orange/rotten/rottenOrange (468).jpg,orange,rotten,local,v3_6f075f9c1d4425f5c13c0999f87592b7,b84e9233d13a0151839216202402e722b1ebb4694d41f3e4ecf36eb970b71856,test
raw/orange/rotten/rottenOrange (469).jpg,orange,rotten,local,v3_a814c637a52d852520ebe402a94da96f,73de0d40b8b0c0ec3ce64fe9c0d47b44a8d2ae9968d137f9d4a149f2fcfb8084,train
raw/orange/rotten/rottenOrange (47).jpg,orange,rotten,local,v3_194f68a82107279f1dd07b8ad4e383cf,0de0bee48eb0e2a007452693ee6c9f68dcf0191b1355c178455558fbe92f1812,train
raw/orange/rotten/rottenOrange (470).jpg,orange,rotten,local,v3_9a0202b1d4f318cd4dd09195f1d350ed,0eb05fad2f98a7f62ffe0ef2740162ca98c52acfe0f759409f51708e8fb7ac44,train
raw/orange/rotten/rottenOrange (471).jpg,orange,rotten,local,v3_b5f12e4ac60e78b745c376441842270b,41fb56af98ea6de993f7f40fe978879db029b9a52e7ebbca03c205f6b874aab2,train
raw/orange/rotten/rottenOrange (472).jpg,orange,rotten,local,v3_d6c1bfcfd841d0d77fb63a47e87213ac,856d51ebe05d16124d08d43421bacfc8cd497b4985ab20bc93e0bf7f34fff722,val
raw/orange/rotten/rottenOrange (473).jpg,orange,rotten,local,v3_320e0fcb4bc4daa6e885d5d13c73ba4d,d4938f0f5173cdd9184e784a5901bcbc71f97135ddbbe6dc4d2e9191cbf0ba4e,val
raw/orange/rotten/rottenOrange (474).jpg,orange,rotten,local,v3_3e725dde4779a8816ec2c55ef9718e18,36bd0d95ffa379ec718d9f5b222d183f3b9e0320156372c5d249e5732d8bd9a3,val
raw/orange/rotten/rottenOrange (475).jpg,orange,rotten,local,v3_3ea8a4d1aaf37120cf2067467d5eff72,dae9aed3bf83d7e22b3199aee3ab5f7d60198ff0b4dafe486be8d65f3fafdb43,train
raw/orange/rotten/rottenOrange (476).jpg,orange,rotten,local,v3_7f63a8f52f97d59caa5c314092ca8807,d527f896133d26ce1ad7588cf809ac064a17cfe95719c9c5601c8512f37f5b7c,test
raw/orange/rotten/rottenOrange (477).jpg,orange,rotten,local,v3_4224ac008f9c58c29cb411ccc31cc71b,864635cc0d1e2edcc64eeda90c0a8b0f66a99ceeccd61de223e0ac6a92a6280d,val
raw/orange/rotten/rottenOrange (478).jpg,orange,rotten,local,v3_b410e631d84edbe04b8ad5372c95a4bf,71a7a4892c2e95c016281d1e7e8e531afdd6625a111d333395aa36ab27bfcb6e,train
raw/orange/rotten/rottenOrange (479).jpg,orange,rotten,local,v3_38b54e41a8b761b1a736df385d66bbfd,f1358612fef1d457a05f0f45e61d2d4a6beab0a07ee37ef0dcf746a23973ec8c,train
raw/orange/rotten/rottenOrange (48).jpg,orange,rotten,local,v3_bdd1025705f0b2fb42c15b6d3ade2d15,b4dc7e22a8ed90f383ccbadbdfda7f8901058a3cf247c94f4c3395deeba2bc1d,test
raw/orange/rotten/rottenOrange (480).jpg,orange,rotten,local,v3_52e88e8f47c96476fa8b0de55adc25a6,a5148b34efea41cfba3d0ebeb8bb3725d055343f365f7fb6b5bd8482d8904ec6,train
raw/orange/rotten/rottenOrange (481).jpg,orange,rotten,local,v3_cd59479710a2bbf1f91c73a7c4d0acf1,2bffb8814175f16b29fd51beec84617f62ae225e473ded4bb8b49f69219f309e,test
raw/orange/rotten/rottenOrange (482).jpg,orange,rotten,local,v3_c5fb2b5c774b02024ba04ce498f278c5,7c135ad80d974ecd1afea6e166c0e11703f730584cb82f9a21137d5bb4c032e6,test
raw/orange/rotten/rottenOrange (483).jpg,orange,rotten,local,v3_59f0f58737e0f1b9fcd9cbce17aa4ddc,8f7db1da88e1b96bd77a717ea672ded7888df882836206fba4dec0f1f5a63af8,train
raw/orange/rotten/rottenOrange (484).jpg,orange,rotten,local,v3_6db35d0eda71c2bec98dccc0ba7daf4c,663cfa44ce40dd703c2e0f037751183140fff8f1c681b53e26172083e371c9a6,train
raw/orange/rotten/rottenOrange (485).jpg,orange,rotten,local,v3_368cd29c6fbb658472f8ca5bd3cd00e9,87bb19300c5d6d00888fea034527137dd2e29d2b43300aaff49e2553ab54d33f,val
raw/orange/rotten/rottenOrange (486).jpg,orange,rotten,local,v3_48128197fcb90d3e41000d011614d502,4c057612a2af5468a960283128584e9ad16beb6061acbc0946bd2c83d3a247b9,val
raw/orange/rotten/rottenOrange (487).jpg,orange,rotten,local,v3_4ca5e07fec1ff843336e7a3c3dde96f9,6c4139ce72b4e9ae6a276a5ed5be542ec8532da6ff3b14fb9ad90aada8af4229,train
raw/orange/rotten/rottenOrange (488).jpg,orange,rotten,local,v3_37edce999b5c0ef0992818d7b70e7e5c,90b5d4460871a2118e3a682daf7b1cf74817db68dbda5bb6de74f74ea8734f75,train
raw/orange/rotten/rottenOrange (489).jpg,orange,rotten,local,v3_0581cf65a964da6e11d1865823b14768,1f0be7bf1bad4acbb193467447322cc6949690e55c0356c0e0229853c5815fa8,test
raw/orange/rotten/rottenOrange (49).jpg,orange,rotten,local,v3_a09a6f263fde91ecbfc8e09182097ab8,eda49407acc74d01294f40d68b622b2254cbcf005d36e4aa9db8a643d4b0099a,train
raw/orange/rotten/rottenOrange (490).jpg,orange,rotten,local,v3_c738279f6851447b4dd316b2439f4bb0,d020bc4324e1cf5c9b3833fba0aca5e85ab1a817b1744d9e5fd877a43e27f74c,test
raw/orange/rotten/rottenOrange (491).jpg,orange,rotten,local,v3_f563fd52160f2da4b006d1d402e33cd6,235730d69d918a2c324dfbe3ecfea4fb56091e42528c7259472e126b6d0543a0,test
raw/orange/rotten/rottenOrange (492).jpg,orange,rotten,local,v3_3b5ebd4df450de366be484f393bb8732,d25ad73a134ed882aefd415887700abb6ddb48ef4b585bb25b135f62b0b76505,train
raw/orange/rotten/rottenOrange (493).jpg,orange,rotten,local,v3_4760c8b14a936f4bd2ef2c58a4bbc14b,6dcfb6e73296e1ec754e5fc01fa8863823dc967951f4527a24de24d9188cdb81,train
raw/orange/rotten/rottenOrange (494).jpg,orange,rotten,local,v3_bb55c112f41e01351713d6e908256a75,a5cfe040e5850677543e6f6db355e470b8e19871b271e13e08e7c1882ace2f21,train
raw/orange/rotten/rottenOrange (495).jpg,orange,rotten,local,v3_2eb6e91c01a0583741193daf1c2ac0b1,56975f19c41379c52814f4c11c7118aac36a11564f729c2152e188a639e09dc0,train
raw/orange/rotten/rottenOrange (496).jpg,orange,rotten,local,v3_a72eea7fce979d4d90aeba6f9cebf6ca,5b48f753e69199ccfa795b24504f0fabcd6ac5941e76dc0901b19e4346cb6235,val
raw/orange/rotten/rottenOrange (497).jpg,orange,rotten,local,v3_80072b4edf0db9c33b0d0eafdc335c7f,2d93689ef178bf9a554082919f303bf50ddc77b5de0cd87afc450697097dc748,train
raw/orange/rotten/rottenOrange (498).jpg,orange,rotten,local,v3_b1709bc5788ba7affb4886ea5f5f2257,e16c5323b7f955999b2495ca5df28796e3b331e204233426937e4ba97b1cac34,train
raw/orange/rotten/rottenOrange (499).jpg,orange,rotten,local,v3_bed336b5c330c5fdb2ed4639798aa6b6,f093a4e68de5639161cc6af9381b3c984954737b49d98ea03700c6b073bd066d,train
raw/orange/rotten/rottenOrange (5).jpg,orange,rotten,local,v3_f09966ba6dcac76f1d3a1a8e1f0b46a0,db1d21925d9ca0b24b53ed1ab745bd313af530ae1c7aa988e64ceccc3adafcbe,train
raw/orange/rotten/rottenOrange (50).jpg,orange,rotten,local,v3_0c1578d17c8d9a3ff931819573258b10,d11403b625bc34a267b4390813eea80b1b03c3d5c8eb1d4700e83837d0d87c2c,test
raw/orange/rotten/rottenOrange (500).jpg,orange,rotten,local,v3_441fd38b04ca0bc2972ea4600fb76ebf,85e4576812f2837e514b2b2ae55eac38e0ba9e3c4b9120111161b27d7d55d56b,train
raw/orange/rotten/rottenOrange (501).jpg,orange,rotten,local,v3_c57f0a7798cfc2c6bf30f230df3f22f2,be4843e0ee6225ded1b01afd93c0d41527737524872ce0614337da964c97ccad,train
raw/orange/rotten/rottenOrange (502).jpg,orange,rotten,local,v3_d3194b0460bda004964f77858da9469f,89ded6f264ab92221316ecdaac6f58cefdee83c8173a5c8ce8f7ecd9d15791c5,val
raw/orange/rotten/rottenOrange (503).jpg,orange,rotten,local,v3_ce9bef93a4386131fee2d3812eb2fdea,db4076a8967952e80a1e5367c6c9f6041359f138ae791387562eb0d753ac94de,val
raw/orange/rotten/rottenOrange (504).jpg,orange,rotten,local,v3_50a8e6e163214afad3951b72b3848745,1ec6ba1aa431bc88190e3de64a6e7ce90baff0ea3d6d7d3abb45e2590e0daa3d,test
raw/orange/rotten/rottenOrange (505).jpg,orange,rotten,local,v3_d64e5f9220032f07b57bb5017c276d89,cf715f26349bd5b79401d7191b857ca096aa2f36450d3f329364ac034494055a,train
raw/orange/rotten/rottenOrange (506).jpg,orange,rotten,local,v3_535c17ad5a56da7f3cbcd095c0a6791b,00231087173e1a73cd239323ccef21417b70878491f5b580dc4aea4cd2285507,train
raw/orange/rotten/rottenOrange (507).jpg,orange,rotten,local,v3_556d957f514cb9ac77c05441b92a8581,005a7fa329d6ad828466fadc86d9b1ef2d561be183473f42aed2a284ca87c820,train
raw/orange/rotten/rottenOrange (508).jpg,orange,rotten,local,v3_46f2f68f0a9aa874049e00349df43042,f1b35185ddff6b941da58d20bdc087d0ed16f59dbb158ee2854ea6eb9a2cd543,test
raw/orange/rotten/rottenOrange (509).jpg,orange,rotten,local,v3_c1866d923d2161377089eba2af9c291e,418b727d9a1e1c600acd5aa3899353274c28500f2e72b301d8be74d087111b17,train
raw/orange/rotten/rottenOrange (51).jpg,orange,rotten,local,v3_19400fff05323ac37b53900a904eaa89,72ca0f9758877bb11aa8924b636f48e6475f0052563dd740abbd89c4a96a99aa,train
raw/orange/rotten/rottenOrange (510).jpg,orange,rotten,local,v3_7cc149c47fbc5be432b68324516693dc,c2f0f15dc70d17382ca1891b36d2d4b2ce843d4233d2c158d412e56b2ecd1e35,train
raw/orange/rotten/rottenOrange (511).jpg,orange,rotten,local,v3_d16a0db5d728660f9f089d4c57d086b0,8759ac2185ae18cd9a6e7998f48444867cb15f99789a8d0c345c648c38a5c72b,train
raw/orange/rotten/rottenOrange (512).jpg,orange,rotten,local,v3_5a31f1f063588dcb3a09168a4cb36128,386da2e21edeb85960d46c775f99c0970ad3fa3ec50f7ef3fca10674ff5d5028,train
raw/orange/rotten/rottenOrange (513).jpg,orange,rotten,local,v3_6a1e31c4f732407e1af378ff45b0045b,30729558f6d749a9612b7edc20df56bfe78c476ed0d8d2a71234530e6ade5a93,test
raw/orange/rotten/rottenOrange (514).jpg,orange,rotten,local,v3_6824d842ef16fad91fb2b5397979ad9e,ef663bc2deb5b2c5d51db84fbc10a37516f8903fc5c773a6e73f6449ad6f3659,test
raw/orange/rotten/rottenOrange (515).jpg,orange,rotten,local,v3_33da25910b532434bca727ddd5995e9e,29bfe87140628759e306bfb308844b38a44e3d698852e7258e7ffb647d7d6574,test
raw/orange/rotten/rottenOrange (516).jpg,orange,rotten,local,v3_fd872c1db7b1ac67fb926a3a4afd7013,00f7301f7a8c85b5814080927fd5a9b5a023b9aa1e3565e93a327a75d24bfecb,val
raw/orange/rotten/rottenOrange (517).jpg,orange,rotten,local,v3_e484e57eddecf2ab59ebc0748511500b,19fb02047efc7cf3e8a728581edd0c44d44ddc8fc6ee3bd62696741b38b743c2,train
raw/orange/rotten/rottenOrange (518).jpg,orange,rotten,local,v3_e484e57eddecf2ab59ebc0748511500b,4251ee88ef41a3660c81ec08eb1d4a58b723ce8f1f279f995a3a10840f1abf2e,train
raw/orange/rotten/rottenOrange (519).jpg,orange,rotten,local,v3_df0c5098f5488a27b7d2265493d29098,ffb0b978cf9473457fd89a3a6392d44c7ea0c82df9a9375803602f8f4cac65ef,train
raw/orange/rotten/rottenOrange (52).jpg,orange,rotten,local,v3_776d13a9f120ce43968923d91d3a4379,95ca16a4ffa68d4b882daeae4fd9d1f0f4f9f275378a8d95a6f31b93d42ab33c,val
raw/orange/rotten/rottenOrange (520).jpg,orange,rotten,local,v3_4411d90db50c58299889e0b2ab2ef554,cf2b42d0026a278dbe59c9cff14ef7fc0b7e5188fff6dcc8adf4ebd5f30a13e0,train
raw/orange/rotten/rottenOrange (521).jpg,orange,rotten,local,v3_8c879e1aa491f1fcc70881fc4fb60e44,603ab7450b4cb4176da452142c29d968b929572b911cf9cd56657651f30bf098,test
raw/orange/rotten/rottenOrange (522).jpg,orange,rotten,local,v3_cac1a09226b57d7fd86cc84ab1e02709,b1140d08f8a89feba2d1c888d308417e81e76e5e3cf148fcdf3b6c93f07492e1,train
raw/orange/rotten/rottenOrange (523).jpg,orange,rotten,local,v3_19934e6f38ae64dc5b632ab77be644b9,abfe1275ec52fd0a70e75afd8aac8597211539c2fdf8105cbe11a05f621301ba,train
raw/orange/rotten/rottenOrange (524).jpg,orange,rotten,local,v3_68ae477c94a0c3de513106b43c6968eb,9393ed778ff0ed64d0ca8269da583993c57ff446f1d6afa69ee321bf0f68771d,train
raw/orange/rotten/rottenOrange (525).jpg,orange,rotten,local,v3_3a64da2761e8e4a68bbb2c86edba1828,31911b89930611474539143d024f7162a29c4e2a612b68e22eb965208e5a00d9,train
raw/orange/rotten/rottenOrange (526).jpg,orange,rotten,local,v3_b0d247a58ffbd576c7d47d37147a4ead,6564372d7e0be1d980a3c795082c9fa69d94240a1bba1cc34704d1b341955b42,train
raw/orange/rotten/rottenOrange (527).jpg,orange,rotten,local,v3_b7ef35e4101c396994d23abe80a85ca1,76ec37a5b868a9a9ed72ab77e9a020b463b9f469687c166105d843c8a47f4420,train
raw/orange/rotten/rottenOrange (528).jpg,orange,rotten,local,v3_3cc51355ec8c110352921463e4192457,d35904d7f3066f9667fb247aa367bd79adc04fe707fd70971f79a10204afebae,val
raw/orange/rotten/rottenOrange (529).jpg,orange,rotten,local,v3_f279db5dceadc11e63e92b621a8a0af6,df5469a077478d3f95361fdc238963e10e18db002c2425fe504cdf309492d333,train
raw/orange/rotten/rottenOrange (53).jpg,orange,rotten,local,v3_73e6e936a4054c5c3ba299f68182d348,3dd850b78fb389a713a020ab9a5ddd05f538c8776f0133b6765e71bd0fa916c5,train
raw/orange/rotten/rottenOrange (530).jpg,orange,rotten,local,v3_d52c7eb93767b215881f8bfe1ef67451,cefa06812f911a41116769faf015092b669e6012f5d8528ed5f3209cfa7ea96e,train
raw/orange/rotten/rottenOrange (531).jpg,orange,rotten,local,v3_5cb6bd9b550a7057548cdad040108ce6,2ed860c58d6060b5097aa72ccbffa0e129f307d30ee72d480177471f03f712b1,test
raw/orange/rotten/rottenOrange (532).jpg,orange,rotten,local,v3_336dbe4625da5ad5b15d097bb7269ae6,f035fac432c41ac8f289db73e8bc84dca98273420ebf1b9ca00be977fb6aff77,train
raw/orange/rotten/rottenOrange (533).jpg,orange,rotten,local,v3_d02a4a8129ba4ecbbbec72bb535f616d,27199894e1418ce4fd586e2c5e38e407850c3264346533966850d862d9e2f545,train
raw/orange/rotten/rottenOrange (534).jpg,orange,rotten,local,v3_17d76dbcafd4bef2487e2a7ba17c15e8,f707ca85966f4be187fb2f15f8985f0fcd7ce37a56c2b9559b0ad94f9edd7c87,val
raw/orange/rotten/rottenOrange (535).jpg,orange,rotten,local,v3_c6c9182ead99b3f951d827d607546d77,766a2d41d6dc815517b5791e87e962995d0445c8fea6eba7950a6efd526bd9c3,val
raw/orange/rotten/rottenOrange (536).jpg,orange,rotten,local,v3_378af0eb3b04f4b74a35b94664e21075,eee2f2f9c301d99382a50d55a2b0bad9acab0720f4ccb8bb0a27609ada99acda,train
raw/orange/rotten/rottenOrange (537).jpg,orange,rotten,local,v3_c2d559db6f114855427269a9919dc663,9764e58465b9ec45cfa6c0344c8be9d2cac7624ecd950c97c69895ac61bf3a27,train
raw/orange/rotten/rottenOrange (538).jpg,orange,rotten,local,v3_c5d4888cc2faeed1b58cfb5fd7a83eb7,c5b946c51b9bc363da508dec0ec7851be842cf198151e159133700c618e3cea3,val
raw/orange/rotten/rottenOrange (539).jpg,orange,rotten,local,v3_c07ae47abd57fb65cc2ca4a0a1210e8e,74b5752f66d1b9ca987caaf271613bb64e0394b54dd930782953fa96a69a7b4f,test
raw/orange/rotten/rottenOrange (54).jpg,orange,rotten,local,v3_7879065d7f3855c2934c6b7013176eb0,a54b2ab8b4c7cd8fc530224da3dde8696f435e19d448bc14289a3537a6d42c30,train
raw/orange/rotten/rottenOrange (540).jpg,orange,rotten,local,v3_44b6aaa85b1d7ea8a83b04740e6746a2,e86e55e403a1ffd57f2ee412ba0a557df8f9fadb48cb984d9ee9c4e27e884a9c,train
raw/orange/rotten/rottenOrange (541).jpg,orange,rotten,local,v3_85f410061f091c6d90ba5ac2e81ca5a8,243f9e49974a4130636008ad877ecd3833f55afbcddd50d53c0eae42f0f4daa0,train
raw/orange/rotten/rottenOrange (542).jpg,orange,rotten,local,v3_017c8583e6d231eeb07895c4697f6230,4410c1040f0674213a3dea13907995f8b5394bb2a93db165512de17697b62665,train
raw/orange/rotten/rottenOrange (543).jpg,orange,rotten,local,v3_b4e9fea9bd315a0da5be567c44f9ab0c,adea649994577953d050a04e7c67c45ed2f7624e89e9b5197265b43b420cf7cb,val
raw/orange/rotten/rottenOrange (544).jpg,orange,rotten,local,v3_bc984ca0a7c6dacf238599e572f7f339,9c0c163919ec729ac58663e350afbebd65440b5fb229e9f0ac2b5a6dea8ce817,train
raw/orange/rotten/rottenOrange (545).jpg,orange,rotten,local,v3_6f80064746e52c8c12695ad954d87720,8e102a4120376f5d9689d17f3a07f657b0e6c015374bc2d31e44f1c08779f84c,train
raw/orange/rotten/rottenOrange (546).jpg,orange,rotten,local,v3_2a1f66ac5ef997bc7a3bba365b5ae054,386cc2567382bc5a9d1bf6ea16cf3f328327f1c4a79819287759e6f80f375624,test
raw/orange/rotten/rottenOrange (547).jpg,orange,rotten,local,v3_c77cd05afddf2987065138b223f0f4e2,19d42fbdf069d29eb655f212a9edfcdae3e03c8f05fd085216bf2f7d5a22e9a9,train
raw/orange/rotten/rottenOrange (548).jpg,orange,rotten,local,v3_53366306c36d421e81cb2f40ae70fc2a,f719f9f643028e5a71492c0435f440a3bacedcbfeff2e505728aba7a3ded9224,train
raw/orange/rotten/rottenOrange (549).jpg,orange,rotten,local,v3_5bf9733e428147d810ac14deb3d6265c,0a53a4438c56237924df00f9eda1d11795e32ba73b79793e7ca4547077b22df5,train
raw/orange/rotten/rottenOrange (55).jpg,orange,rotten,local,v3_e5226473c4ec1d250dca8921af4c80d1,4842c995d58607e2dae7e2b388689b3e8d15c8f247ab193aa3852f293100b1f3,train
raw/orange/rotten/rottenOrange (550).jpg,orange,rotten,local,v3_6de275233ed4d5d6134c904b4a1553c4,f98e5200dd0c3f713be3079b0a8b525231ec5b0240958e4fbd6178267fda7661,val
raw/orange/rotten/rottenOrange (551).jpg,orange,rotten,local,v3_bbe7deebd481c3a616107b06616f57f8,e492867b2b211b59be5c7df14b092ddba2b8b31dc1aad3f6243f5cf3eb7c54ff,train
raw/orange/rotten/rottenOrange (552).jpg,orange,rotten,local,v3_cd3007e1ddceaee77556f963f02489b7,437cf271ad079dd87141faff788afde93e64a68f78859747e2ea911003bf46a4,train
raw/orange/rotten/rottenOrange (553).jpg,orange,rotten,local,v3_de5c9e1d16e87081a7755ef22be0aedc,88c966d7aff3adeb9bb1d768ac9d6be4ae0505a33128f0b56d0bd357dae4c8b5,val
raw/orange/rotten/rottenOrange (554).jpg,orange,rotten,local,v3_ed5be4b5ead33a0a221a9158be8a9e1e,fa8b573f0c4c7ba2dda5319a689e22391b5366efa8fd8ea5dfd381b821cf65e8,train
raw/orange/rotten/rottenOrange (555).jpg,orange,rotten,local,v3_c0ba203c5465dd7ae3fc8629b53eef8b,2b38a3ed9672f45ff8d95e70f8635d57c57c267ff3c9a3deed073a1df6a037ce,val
raw/orange/rotten/rottenOrange (556).jpg,orange,rotten,local,v3_38597a121fb64ccb8df98ae3464da859,882869718a562516b32fbe0ebd51687f7468fda1d02eaf3acdf069f5871b7792,train
raw/orange/rotten/rottenOrange (557).jpg,orange,rotten,local,v3_08b1f2bcec3bc0c13cdea39ad81e4e71,52fb0b20ef91f43bd330c1a91c4845f62ac763a96d031840ff251e24f94360a3,train
raw/orange/rotten/rottenOrange (558).jpg,orange,rotten,local,v3_268d4d1067fcd5970e6f928a66595130,07184b1ed6d026d7d454a9d72b59e35e1c8970fedc57d55296369e51b42118a4,train
raw/orange/rotten/rottenOrange (559).jpg,orange,rotten,local,v3_bf3f3f37f1e645f83c13bca21a29c81b,4fba3404fb814dc5411f9b7895fb88502b61b4bbf0e48dc67c6d5b5b2782fe6b,val
raw/orange/rotten/rottenOrange (56).jpg,orange,rotten,local,v3_56e80db2ef32f5b33b9c8dc3f3cc3842,37a5aa2fb4cf70b7e3ca9ab26051745f4251316737f4c30e6019886f8252ee60,train
raw/orange/rotten/rottenOrange (560).jpg,orange,rotten,local,v3_51cf786f4a031bf8f7f86cce158165fe,7c611a2e4ec7f6ebe737479a550bd90e6a94ce86d22853237642776205bb0800,train
raw/orange/rotten/rottenOrange (561).jpg,orange,rotten,local,v3_897460df8173927c32adf43889bd20a6,410d5fd5a7f26af058168d21a7e603ae509778bae6b57ebaf4d8f0a7cdffcad3,val
raw/orange/rotten/rottenOrange (562).jpg,orange,rotten,local,v3_a935b6cc27a5147ec09dd1f2686ae6f6,b572b04392a5be0a0923e4ae618f21c8c6198431819c91afa62bdb5fae7c9ed5,train
raw/orange/rotten/rottenOrange (563).jpg,orange,rotten,local,v3_b41c0dc9ef9f477c6914be5df4f2d2e1,2c261a826d5d397b2b86ba5a983bd0e8c2b5b43c52b85ba45c398896e1a54080,train
raw/orange/rotten/rottenOrange (564).jpg,orange,rotten,local,v3_f7195aeee7cbe93d9e9d5e5d4ba548e7,68c76e990d65ba94ad2244f8c454c98fefee839a61bb52008353155a0f964e6e,train
raw/orange/rotten/rottenOrange (565).jpg,orange,rotten,local,v3_9148ab12b2479be2350c8345e303215d,e97b6839f412161f30b44391683a13cb9783abe8126ff2a0603f121ff8be7d1d,test
raw/orange/rotten/rottenOrange (566).jpg,orange,rotten,local,v3_9148ab12b2479be2350c8345e303215d,2ba401c03efaed970b7bd5578f28ed480b8eaa3be1e4831c0aec9717a1bbd2ad,test
raw/orange/rotten/rottenOrange (567).jpg,orange,rotten,local,v3_5924237c1d9c8eabc10bfba073b03f7f,18431561b0c9b2555d0d525fbefaadebc15afc3dfa29ead81c7ff64477dfffe8,train
raw/orange/rotten/rottenOrange (568).jpg,orange,rotten,local,v3_7d859fe2baa431df0ca5403ca7982d1c,09504c74759f07eb8c4a232792fcc769d04f74288a3c65aaa9194ca591ef24de,train
raw/orange/rotten/rottenOrange (569).jpg,orange,rotten,local,v3_d5bd60e564f2f336ce8d2c765047f4d6,2ae6362c5aa327f10de7492170edec6ca97d884c187b83c459d1911a943943ba,train
raw/orange/rotten/rottenOrange (57).jpg,orange,rotten,local,v3_96538e35463a361e1f3d648ffa344b2d,b6c23c4e79db77b04a3c67e504122be788f9b90092b1bacca42cedd6b717f09f,val
raw/orange/rotten/rottenOrange (570).jpg,orange,rotten,local,v3_2c63784f0d9c3317c12bdb029a470bbc,0ae3be6d2ca1dbb3abb05b631d97f6c3b44e3f5ba7a7f322c3085cf69bf11db2,train
raw/orange/rotten/rottenOrange (571).jpg,orange,rotten,local,v3_3a3e7eac1ad354e9dcc0b8ea9c370882,7e7c12b8ff8cca456eed7728607c902e6fdb105a9d67ce3eb81114ab7ea0ce15,train
raw/orange/rotten/rottenOrange (572).jpg,orange,rotten,local,v3_394baa788941ffa9ebcc5025de21a5b9,7d76544ae2275c7e8851c045362059807a37056f31f8c544e8e1a6900379f05c,test
raw/orange/rotten/rottenOrange (573).jpg,orange,rotten,local,v3_f2bf3486fef638f0a58471d49ef773de,910ba2dfda93e9c2947006d73d159f7db7fee19ee3ab6c96b8d3e505c900f571,train
raw/orange/rotten/rottenOrange (574).jpg,orange,rotten,local,v3_8db85d4d4bf8be76554ea3d930d5f6bb,9168debb9b4b7a25fa6b07fef5f8022f2c067205c87b5282b142ef66f76e7bc3,train
raw/orange/rotten/rottenOrange (575).jpg,orange,rotten,local,v3_d63ff52ab913b6bf53eb3755fb036ef9,16000e1b2a2160799b3a92160b1e4b515070f0b72ee87095cc88e2f54349ece7,val
raw/orange/rotten/rottenOrange (576).jpg,orange,rotten,local,v3_09e150e3cf964e584cf314fbb771cc6e,bc5c8d8bb084bbfdf0bc2c29e1e3edff6253661635daa517387bf59ce7c9484f,val
raw/orange/rotten/rottenOrange (577).jpg,orange,rotten,local,v3_9a69b1acb54f008ec413b8803f675be3,3f719aea3f199ffb708839fe7293e207b729956019bcbc56ce14308fbe5d5f1d,train
raw/orange/rotten/rottenOrange (578).jpg,orange,rotten,local,v3_022f6d06196bd965dd3d6893232381ee,b37d1eb3d53b8897ec9bdfe9ebf4d7e996b97e9ce1d970aa9f0e8b5f0cc5c4cc,test
raw/orange/rotten/rottenOrange (579).jpg,orange,rotten,local,v3_2cbe794f0cfa7dff183c3d4b7693f7df,7c833274626b25d12e90efca65509dc052b97308d70d7aaf38f33c7a81aaa250,test
raw/orange/rotten/rottenOrange (58).jpg,orange,rotten,local,v3_bf843ae507df13d05dc19ade3cf47e22,0b338ec57b0f18bd04836e83d559b349045562c3fee516b19a8de9c330d8fd44,train
raw/orange/rotten/rottenOrange (580).jpg,orange,rotten,local,v3_aa49e62230d8d08b25b2111c05486b6b,72f9a191863201bc788c4484a44d5c202f0e384d121c9d414bf144acbf36bebf,train
raw/orange/rotten/rottenOrange (581).jpg,orange,rotten,local,v3_430a966f166cbe38584f7178df13b2f3,69d4220780320d353ec6d13889d5b7f2a367bbc8a74c62c1db8cb98160c117af,test
raw/orange/rotten/rottenOrange (582).jpg,orange,rotten,local,v3_de39e88c82aacff18fcda59bb1cd9f46,2da59c050316f939682efa2d0dbb5e50b5293613b9d5ab9031bcb466aad68b49,test
raw/orange/rotten/rottenOrange (583).jpg,orange,rotten,local,v3_76f8214a8756266bef44c90b2336025e,d227929d5ff98fae96201f7db3ec55bc2f5e7121d2eaada7a053162a04013c2f,val
raw/orange/rotten/rottenOrange (584).jpg,orange,rotten,local,v3_28789c0fd4f1882e9a4679703f1d94b4,815b6089e601ca2d239234a8c4edefe9edf4973985724d1a77e9daddeda84d44,train
raw/orange/rotten/rottenOrange (585).jpg,orange,rotten,local,v3_6b23a4308b1ecbfcc6a576921c4259b5,0368f72c4668cf4ab2b4bd399fbb4f10a986b45aae0468aaa348c97375e6a403,train
raw/orange/rotten/rottenOrange (586).jpg,orange,rotten,local,v3_5102a3655a59fce65cfdd325108509c5,a7e885b990055f55ae18b1da945767121f948f840e32bcf1438693edfb097ef8,val
raw/orange/rotten/rottenOrange (587).jpg,orange,rotten,local,v3_730b5a1f6072607692bd0a32c72cc27f,6131da2420c20cd7dddffdc8cbd22eca23c8f8427a0d8322e96408233509affe,train
raw/orange/rotten/rottenOrange (588).jpg,orange,rotten,local,v3_8068932386ac90d5124f5e447fbb21ff,aac7f02c8235cc94268d0ba3340b80af3b193fd246cc9923829e3b1e7fa0cc70,train
raw/orange/rotten/rottenOrange (589).jpg,orange,rotten,local,v3_e36bff3163ff0db594fa91bb153c1e25,2a0be09d0d360842d31d0c5bb94b9050b379d39f4bd3611915488f9ad44a5b6b,val
raw/orange/rotten/rottenOrange (59).jpg,orange,rotten,local,v3_499f3e9243f8e063bfd2066bd70f4981,08d516b16ae216a90c8461b919d340f769d95f2e0c77308dd550f5dedf8f580d,test
raw/orange/rotten/rottenOrange (590).jpg,orange,rotten,local,v3_5ae89e9be4fd5666074f39f1d0a69c3e,d827e26e178bf4ed9bc4dce9d807a260dcddfb92e828ab715396fbe98c502b82,train
raw/orange/rotten/rottenOrange (591).jpg,orange,rotten,local,v3_3b974aef7d8ce65f068b529c0fed709d,1c4a3803f2ddfe57c91c911e2dd9bded8dc29c8530886e45d57ebb87e0083e85,train
raw/orange/rotten/rottenOrange (6).jpg,orange,rotten,local,v3_11f3c922392512dfbc96c0f9fd7876a2,50a02a9824477a649d47e4cd1120c5bc318efb5ad9c9c0a10ed3af355697ca64,test
raw/orange/rotten/rottenOrange (60).jpg,orange,rotten,local,v3_357e400bad7d239afbaa8def6007c5bb,09343981882b6333813af81d0ce05180e009d93128d1466af9c94bd6c9eba003,train
raw/orange/rotten/rottenOrange (61).jpg,orange,rotten,local,v3_ac3c45f24d787d280338bc0d4b7d7f47,6d23655bd1fb64bafb8effd2517e59a9ee1e4872a7d5eae56bd6e41a591c377e,train
raw/orange/rotten/rottenOrange (62).jpg,orange,rotten,local,v3_6c17efbbde4146b6a1b5fe7d968e9103,2ad15b3796ebb46add868dca6ef3184f309fdb61f3e94c725ac0d47d31488a1d,train
raw/orange/rotten/rottenOrange (63).jpg,orange,rotten,local,v3_968080237f73a2d42e86096dc6fb9bc7,6efd4c7fe9b7e84894f8dbface8e2e1e24ae3d11ab3e591eb12f0ef543c1ed43,train
raw/orange/rotten/rottenOrange (64).jpg,orange,rotten,local,v3_127a9ffff4cc65e2f001ce8feed5ad39,875bacc3b3dc904a616df1b3a138b9088af9a20bd2d78fbc91010c0928c9f6ba,test
raw/orange/rotten/rottenOrange (65).jpg,orange,rotten,local,v3_0105e20bb5b193052909435837db822d,ba7354431b27d1ab4c015caa52410f932d1cad72cc86000d98ef16e234d74409,train
raw/orange/rotten/rottenOrange (66).jpg,orange,rotten,local,v3_f3455ec170f58e0fe1b6367e6c8a243d,61d3b92faef87cc7a91e4e067e3ebabd0ce23dcbc9c634b62b21b5cb16c9dd14,train
raw/orange/rotten/rottenOrange (67).jpg,orange,rotten,local,v3_32dea02596ac04d7da3ee532c3de55dc,906ede4ef8331609ff88113bcb54e7964fa09789ca0b8838c985c11e38345511,train
raw/orange/rotten/rottenOrange (68).jpg,orange,rotten,local,v3_5ec1149175b90e1173ace71cc9b62dcf,3953d2d08614fefd7e9c69fb256a3c194ddf0f591a39d1cde780463e775e790b,train
raw/orange/rotten/rottenOrange (69).jpg,orange,rotten,local,v3_e40aae6b496ff351e00f1cfb5cc2f136,c306d3ffcdd7aba899ac4dcc8521d91e50ac0793d0cf99d18331ee4d1ab3f452,train
raw/orange/rotten/rottenOrange (7).jpg,orange,rotten,local,v3_7fa50e8dfa58aebe6941e36f7ff32f38,55abbc9540557d91eea2714cce442405b91d2b5117a612232f2df7c457eb54f1,val
raw/orange/rotten/rottenOrange (70).jpg,orange,rotten,local,v3_eecdd9e83758563ce53aeee1e8967909,91ec716d1c073dc54685a60a2549ff998423105ea83cc78875835c8beb551070,train
raw/orange/rotten/rottenOrange (71).jpg,orange,rotten,local,v3_dba3b0786eea543ad4a33ec1d697c2b9,0ec8c0bc698648a8efddc88280b44efd9a3c39010e5fbfd5a0a137daef782584,train
raw/orange/rotten/rottenOrange (72).jpg,orange,rotten,local,v3_b82108bc9e0cdef0a709fbba69011aa2,1be1c6598fdde4fb25c608ad12f3c45d10d608a4db3d808ae964e02475e71373,train
raw/orange/rotten/rottenOrange (73).jpg,orange,rotten,local,v3_a555b8b3c9bfa2f480ff6369922a1b3a,a81646e601228ebdf28264c643d39cd1e2d8f6b167f256a77b9ad1f8e5f2c67a,val
raw/orange/rotten/rottenOrange (74).jpg,orange,rotten,local,v3_68737580eb74ec5954194270d4c23c52,285d962350785e73b5e125f0d1baeb5123e36cbddea137db1134f0902f6fe198,train
raw/orange/rotten/rottenOrange (75).jpg,orange,rotten,local,v3_59e6f593e1d8893042234dbed83748e2,053f8a915044a95985111a6b79adf310c90b131bf7ad2e07cfd12e81e0b9b8ca,train
raw/orange/rotten/rottenOrange (76).jpg,orange,rotten,local,v3_a27aad295c335902cbbcf2346f83b4d6,ceba4d537c0808c352f6d4f2069e40f8b6b69f969584a007cd9fa484bfe349f8,test
raw/orange/rotten/rottenOrange (77).jpg,orange,rotten,local,v3_f1ce2fef1ece0f0cc72a8105e56e1528,fac8e913695635b304694ed645ff655a38f1ebeced568d0ea8bfd2d199dde089,test
raw/orange/rotten/rottenOrange (78).jpg,orange,rotten,local,v3_ae5d882b6f97a5e6861edb9a78a6026b,19b8dc3fc7d420b9fd018b8563948156a1d777e868e82ab34ad15583fbe16812,val
raw/orange/rotten/rottenOrange (79).jpg,orange,rotten,local,v3_f1ce2fef1ece0f0cc72a8105e56e1528,dee18a69fed0dac76fb26c726f8647eb921d604f5d15f5d4d1723ba52d41c580,test
raw/orange/rotten/rottenOrange (8).jpg,orange,rotten,local,v3_c63d03ac9757314578e748b22a83a30f,e4ecae51b775532e4986d8b528bd46418308ee42012c1cef4ece7beb07e6ffaf,train
raw/orange/rotten/rottenOrange (80).jpg,orange,rotten,local,v3_35a7125240b059ac374b7aa76ef9084d,b6c048a05a80eea318e5eb569f15debb7421c262fa96e21c14e1762c8df145fe,train
raw/orange/rotten/rottenOrange (81).jpg,orange,rotten,local,v3_70d102c09365c7524975b823d55f9532,0dfff4ffe1bc5f79eef957b9b0b65944c5d895d1809ab8223e64fb2cc00744ba,val
raw/orange/rotten/rottenOrange (82).jpg,orange,rotten,local,v3_ccf7b4c63d0d5894af84e7389c316231,611e114fe9f771459a040e325ba977d67f4c60d167b45c2162d4c91ef72208e2,train
raw/orange/rotten/rottenOrange (83).jpg,orange,rotten,local,v3_0d30bfe1c734d19e3a0925fd62c45ce3,3971ac7357ed9925fddc20d429531277f812085fa7b3ac22645782b153d8bad5,train
raw/orange/rotten/rottenOrange (84).jpg,orange,rotten,local,v3_1f5b858add0aaaf43d60f60da417eb90,b04318497e34743a845114387df8d5be09832235ac1df5d888897881ecbfcff4,train
raw/orange/rotten/rottenOrange (85).jpg,orange,rotten,local,v3_339e06a75b0d29ef0fe08b03a1c7f862,91445eac1e87f14b669c53588c45b086f5816b4440ea196a456ea082d13d8ab4,train
raw/orange/rotten/rottenOrange (86).jpg,orange,rotten,local,v3_31e3979418b45071f86a36663d5aa40f,6b93ad7e14022da3fffc02a2d8fa8d1302b5f7c2a7fb0522a49d3db7f8a5c423,train
raw/orange/rotten/rottenOrange (87).jpg,orange,rotten,local,v3_2ae02d61a2cd9bcf7119c408e6ce7e78,25e4617b4211c258a8e98ef05b24a093f9aca660c3cb3310f67e77fbe8d8e6e3,test
raw/orange/rotten/rottenOrange (88).jpg,orange,rotten,local,v3_20438167688247d79734e01c7006840c,3e092b8d007253b56df6bca596aa01aea78ee2d9d1dad78158be4b8e2d1c0c6b,val
raw/orange/rotten/rottenOrange (89).jpg,orange,rotten,local,v3_25f96d47c74df0bf9551385002a5f6fe,a6e420cf4d5679845b70bfd250ae6ab0c662aefc5ab53dda95f5212897f75c33,test
raw/orange/rotten/rottenOrange (9).jpg,orange,rotten,local,v3_7a52b55311f17624cd93fda679ca28d9,7b28c0935ee833cde83d5b7fa92ea83007cc62c319a703fc1bd915f91c9cb73e,train
raw/orange/rotten/rottenOrange (90).jpg,orange,rotten,local,v3_78950d06a0b9f9551d5a0645b9f94b51,5e1921131d0efc1851d6277ec890f286a7552e429a3ae42673f2f46f4fb26921,train
raw/orange/rotten/rottenOrange (91).jpg,orange,rotten,local,v3_9f136dfe6fa1d9db6373e96af6b65436,54522afd6ab4e5e3c62c2d666e4f9c2f08bd88b3b3cb394ddb479f42da6b4b4d,train
raw/orange/rotten/rottenOrange (92).jpg,orange,rotten,local,v3_84290235aa5acc236b08af5d63cd6577,1f4fe19bbdd80afe9f5e99292dc1c62ce1137e3e44eaba1c11b50a5e21e3a68e,train
raw/orange/rotten/rottenOrange (93).jpg,orange,rotten,local,v3_6a217ab8861b8f663482cad4df036bda,7061efba94ec6146a8b874cee99dbff81d586b13e2e9fc5a9eb5e25fabd916b9,train
raw/orange/rotten/rottenOrange (94).jpg,orange,rotten,local,v3_aa5d3daf2e538480bb6202734090d52b,66f1ee3b8d6ea8005fc1af0c175b7c50e981425b72562f2cb4feda00829a4cd6,test
raw/orange/rotten/rottenOrange (95).jpg,orange,rotten,local,v3_0dc1fea75bab236766c0a6066c38c082,1020129f76a0779aad8a48f53ed4b3e96b55dd5550939c6fda2596b15848010b,train
raw/orange/rotten/rottenOrange (96).jpg,orange,rotten,local,v3_7dee502439dc696bf9f8ee0a6a9924b0,fca153c7497e164e4c053620124948cea0b22a481cd681e2607d9a590bbfd220,test
raw/orange/rotten/rottenOrange (97).jpg,orange,rotten,local,v3_489d69064e2c838e96361a03b3995d1f,35c216593740ad09a94f5decb3db1fb8a2e1b6f69f617acc7281d64d39d8f758,train
raw/orange/rotten/rottenOrange (98).jpg,orange,rotten,local,v3_c984420af2c3df9f65f0fdcf35e6c34b,ce3876f660e7260eab06f3a9af91f47cf92c94faca70765b5f68c084dc96dac0,train
raw/orange/rotten/rottenOrange (99).jpg,orange,rotten,local,v3_c0cc370dabe860bff4d150b9a97e14e0,ca8cd1611897bc298194aa9c98bb16166c84dd12b94569a951235ea8a3bdab79,test
raw/orange/rotten/Screen Shot 2018-06-12 at 11.18.28 PM.png,orange,rotten,local,v3_7117ed6a11527e4401bbe13a3c33264f,0711e6566b11e3e9eec5f28e9c4e210c05b92bf2ea72e03a479e2e0362843fef,train
raw/orange/rotten/Screen Shot 2018-06-12 at 11.18.41 PM.png,orange,rotten,local,v3_ce7df7fb90649bc909f4473a5bc0fc88,ba02cfa35d304eea43e97be61f49ab574f2cec056ac105b648970c4f54e41eb8,train
raw/orange/rotten/Screen Shot 2018-06-12 at 11.18.46 PM.png,orange,rotten,local,v3_d6e4762f339f86ff56f806d19dcd6025,ccc896a7dce3e51328f8c63327233ad063337c144bfb2d882ec872a441a5f404,train
raw/orange/rotten/Screen Shot 2018-06-12 at 11.19.08 PM.png,orange,rotten,local,v3_8914e043b929bd8274ee62ecdbaae01e,c9f5b874599ada0699eeb1ed60f5184e12143eb43747b4fe8fed74a32c13ef2c,train
raw/orange/rotten/Screen Shot 2018-06-12 at 11.19.16 PM.png,orange,rotten,local,v3_b2b1ca160bf5c978c19c802011204abe,fe6a82dd428077ba729e36bfe44ce02982808fc14bcdcfa0baf4633130a9b332,train
raw/orange/rotten/Screen Shot 2018-06-12 at 11.19.22 PM.png,orange,rotten,local,v3_e17bffacc200bd78e2f0d2f8f2a03f2a,e5fd20b8fe5973718025fe89164770a75228b9bd9c8f0356d42ca195e09b96d0,val
raw/orange/rotten/Screen Shot 2018-06-12 at 11.19.37 PM.png,orange,rotten,local,v3_4c655f7d6f977ee60681c1651953ff93,007222653eb33495dd9b347daf761cebe627b0e504348c40c970d0545c479fa4,test
raw/orange/rotten/Screen Shot 2018-06-12 at 11.19.47 PM.png,orange,rotten,local,v3_517c9fa5dbf3075136f7c2ef425bee77,6878722b3c6581b25243298073438889cbaea6b6828d050854dd509fada8759a,test
raw/orange/rotten/Screen Shot 2018-06-12 at 11.20.13 PM.png,orange,rotten,local,v3_35683460f3b730db6657de84269178c3,2dcf21d06e1bcd3aaebecdbc91af99eef982b720cda64d67f9e5581cd11218d6,train
raw/orange/rotten/Screen Shot 2018-06-12 at 11.20.18 PM.png,orange,rotten,local,v3_d34452b76c4d600193305176a310821c,1d723f97d5e68f67d46352457334602a2257bf89a34eafee64a6dc293c64f140,train
raw/orange/rotten/Screen Shot 2018-06-12 at 11.20.30 PM.png,orange,rotten,local,v3_eed3353f0e9f4a2b9de25499833d88f6,4fb2fcc9bd46064b54e194113af780ce05788e5baee77586a2be03ff6ca5806a,train
raw/orange/rotten/Screen Shot 2018-06-12 at 11.20.40 PM.png,orange,rotten,local,v3_366c41f29316cced6541082bd93318e0,a639fc0c3cae6f82eade3152e65675a0d57ff2f0053400887789915d37f80639,train
raw/orange/rotten/Screen Shot 2018-06-12 at 11.20.52 PM.png,orange,rotten,local,v3_b0d9fd4aaa8d33b2d02c5838e4947521,f21ff9108219a99d7026c9f9bf19909ac88127edd11fffeb9d40e64a7ed004ef,train
raw/orange/rotten/Screen Shot 2018-06-12 at 11.21.05 PM.png,orange,rotten,local,v3_73d81c4c70ee4ce4aaeb8389be9c9475,44eaa02604270bd83890400836125eb1738de3190a63c8ffec5c468f0eb13ead,val
raw/orange/rotten/Screen Shot 2018-06-12 at 11.21.10 PM.png,orange,rotten,local,v3_56584bc78711e26fd252602b1295771d,337d60881d69569b7320043b6fd845c1b5b7b7643dd23ecd73c67888812fece4,train
raw/orange/rotten/Screen Shot 2018-06-12 at 11.21.17 PM.png,orange,rotten,local,v3_b34c55de37f5a1716ed3b8a4e717e92b,33530607bb3897f41f4c031c94d72b5301a341f2b1237ade1cf4574e3db7602c,train
raw/orange/rotten/Screen Shot 2018-06-12 at 11.21.35 PM.png,orange,rotten,local,v3_9f287d4bc91efda56fdb4920ceeb0faf,a1551cd0e4ec8871208d14358bd982f993002031f5cf353ac5025d93f0f3b851,train
raw/orange/rotten/Screen Shot 2018-06-12 at 11.21.40 PM.png,orange,rotten,local,v3_fa42b5dd9598017e9a43f11a6557901b,c19c90c04bb7457aa00e91c48bc4142def0968ff2920650621ed1bf20ca7d5fb,test
raw/orange/rotten/Screen Shot 2018-06-12 at 11.21.48 PM.png,orange,rotten,local,v3_0dced0a6f8a346e7260efbffca76c502,3cceada81ef5f0ab5a4b60227d77bc5b383f256bd4c26cce0422a4585616dddf,train
raw/orange/rotten/Screen Shot 2018-06-12 at 11.22.05 PM.png,orange,rotten,local,v3_af24ccfbc0852efb00359d8bec55ca3f,485fa37847bea67483ac822f3e21c0f6acaf0c83a516c3c499b24ff999bcf7c9,train
raw/orange/rotten/Screen Shot 2018-06-12 at 11.22.12 PM.png,orange,rotten,local,v3_c9b9eec9cecbe49385b30dcf5594cbb8,71dd6281cb2e9e8bf71831503a7864fe6eb13a87b36126d58571af11e2659c40,test
raw/orange/rotten/Screen Shot 2018-06-12 at 11.22.21 PM.png,orange,rotten,local,v3_ad5a43e4f1a48cf89d1c9ae21946edf8,7050ed8b43cf16b54010bac939bea89237ab9c07653fb49d1e1e2f1b756db19b,train
raw/orange/rotten/Screen Shot 2018-06-12 at 11.22.36 PM.png,orange,rotten,local,v3_94cab69f850eda5c18d1ef859c6f95ee,f235266dc8fce3cf8ceb39244452c653a2f53d5ef118d0444cdefdd5dec9c89f,train
raw/orange/rotten/Screen Shot 2018-06-12 at 11.22.41 PM.png,orange,rotten,local,v3_5b8ec82acfeaaf3d2ea46b9eaa735f70,84d57a90c196e3f4e8d50b07175fb717967c3b752a7b564f761b39080958db4c,val
raw/orange/rotten/Screen Shot 2018-06-12 at 11.22.47 PM.png,orange,rotten,local,v3_07748b84f6c0d094fb70aac401382891,986f5be9db7959c59bdc9e966fa8192aefb83463e20e98afe622fff8e7508b4c,train
raw/orange/rotten/Screen Shot 2018-06-12 at 11.22.58 PM.png,orange,rotten,local,v3_9f98890f88214d50b07804a300240a6e,bd965098a65ae4d4b5ae118c44b7664adc32b0afbc0784ef1fa6f1e42560ffcf,val
raw/orange/rotten/Screen Shot 2018-06-12 at 11.23.09 PM.png,orange,rotten,local,v3_12a5267f8f6433036fcc6cca16c15845,d2609289bfedd4c51b89905bb60de6227cfda97a972000a3cb63c15121f62445,train
raw/orange/rotten/Screen Shot 2018-06-12 at 11.23.13 PM.png,orange,rotten,local,v3_dc108ca6afb62e35802cb6c401493613,2ff7ad9315cbdb951bc400d0190f61e42d54ccd021dc3d2b6e10dc47a72e59f4,train
raw/orange/rotten/Screen Shot 2018-06-12 at 11.23.19 PM.png,orange,rotten,local,v3_cc4445ccf70fc4fe456b8a5c4483116b,035bfe95a189fffc8a3e1edcb974a00258a9a910ec725d788254fcc1e9863e41,train
raw/orange/rotten/Screen Shot 2018-06-12 at 11.23.24 PM.png,orange,rotten,local,v3_62878def1fce6f99b5f95d7148dce568,fda513883369d0ad45dbf238288d57b8b57e9f4465a66bc8dbc79adc4f362932,val
raw/orange/rotten/Screen Shot 2018-06-12 at 11.23.29 PM.png,orange,rotten,local,v3_bf4550d80011854556c683474eb65ed1,b45157efecd8f2ad156bb7a516cb3cd39699fa4f1560b0f21098d98bef807821,test
raw/orange/rotten/Screen Shot 2018-06-12 at 11.23.40 PM.png,orange,rotten,local,v3_e09429c9199a0e72b631487028fcd685,1347fc9d5f0d4359a34ccffee4114488b881a935908cadacec88e619027921f3,train
raw/orange/rotten/Screen Shot 2018-06-12 at 11.23.46 PM.png,orange,rotten,local,v3_cae6e2e36bf40e67ff6c19e5d4051166,5d471eb77896a27e3320e83292b4b4e1358afbcb642b9db3f274334e0554f27b,train
raw/orange/rotten/Screen Shot 2018-06-12 at 11.23.54 PM.png,orange,rotten,local,v3_195c930794f3c5a350f7cef1f7e770c0,13a6cdaaa1e51ce219a0966565b9e6fa0b7eb878c3ebfba06d51577dcf747c22,test
raw/orange/rotten/Screen Shot 2018-06-12 at 11.24.04 PM.png,orange,rotten,local,v3_9749421be5162216a199dc2f8b451d03,0b1cf809290324f65340223a6e5386abe8197c308db0db823a3f33cfe8864dbd,test
raw/orange/rotten/Screen Shot 2018-06-12 at 11.24.12 PM.png,orange,rotten,local,v3_1a613cacc9a746b0b474f98185546b15,188eb43632174e291dea0be631782ac5c49e6f892aaf8823f270862168eea14f,train
raw/orange/rotten/Screen Shot 2018-06-12 at 11.24.17 PM.png,orange,rotten,local,v3_d5760ba59b0c94008e14a7d1987aa5f9,255dbc06b3b37d64736600c22b68a3929ed7e11fe41cfc2f61e8cf2f17eba539,test
raw/orange/rotten/Screen Shot 2018-06-12 at 11.24.24 PM.png,orange,rotten,local,v3_af117df4656b15e0ec2bb2169f16ceea,d29743e0a1d4c24c8253b48d93233f9adaa0dd1d39c67d7a1602dc0fac8a1154,train
raw/orange/rotten/Screen Shot 2018-06-12 at 11.24.29 PM.png,orange,rotten,local,v3_b86f00fa99d215637aa28af078823971,494dadbbc69e28051b821146a1afd0c66772a19cee6e887007155d3403d6f7f2,val
raw/orange/rotten/Screen Shot 2018-06-12 at 11.24.37 PM.png,orange,rotten,local,v3_aaedbfc25867bb8f8943147443320b38,81dce628c9f0aa941c83bda174275d840ad2daef10b14ba2570e784021a13541,train
raw/orange/rotten/Screen Shot 2018-06-12 at 11.24.43 PM.png,orange,rotten,local,v3_a40fc324c3b11a40f3a5777d590fe82f,25f2a6619dc547ad3d2f58c13194afe6f21920d6bf8b2c750e821ae330bbcf04,test
raw/orange/rotten/Screen Shot 2018-06-12 at 11.24.51 PM.png,orange,rotten,local,v3_58ecd0fd1fe5d11392e38448fe407af3,d0d253b9e8225237e45f7e0253382b7e43698689e93cdd4df9b9b5e4c57e1df3,train
raw/orange/rotten/Screen Shot 2018-06-12 at 11.25.07 PM.png,orange,rotten,local,v3_885a4c51b23c1d23c9580d36e698da22,2e8e6d73b754f928ffe91e495ba184cc7e1d6db46eb5d99e7338599ebe0e8152,val
raw/orange/rotten/Screen Shot 2018-06-12 at 11.25.11 PM.png,orange,rotten,local,v3_26eca8bb1721e5b5f30ab70ccfc8da44,28c0680c9179a9594c410660806d51b4aa86e1c6c1cf5a7e8cfba984c4921627,train
raw/orange/rotten/Screen Shot 2018-06-12 at 11.25.16 PM.png,orange,rotten,local,v3_0d5954149872a48c6254df1b139b18e6,d92f755d151dcb6476582d0672def1d9140b3ce7148dba6952b61253e65b4237,train
raw/orange/rotten/Screen Shot 2018-06-12 at 11.25.38 PM.png,orange,rotten,local,v3_8dc2801600b40dd5652ff963b2d208d5,f8029c15e4d4dd38f23a5157d2cc18f2b4a90096dc3402526ee3b911b856b9d4,val
raw/orange/rotten/Screen Shot 2018-06-12 at 11.25.55 PM.png,orange,rotten,local,v3_4f173409894bb144ab80b5708b1eb84e,f18fb6198fc5b609a2d9a4246d63e7e0ba9510b2ed924af32efaf043e30a2298,test
raw/orange/rotten/Screen Shot 2018-06-12 at 11.26.02 PM.png,orange,rotten,local,v3_129583129dd680bad339430cb0b189ac,db66245c072d41224e6aed7d9a69998414f556794c68d5bb6abcd31dcc7237a1,val
raw/orange/rotten/Screen Shot 2018-06-12 at 11.26.44 PM.png,orange,rotten,local,v3_c23778b4612a83e7dd8412a86528417c,d3231aed47ed459f9c99cab869fff56cef0a205b89ba69d4fd686bc5ba9e505c,train
raw/orange/rotten/Screen Shot 2018-06-12 at 11.26.49 PM.png,orange,rotten,local,v3_0e25bccb5d66e198e5f378b2ff05e164,5a8730513892b6f05a8a89f5da144239cf2c1a021b00493e6982f12df397d8e1,train
raw/orange/rotten/Screen Shot 2018-06-12 at 11.27.12 PM.png,orange,rotten,local,v3_27897e018cfb13f3a570237000c6a150,3a83fcc2eb7f810610a9d45ad3165f27630525a471629615b6ee63a2d2fda814,train
raw/orange/rotten/Screen Shot 2018-06-12 at 11.27.26 PM.png,orange,rotten,local,v3_94e1aed2882625c340a077c8fd529b04,236712ad2961b81003842cf9f47c7d1b7934eee3fc8219e8f3847d3db9868d66,train
raw/orange/rotten/Screen Shot 2018-06-12 at 11.27.30 PM.png,orange,rotten,local,v3_96fd43dcd75ff0ec5fb9ef3e93b02d66,15031e271a7aac6e79e436b1cc50c7153aab1cfeb1d8be31ec050fffb87de218,test
raw/orange/rotten/Screen Shot 2018-06-12 at 11.27.38 PM.png,orange,rotten,local,v3_c183aee00b5e719268e17cf56b32a626,82536c0cb53fc0c6a5638676b8af3eea73c8c7949a4086006dc2d98e9467f577,train
raw/orange/rotten/Screen Shot 2018-06-12 at 11.27.46 PM.png,orange,rotten,local,v3_2c82e4205b5e2ef330f60100dc4bc214,eeff19058b788af7b1ecb58cdcb50615ce98a18e8d6862c1aff695461f51ade7,train
raw/orange/rotten/Screen Shot 2018-06-12 at 11.27.52 PM.png,orange,rotten,local,v3_cdb8facece2eb05cc495267557931fc2,5a60dde4cc7d154b2e8c236d762cfbf1207599d7a50c088daa68c3662de8f1a2,train
raw/orange/rotten/Screen Shot 2018-06-12 at 11.27.55 PM.png,orange,rotten,local,v3_7040357d3f58781f1762a2c934b88499,a028fbcb0e93ccc9a027f669106c62307782b26f8c591ba40e39dd6a1e0eada4,test
raw/orange/rotten/Screen Shot 2018-06-12 at 11.28.00 PM.png,orange,rotten,local,v3_a74e51b936d84bbdb624d8a6e4c61135,a99fa7bdb9d4d99f5f40fa822c908ace8c6df9969bc6ef51d127a018d847ec55,train
raw/orange/rotten/Screen Shot 2018-06-12 at 11.28.04 PM.png,orange,rotten,local,v3_930146021081de463193e9309defe3e8,2a2fbbd9d15ee4693bce66b832ea445ef6b559d30232ddd99a7bfe632af9ff2c,train
raw/orange/rotten/Screen Shot 2018-06-12 at 11.28.08 PM.png,orange,rotten,local,v3_6f8b44969318c413d0f7fffb57e288c4,04a0be1710e08cc938f86171389d6927897e4f02856fbb82a3e3fd0b622b5e90,train
raw/orange/rotten/Screen Shot 2018-06-12 at 11.28.12 PM.png,orange,rotten,local,v3_49d88e50be6d22f6e7427444aed82760,e9c8c5c43c5d47e7a94d6ac628c38d2188c3917fa0ca99b0d26754f04e1eceb1,val
raw/orange/rotten/Screen Shot 2018-06-12 at 11.28.17 PM.png,orange,rotten,local,v3_3e03debfde70518bb0a04cc7066987cc,496fecda690c0a78bfb29e4bb24064384bc8b9a44a3a413c6ebea6c03e23b8ac,test
raw/orange/rotten/Screen Shot 2018-06-12 at 11.28.28 PM.png,orange,rotten,local,v3_acf639bce98ebf45e723d2fe485f8681,870480be8d43ac75a4b7bf00acc2cdea0d5dc010253c94a5b4202fb0624ebfd8,train
raw/orange/rotten/Screen Shot 2018-06-12 at 11.28.33 PM.png,orange,rotten,local,v3_3e2346bc6a554ff3cc9e232a69255472,e55c901b1b32ebfb3f914cb88c146dbceca3563eec9d93c607149c1a77e99fa9,train
raw/orange/rotten/Screen Shot 2018-06-12 at 11.28.50 PM.png,orange,rotten,local,v3_fa8b5b96434fd4913a3654304096f1e9,1607c218dc7e44f47c32db09dc2096b6a18625e9191c3038ff45d4dd47bd0888,val
raw/orange/rotten/Screen Shot 2018-06-12 at 11.29.03 PM.png,orange,rotten,local,v3_ec9d80013f99e31f64717ea03138b5c6,b4f9d6f6dfe7027576a6307514ebddfe1ba561b35570429548165bcf6020538e,test
raw/orange/rotten/Screen Shot 2018-06-12 at 11.29.10 PM.png,orange,rotten,local,v3_bd948e499f20b07d306e28b3199062e8,a5bf708b67c44d8878684be13143c0e114491f2b5030d50f9eb23f1951b1e9be,train
raw/orange/rotten/Screen Shot 2018-06-12 at 11.29.14 PM.png,orange,rotten,local,v3_4595dc4440b4f5f641d8ce6f890bd5c6,8ed8b88936dd4e9b6ada84ab6ea1e1049e4b3157a2d44bdd7ee2f8521da3bb2d,train
raw/orange/rotten/Screen Shot 2018-06-12 at 11.29.21 PM.png,orange,rotten,local,v3_7c041d92c2ba6b43572cf26b24895bd3,3ce92b199498891e2cd62e9cacbf1ae838d6b5dad97ae85731df6686911a009c,val
raw/orange/rotten/Screen Shot 2018-06-12 at 11.29.26 PM.png,orange,rotten,local,v3_1b4ad828a3353a5de1dc68666dcc0bf8,5dbd5b02e88495b614dde5b0cb950a73c2f07a6eb1dca1e9dff0f41e2768ea30,train
raw/orange/rotten/Screen Shot 2018-06-12 at 11.29.36 PM.png,orange,rotten,local,v3_467b29fd32f725c08dc9c3b45be81ef6,de6ca4a32d94bee4b321d23fa1ede3ab9c5fbc49ea00873fabc3194dfe678df3,train
raw/orange/rotten/Screen Shot 2018-06-12 at 11.29.51 PM.png,orange,rotten,local,v3_e5a03d9c2f6e3cd732cc0df336af46a7,f60119ebc5af8a390e9099ad03af4710c1464fd4b30bb39c4cfcbebc7f28c78e,val
raw/orange/rotten/Screen Shot 2018-06-12 at 11.29.58 PM.png,orange,rotten,local,v3_33b46fbfe846ed7f044627b0f72bc4d6,7a3f19ccfed22930b5630b60eebc3d3332c2c9215543a1609af4443e0800ffcb,train
raw/orange/rotten/Screen Shot 2018-06-12 at 11.30.06 PM.png,orange,rotten,local,v3_160e181f6ec2285c3cd5a0c035bdf0a0,01cca6068b57bc79e3523475d79952e9a4ad859e515284130134517da1f9a407,train
raw/orange/rotten/Screen Shot 2018-06-12 at 11.30.11 PM.png,orange,rotten,local,v3_e814083f4330718de4826ea41098ffb6,960a34727ac43489a28fc881c17c674beec888f86b7205b6beab3b06763f67ac,val
raw/orange/rotten/Screen Shot 2018-06-12 at 11.30.16 PM.png,orange,rotten,local,v3_62319626690d9dd9055b90aac9a76f53,347b814852e56b5ee69ef6c528d8d13942beae3219846dbcf34f30e76702c2a6,train
raw/orange/rotten/Screen Shot 2018-06-12 at 11.30.35 PM.png,orange,rotten,local,v3_3be7959091365fa83ca0c583b89fdfb6,199fa3b1721be38a4d793e2d126f38f0aba555ca03bd2745e3192ae236b6e225,test
raw/orange/rotten/Screen Shot 2018-06-12 at 11.30.41 PM.png,orange,rotten,local,v3_82b91175212cfc630defc36380445421,6617d010d5fed52876db5a7846f2f4a8785bece01aa34700d2784cf54cb1e8c1,train
raw/orange/rotten/Screen Shot 2018-06-12 at 11.30.48 PM.png,orange,rotten,local,v3_02fff747338e10ec04c22b68e41792b4,5ad5ffe2011eecf78338f4646dc9e25c0ad01ac61638de49a879d88c83b0d386,train
raw/orange/rotten/Screen Shot 2018-06-12 at 11.31.01 PM.png,orange,rotten,local,v3_13e76a0512ff5664cfa96a6481119976,f722590acc4aa947060122da6e0287e689dd93694d0ac41a4e8885e86400b8c2,val
raw/orange/rotten/Screen Shot 2018-06-12 at 11.31.11 PM.png,orange,rotten,local,v3_16e5a40420d36194608cf8369c1699f2,3d2454a2ded675fb8b3a4721a36c90d7a7085dcd6270f11ad77201ce49ebca93,train
raw/orange/rotten/Screen Shot 2018-06-12 at 11.31.17 PM.png,orange,rotten,local,v3_b514e72726c3b5c2602a6e7d1ba0a237,f3bdb50ccac161fbe858e6ca3393e70d8d388d0d25d80fb74d13fb3165943d6d,train
raw/orange/rotten/Screen Shot 2018-06-12 at 11.31.24 PM.png,orange,rotten,local,v3_17148dd2ca98870fb7b5a8c49e7017ec,17fa8d044570a5f3bda6a42fd8d928425ec00fbe9978ea9e68745f8c10ea1301,train
raw/orange/rotten/Screen Shot 2018-06-12 at 11.31.44 PM.png,orange,rotten,local,v3_3d61040a847431fa812e06f618fac717,7b73085e82f5a0c944f38f8ea85971b5a6775042930e15874d81c8f769c968dc,train
raw/orange/rotten/Screen Shot 2018-06-12 at 11.31.48 PM.png,orange,rotten,local,v3_0d0863b00568d7bef830ac71c94187e1,1cc31a0073f0c9e0f9cae6d39bb631af02afb64732e849a582708c638012190a,val
raw/orange/rotten/Screen Shot 2018-06-12 at 11.31.52 PM.png,orange,rotten,local,v3_e9eab2c593c9d4b2f7f7729a37cc1707,d582cdc80595c67dd0f4eb04738e052c613adef02b27f29fecd6862afc045238,test
raw/orange/rotten/Screen Shot 2018-06-12 at 11.32.04 PM.png,orange,rotten,local,v3_cda837526885c43ad365cf3a876299f9,01087fe9f19e5ee1e55f09092d96f162acfb1ad11863a49dee36cfd4d0dfb3e2,train
raw/orange/rotten/Screen Shot 2018-06-12 at 11.32.17 PM.png,orange,rotten,local,v3_f80c52fce2f3d7cf9d8d60af0a341bfa,b09e59385f7e4f42f2f08295577e5a4934741b3ae5d87af400df83c2762cf19c,val
raw/orange/rotten/Screen Shot 2018-06-12 at 11.32.33 PM.png,orange,rotten,local,v3_be68814374599ba2793afecc9384856b,d4cb7750bd77684993946a6d029ac76258b8af8dfa2200cebfc0f72314f77cea,val
raw/orange/rotten/Screen Shot 2018-06-12 at 11.32.41 PM.png,orange,rotten,local,v3_73df8c5010a1595d7da420b5cf5791f5,2891886c49df1d20cf5899240b4118c382605427c129fa67453d322c5e07bf49,train
raw/orange/rotten/Screen Shot 2018-06-12 at 11.32.50 PM.png,orange,rotten,local,v3_dc7550ea01cbf9056e91160d3c5586e5,028d041859706c0bc7d1a368a57665b1fe648b83e84f21d61868e08189aed0c5,train
raw/orange/rotten/Screen Shot 2018-06-12 at 11.32.55 PM.png,orange,rotten,local,v3_0074cc0a874d45704acf657800f25b89,bba37be2d919af23ba99e00fed2db00bf566fcf5496afd1d349072d7b2b0befb,train
raw/orange/rotten/Screen Shot 2018-06-12 at 11.33.00 PM.png,orange,rotten,local,v3_59a75ee49d98f51df8d82f5cdae0174c,b7a070e32ef274255b09418850dc13210642fa5d5dbdeaa08f229e70b0aa86c6,train
raw/orange/rotten/Screen Shot 2018-06-12 at 11.33.06 PM.png,orange,rotten,local,v3_3b5d20907171746525451f44c3e90b0a,be080e9b18a0989514d7b3ae840b87d74ed713da9160700cbf8f26cb1cf927f7,test
raw/orange/rotten/Screen Shot 2018-06-12 at 11.33.16 PM.png,orange,rotten,local,v3_1fbde95c488e9f603c83c0882bb31963,7cf1e48f4a20eb9c624bea049db3dad6ba96ddbee7a2caf918ff31d9de476d3e,train
raw/orange/rotten/Screen Shot 2018-06-12 at 11.33.23 PM.png,orange,rotten,local,v3_dc7550ea01cbf9056e91160d3c5586e5,5e0c576d38d36ff1987fc1c6dd0b034701cbfe5171f8a0f678409618a927c0f1,train
raw/orange/rotten/Screen Shot 2018-06-12 at 11.33.43 PM.png,orange,rotten,local,v3_eaa51ba7ed0a3dc50d42060e47174dbc,2ee370f29262c5812e0578835e89b7855f1a06d7f4665819da9e10ea57754c17,train
raw/orange/rotten/Screen Shot 2018-06-12 at 11.33.50 PM.png,orange,rotten,local,v3_0aa9297dd9ec99d82006bfb8989503b8,0ba8f3ed9ce7ee18a03c32fc270738794f62667bb50757c126cebd4195e201d2,train
raw/orange/rotten/Screen Shot 2018-06-12 at 11.33.55 PM.png,orange,rotten,local,v3_0d0863b00568d7bef830ac71c94187e1,c45410f0a1673521bc112e266579327b797995a527b97aff04f958adf70cde96,val
raw/orange/rotten/Screen Shot 2018-06-12 at 11.34.00 PM.png,orange,rotten,local,v3_3640e85c9c262c6fffe24317a13b9abb,6390d2497b36af2fea61ab70a0ee70dd0c4f7a5b37d8695ee57d4fafc43564a4,val
raw/orange/rotten/Screen Shot 2018-06-12 at 11.34.07 PM.png,orange,rotten,local,v3_f80c52fce2f3d7cf9d8d60af0a341bfa,1f486a412f7d82e9c58143740919fededdf72a4137dbc8f2747777d116c180df,val
raw/orange/rotten/Screen Shot 2018-06-12 at 11.34.13 PM.png,orange,rotten,local,v3_5363820934687531df5e3c9622b2dd35,3e889c7635114bb37373e4a502397e123d7a8acf7b993946a586d8d3c0e1495e,val
raw/orange/rotten/Screen Shot 2018-06-12 at 11.35.51 PM.png,orange,rotten,local,v3_dde6f89803339ac8d8f7a42e450c6be7,916b4197e75467a0d3001b329e43e1d32bb5f73e99a77e9401e42402d311f75b,test
raw/orange/rotten/Screen Shot 2018-06-12 at 11.35.55 PM.png,orange,rotten,local,v3_b3537157e5e40030b46e0a367bd9d7bb,a313e7109c0b0d8795656f80dfed58523e8db6e4893ee0834c1583509a82266a,train
raw/orange/rotten/Screen Shot 2018-06-12 at 11.35.59 PM.png,orange,rotten,local,v3_21842a73c02ddbe97672b146b5f17b3b,c260a447b70a5054680201f71ec5c9af56849c8fa81f983676fcda4a4036808c,test
raw/orange/rotten/Screen Shot 2018-06-12 at 11.36.06 PM.png,orange,rotten,local,v3_0be0638f893f329e796952c8aa3bea01,7f15f53e564ab9c4ab5afaf14bc9691328150ec3fa2beaeab0f8d3c17bb7052c,train
raw/orange/rotten/Screen Shot 2018-06-12 at 11.36.14 PM.png,orange,rotten,local,v3_8369d930e4706c3f7ec20f288c0ff1df,277bb39716f993ce09e26554599d97370623525d1458edd645679a2ba72b725f,test
raw/orange/rotten/Screen Shot 2018-06-12 at 11.36.19 PM.png,orange,rotten,local,v3_d135cf6760670551d04f63a85db4403b,33b31ccf7921587918e905cbf220e7b1b32f8aa0de64ca7ca8928b90b1055ee0,test
raw/orange/rotten/Screen Shot 2018-06-12 at 11.36.24 PM.png,orange,rotten,local,v3_44498985784b63d31fd3e15727041e21,328c3828727de776cf0a45532193b6a2e5d677206ca52c6043bb5341cdc25c44,test
raw/orange/rotten/Screen Shot 2018-06-12 at 11.36.31 PM.png,orange,rotten,local,v3_6ed2d67a5efcb9443cfcc4755a65659d,a2fc533327e51a6f768734c817d4f3242a10466a8d79406b9bf91c6659d96c23,val
raw/orange/rotten/Screen Shot 2018-06-12 at 11.36.35 PM.png,orange,rotten,local,v3_73104506d4f562637c0dc10afebf8802,dada171a5458dd645bfc7ba775d6a3d53a32b5b6183e29ee4bc16b968c4b56b0,test
raw/orange/rotten/Screen Shot 2018-06-12 at 11.36.48 PM.png,orange,rotten,local,v3_9efab37f9f41ed5c9597cefa2d4ce3aa,b25d3c43f03ff98ad438092ba082f745c5f080f3e0cca96f3783689d50cc1507,train
raw/orange/rotten/Screen Shot 2018-06-12 at 11.36.53 PM.png,orange,rotten,local,v3_52f6250cda204f6495acecbf0629555c,c0ffa9a96919daf5a8d6e86e8c31beb0e1ef11f1ab4af418825612cf4f10753f,val
raw/orange/rotten/Screen Shot 2018-06-12 at 11.37.07 PM.png,orange,rotten,local,v3_f68251158245763ae09875dd751aded3,e9bbe69a0a3b1110d80d147140dacffec557c880f4800225735430a9ed29d844,train
raw/orange/rotten/Screen Shot 2018-06-12 at 11.37.13 PM.png,orange,rotten,local,v3_caafddd22f0fd639b1dad389687c6652,1b18a1f11fec8a287d04ea98b6a88924715d8a403d5ac7d7c20927e438bee3b4,train
raw/orange/rotten/Screen Shot 2018-06-12 at 11.37.19 PM.png,orange,rotten,local,v3_8c4eb75c5ef8bbc61a72ac4258f92335,012cdbe030d955acfcf5bb713618f7609c6684cfea8640e35091a73b088493f7,train
raw/orange/rotten/Screen Shot 2018-06-12 at 11.37.25 PM.png,orange,rotten,local,v3_dc108ca6afb62e35802cb6c401493613,0a2de4cfd380d7c8670e392772168f54952cb2e10bee4dd09be922af01fd83d8,train
raw/orange/rotten/Screen Shot 2018-06-12 at 11.37.31 PM.png,orange,rotten,local,v3_79f02ca6eb31bed5fd7c70e700dc0521,74803ec4a33c8b43d6c864f35261d4546539bf6bcb1393fa48dfc96a7b93955e,train
raw/orange/rotten/Screen Shot 2018-06-12 at 11.37.36 PM.png,orange,rotten,local,v3_f79363cb7c015d5cac6a618dbce21319,77109f13495195dacc1cece5444be668eb959c52d8f06b47f0559ec9b9a04d78,train
raw/orange/rotten/Screen Shot 2018-06-12 at 11.37.41 PM.png,orange,rotten,local,v3_0c5c084f74a529541c9d6ce75a6281eb,8bb8f5d924490f5a13649a596b6534e3b1231486fbb8bbd9de8ad3d379b28ed8,test
raw/orange/rotten/Screen Shot 2018-06-12 at 11.37.45 PM.png,orange,rotten,local,v3_38b6a9a2fd53e9600d464f3e942c9f59,0e3a666544ab9ddd242c8ec12f5c8078a21b3ed4bb407aadebbd9987f3128c59,train
raw/orange/rotten/Screen Shot 2018-06-12 at 11.37.58 PM.png,orange,rotten,local,v3_6d1128957c1a61115e34b4c880464e41,30107321eea42ed64484e98ae020e67ee454794e7cf65bf5cb0264ff3d856a44,train
raw/orange/rotten/Screen Shot 2018-06-12 at 11.38.19 PM.png,orange,rotten,local,v3_ce3c957f644c091a56d177ba415cbb94,dbf483d757d0f87a17f518ca4399ac68ecbf687f567fd1d92b84da95504fe405,train
raw/orange/rotten/Screen Shot 2018-06-12 at 11.38.34 PM.png,orange,rotten,local,v3_8e1e9f9e4e401d81740ff7dda821dde0,5e96f4214068415ed256150c36540aa87a1d1adaa6035022cb465a24ba97fde7,val
raw/orange/rotten/Screen Shot 2018-06-12 at 11.38.46 PM.png,orange,rotten,local,v3_d4989be783903f35a7c4375f9f1b6efa,498037291516e59ebabbd8498aed909d016492a818fbf16e6f1e0667aad1d18b,val
raw/orange/rotten/Screen Shot 2018-06-12 at 11.38.52 PM.png,orange,rotten,local,v3_687dec501a70c0e09ef4ecf8ada1a185,d727a335cd19101d2d675c50ae15bff6445d763a07ea435b3f6485d17268d58e,train
raw/orange/rotten/Screen Shot 2018-06-12 at 11.39.02 PM.png,orange,rotten,local,v3_b1d52c04937cf5109d9d6a28bd826ab7,d3b71db981a7335923f6fa5b16808624451e7170ff9fde09a8789966be24c3ff,train
raw/orange/rotten/Screen Shot 2018-06-12 at 11.39.19 PM.png,orange,rotten,local,v3_6a6a8dd19d2e427d096ede4030e2df62,4aab84ccdaf775b7e2f08abfbcf03fbfae7d99d64b5dbaf2fc621361a78979bf,test
raw/orange/rotten/Screen Shot 2018-06-12 at 11.39.29 PM.png,orange,rotten,local,v3_d8656a4f5ff9791bc7b6b9a8eb40c920,933d63f1c9f09954ad92429b16f96934eaedbe26c19e13827edac82cd864a965,test
raw/orange/rotten/Screen Shot 2018-06-12 at 11.40.11 PM.png,orange,rotten,local,v3_ccece0991cdde474bb85b4d991604f7c,b5965ff775ef15dee4b79d07f184b57db07d7a8fbd1874b25fc22f192378762e,test
raw/orange/rotten/Screen Shot 2018-06-12 at 11.40.18 PM.png,orange,rotten,local,v3_fa4b2ecf2780e477bd51271c0d45779f,3432071bcc3f5021e6dea6938be3b37fa4209f3f084580e3d74623e75e5c55f6,test
raw/orange/rotten/Screen Shot 2018-06-12 at 11.40.30 PM.png,orange,rotten,local,v3_56e6121a6417efcdf0e88ad61e3e944f,08135467023f8b6c3a814814ad1d771b7aba5ae601eddaddf3555a85fc773854,val
raw/orange/rotten/Screen Shot 2018-06-12 at 11.40.36 PM.png,orange,rotten,local,v3_5a9d43e847d1a8f7ba8bd88d94c37af7,f122de6f2f9e1d7fc8e151eebbc192b858c6f4d0b298f3f0b47d66026a12a950,train
raw/orange/rotten/Screen Shot 2018-06-12 at 11.40.42 PM.png,orange,rotten,local,v3_2f40fdea79c7054aa9a4f7892abda552,6cf232388d84d5038e7f40df6e83a2c1140d92f7f8534a5294444186723284ea,val
raw/orange/rotten/Screen Shot 2018-06-12 at 11.40.51 PM.png,orange,rotten,local,v3_fe00544289474e11d227526ff129b660,cb44840bc9a69ff02f83c7b25067f0861b2fbcbf10b496d3803df905243216f5,test
raw/orange/rotten/Screen Shot 2018-06-12 at 11.41.04 PM.png,orange,rotten,local,v3_a8353f6fb2f8055951fa624ae79104cf,2cbabca46ca502a51e1540d5366274a3a0a56d458b95cd2fb93544b209aa5a25,train
raw/orange/rotten/Screen Shot 2018-06-12 at 11.41.08 PM.png,orange,rotten,local,v3_dfcbdc00156f53ac4bf94040f750cc82,8e4eb2217e1f7629959fd67a86f70065ebd94efa3de0f9489069997fc257ab06,train
raw/orange/rotten/Screen Shot 2018-06-12 at 11.41.17 PM.png,orange,rotten,local,v3_fc2aa02a040cb70ef9e327260ba24315,4b37868916dfba7fdf9d1554a8e2c1ca2fe4b236e42d2c228c5cd734973009cd,test
raw/orange/rotten/Screen Shot 2018-06-12 at 11.41.22 PM.png,orange,rotten,local,v3_f045493b7631b5b6a882fcbb0fb957f7,966ce89d2129113d68ed8e85df7aea4b8fad15a30ed82ea8431b265f5e10a6ba,test
raw/orange/rotten/Screen Shot 2018-06-12 at 11.41.26 PM.png,orange,rotten,local,v3_d91b440eb8db35841671bbfc65d9694c,8fa8214c18cd360ec65400ebbf550b83a497b41440588351b869d798c11a9550,test
raw/orange/rotten/Screen Shot 2018-06-12 at 11.41.44 PM.png,orange,rotten,local,v3_1c18b0267aec555d95073378e75766e8,9487ff3b5c1120fe2c94781d3d46a628be99e927a24931aa1a633115261993f9,val
raw/orange/rotten/Screen Shot 2018-06-12 at 11.41.48 PM.png,orange,rotten,local,v3_1c74e51c0950b086a51f0f3f540234c3,962e3b21f2bbb90236c9a7a840ddb501d1a3b6bd63bffb6dae91b566fd21b35e,train
raw/orange/rotten/Screen Shot 2018-06-12 at 11.41.52 PM.png,orange,rotten,local,v3_305e7d75592718c364a666c44392417d,b2d65f754c8e7dc279a23a5f0a68257974a979cc75b472475ec5dc12e1c0e9fb,train
raw/orange/rotten/Screen Shot 2018-06-12 at 11.42.00 PM.png,orange,rotten,local,v3_997da990216384a192a9e04b98348d1f,f9382f978c18f07416b238ddead53ff2facf28110b98c98e94d238c413a51834,train
raw/orange/rotten/Screen Shot 2018-06-12 at 11.42.05 PM.png,orange,rotten,local,v3_ab94e5e1b37a73699c26d40bebd34f23,ba76ebfee2bc33707aff03648ea547f174a5f209f339dbde1a77ab27798c676f,train
raw/orange/rotten/Screen Shot 2018-06-12 at 11.42.10 PM.png,orange,rotten,local,v3_7d117bf184977c7178e5c5d40c3ec92b,d758f4ba4530f52f8e74eb0e6cd0a8eaccb6fade2bf1f518b1ad416478af3025,train
raw/orange/rotten/Screen Shot 2018-06-12 at 11.42.20 PM.png,orange,rotten,local,v3_3683e7fa5a57ceea4d14a7c860feafc3,e19c189d25e6debeffc474e7803144779d543d6a960fb24c1f7b48113e5333a8,train
raw/orange/rotten/Screen Shot 2018-06-12 at 11.42.45 PM.png,orange,rotten,local,v3_70a6d7a4e6224fef4983d5a404088227,cad38b61a24f29ffa06df223927aea96ac2b3bfcaec58a8a7bba70cff856ef48,val
raw/orange/rotten/Screen Shot 2018-06-12 at 11.42.52 PM.png,orange,rotten,local,v3_51456f5a4189b269cf3c938dd2077142,5850319c180648bb6f726585e50f1a59cf3869075f6a51380ce386a19d98456e,val
raw/orange/rotten/Screen Shot 2018-06-12 at 11.42.56 PM.png,orange,rotten,local,v3_ed3e71091fe4b167ce8f1af3975a06cb,2c4aa9326852f6d9a4e0fd4a0270982c5413e8bb346792a33b5efc64a63342a5,val
raw/orange/rotten/Screen Shot 2018-06-12 at 11.43.03 PM.png,orange,rotten,local,v3_56d053083dd5f392e4d548d6841351e9,74d2e15270d22e25e9305ad8215e1d71cd0830a84b20acaebe8ed57d236e45fd,train
raw/orange/rotten/Screen Shot 2018-06-12 at 11.43.10 PM.png,orange,rotten,local,v3_f481071e09cdf39a111e433af63ebe31,36a13f7444642b499fdadcc55ee196e6dcd50c580acb559040b773a7cd7f7bf9,test
raw/orange/rotten/Screen Shot 2018-06-12 at 11.43.22 PM.png,orange,rotten,local,v3_9bd5b67472c69b497e358c7b4c30f05d,72b70bfcc06bd7308de4f2f372252552dd67ecb9bc9f61164ea65fd01a63cf3e,train
raw/orange/rotten/Screen Shot 2018-06-12 at 11.43.26 PM.png,orange,rotten,local,v3_8eb371998e26c4ec29576e76ff34033e,8d2608d15a5cb46a826b40e640d21847c4430827e291288bf8dc166ca36a81db,train
raw/orange/rotten/Screen Shot 2018-06-12 at 11.43.31 PM.png,orange,rotten,local,v3_2600184ec611c307579c6732f0437663,cb8208776e668cff5f0578c4faa58a096e21166365d03699e14b1042e2cd549e,train
raw/orange/rotten/Screen Shot 2018-06-12 at 11.43.36 PM.png,orange,rotten,local,v3_1921c29c765b567cbf94e8cb3139aa45,025e23e981911ce128b86578793ce8129b7154eed438ba8510931a13c7b4ca5f,train
raw/orange/rotten/Screen Shot 2018-06-12 at 11.43.49 PM.png,orange,rotten,local,v3_eb7a588df4d777c171b550775bfe7bc9,fea2085435aa6db4eed51e158385ffcf54acb8c228d9460fe6e7d21ec4f1b8d0,val
raw/orange/rotten/Screen Shot 2018-06-12 at 11.43.54 PM.png,orange,rotten,local,v3_3c946ab308d6f2c678f671a7aee0d52d,fe275728872b7f5dd17b2d2fe595f16b3718b3be88b788c34cdafb18f5d0ca1e,train
raw/orange/rotten/Screen Shot 2018-06-12 at 11.44.06 PM.png,orange,rotten,local,v3_ed1c5fd05d52755f7754ea1b773c56de,112da505f947e34f986ba9bb3a16bf96ee3041ca58bacb1a25ea5e924d462d22,train
raw/orange/rotten/Screen Shot 2018-06-12 at 11.44.24 PM.png,orange,rotten,local,v3_c0baf927aff164c289ac4e316820b01f,47e783e3b3e417c6d99e7d4f43a9f32be491163ca54397d58a9d9f045f82fcd2,train
raw/orange/rotten/Screen Shot 2018-06-12 at 11.44.29 PM.png,orange,rotten,local,v3_fb5516457b671fa71dd402f11a1d6bcc,5d3f3ee6ee4c912bcd4d79ba1ccda390e8494e5ad89c54f418d292401e50ad84,val
raw/orange/rotten/Screen Shot 2018-06-12 at 11.44.34 PM.png,orange,rotten,local,v3_934c3a492573ebed006f84f1a03a3030,1e17c8153456c533a4e876076246c24b4efeb868ffc03161e49a8d0ec3aa4e34,train
raw/orange/rotten/Screen Shot 2018-06-12 at 11.44.39 PM.png,orange,rotten,local,v3_9f27e8c11c27be3b1271be20c8251f28,fab07d1a23cf9727e16f9346ab204730d8669893d008db57680b9fced1d41b9b,val
raw/orange/rotten/Screen Shot 2018-06-12 at 11.44.54 PM.png,orange,rotten,local,v3_776a2ea00492a4344832032369a56b26,6ea6e212d25366c7629df51a7e05cfca68c6bb95c16bb6a82c9ee6d17592a4ca,train
raw/orange/rotten/Screen Shot 2018-06-12 at 11.45.12 PM.png,orange,rotten,local,v3_4a87aa465f992f85d4e5db6db3c18c69,c15fc69efc1a288d560b08a87dcbd0fe2c46de1850792f134a5d5cd594ec146f,train
raw/orange/rotten/Screen Shot 2018-06-12 at 11.45.17 PM.png,orange,rotten,local,v3_34cf256a39d59bcc384bde66a13c2f39,627bba3edbb9e0658a375414504613161c19661b5d5a48f6c2e7ac72ddec4e53,test
raw/orange/rotten/Screen Shot 2018-06-12 at 11.45.21 PM.png,orange,rotten,local,v3_87c7c26cf69172cac0857392f9b715a2,94495ed93e791505062c96fa740dc52ec95fdd947f8dd4f2c32c5b6107ffe0b0,train
raw/orange/rotten/Screen Shot 2018-06-12 at 11.45.28 PM.png,orange,rotten,local,v3_5675bda3fe16bc031e6f5f117eb515f3,e6d3f9cf0e9ca40b2c7b1fd233fb1ff9a90067a47abf6467a84dae33f5de063d,val
raw/orange/rotten/Screen Shot 2018-06-12 at 11.45.42 PM.png,orange,rotten,local,v3_1208c461ea570b545f80fe0ccd360dab,ab551127661a09c3dacfbd509a1714c58e4cc1d9b3283d43f4afea2a77907398,train
raw/orange/rotten/Screen Shot 2018-06-12 at 11.45.47 PM.png,orange,rotten,local,v3_5b658c52bdee5a43953f8555a34a471f,182b6975484a3d9651549b7981cb3334b293ac0ba5b33185648c314b8b68183b,train
raw/orange/rotten/Screen Shot 2018-06-12 at 11.45.57 PM.png,orange,rotten,local,v3_05365584911e1beb0092d014f212ba98,0b77adb7687ec7fde3dc60d45fae4a527c472349174f3037d75092ded38b813d,test
raw/orange/rotten/Screen Shot 2018-06-12 at 11.46.04 PM.png,orange,rotten,local,v3_f2f67e49a0a98db57d4300c5b48e9ade,30f44cc90f32b04db0fafb6816cbd61cfd0bc7e87c89e20ba430a1bb4686cf4c,train
raw/orange/rotten/Screen Shot 2018-06-12 at 11.46.10 PM.png,orange,rotten,local,v3_98e291d1a305ea94393621df1c56fa26,be753f5b57ea6b1f78aaaab14cdcbf83e38c2372c2ec53020a91d9e8b45ba6d7,test
raw/orange/rotten/Screen Shot 2018-06-12 at 11.46.17 PM.png,orange,rotten,local,v3_7d6bb79d316ba2866c1c60d5f556f647,baab9ad74edd1ba6144455fd3fcf929c03852a11ebe2e089a294e86d6ee3ea1a,train
raw/orange/rotten/Screen Shot 2018-06-12 at 11.46.26 PM.png,orange,rotten,local,v3_50afd8002e4c0881f36bb2a98cf302e7,8500ce1a39400dc92d62eaaac80cd4fc9593ac78915e77e4d92bb734f2f6aa87,train
raw/orange/rotten/Screen Shot 2018-06-12 at 11.46.56 PM.png,orange,rotten,local,v3_f9887313312a5c1799451f9cea94a3e4,14233bac923b206f26db580dc9808233f3f4b1cebd6655b19bab67cb79484454,test
raw/orange/rotten/Screen Shot 2018-06-12 at 11.47.08 PM.png,orange,rotten,local,v3_819bae14c2683dd41712434828502e1f,77ccc08b6059734fa3ad578493bbc5f942f903e7384ec254860acb11382d978d,train
raw/tomato/fresh/freshTomato (1).jpeg,tomato,fresh,local,v3_b61c74f1909ef6354d2aa6ecae9bb53c,e2a54b79da6029d726d327a7b5c9e80af00b2f9af3915eb9d725c0dbeb56518b,train
raw/tomato/fresh/freshTomato (1).jpg,tomato,fresh,local,v3_b61c74f1909ef6354d2aa6ecae9bb53c,084c8f22aed4ebb4a0b3509d712d859f9628fbcbafc1e5d4e4a7a2be6a04651e,train
raw/tomato/fresh/freshTomato (1).png,tomato,fresh,local,v3_b61c74f1909ef6354d2aa6ecae9bb53c,c75a0073fb6826d7331849bdeab056cee9564a27fb9dc0e1eb5b576569e76ce6,train
raw/tomato/fresh/freshTomato (10).jpg,tomato,fresh,local,v3_a3a71986ab3e0ec9f2efca08d4ba9cc3,3f2d6d2fb526e1df4e7a653967f6eb6bf272020fb3b5c4a994a1b10080a80265,val
raw/tomato/fresh/freshTomato (10).png,tomato,fresh,local,v3_a3a71986ab3e0ec9f2efca08d4ba9cc3,02db69208e9a306362e9eac80251c231f8c51e3b4d5a7831119faa5b232c6e2d,val
raw/tomato/fresh/freshTomato (100).jpg,tomato,fresh,local,v3_039de7677abbc32c5fe7b2c158669a3e,722e1734552f2906a7217abb5156e6e138521d528e7f8a7da742652fbb567ed8,train
raw/tomato/fresh/freshTomato (100).png,tomato,fresh,local,v3_039de7677abbc32c5fe7b2c158669a3e,34a3a5992d23934816195603c8935e576722d273c2ea8cc5a9ceb449139898b0,train
raw/tomato/fresh/freshTomato (101).jpg,tomato,fresh,local,v3_2334c68f0681e4236921b9f598d07713,385aafe94256a3d46f257e6354aed63ed71dce4ad0cd2164d8086a4688243eed,test
raw/tomato/fresh/freshTomato (101).png,tomato,fresh,local,v3_2334c68f0681e4236921b9f598d07713,b0d3765f59a21f81ded161ae0a1b14f410db6c2863a36c5bab1d578a5a24fea2,test
raw/tomato/fresh/freshTomato (102).jpg,tomato,fresh,local,v3_a96330716fc9ad4bffb9bd652a99c2d2,550f495c016abd44bc39f9621efb3bc5eeca05e73dc2900f9c29e48f0b24b347,train
raw/tomato/fresh/freshTomato (102).png,tomato,fresh,local,v3_a96330716fc9ad4bffb9bd652a99c2d2,051ba4867a3b90e68d3ff15a189bc481dadf1f247cb38e43a602b1e730f83630,train
raw/tomato/fresh/freshTomato (103).jpg,tomato,fresh,local,v3_abd213403140a3335aaec7fcfb7f1588,ea251399ff27e1fb737d6181fd3af34f8c7b2c14b233b1f5a458e2b1ab0c920c,train
raw/tomato/fresh/freshTomato (103).png,tomato,fresh,local,v3_abd213403140a3335aaec7fcfb7f1588,6ba96828a5d35cbf535491c56c8164f1b9eac22ab4eb62e036716e5eaa18435b,train
raw/tomato/fresh/freshTomato (104).jpg,tomato,fresh,local,v3_7a9d39093f179396ac968198b8936c4e,0cd65d3bdd5c66e243732b3c477b316ea146fb1c891be8794a431d6de79dd7be,train
raw/tomato/fresh/freshTomato (104).png,tomato,fresh,local,v3_7a9d39093f179396ac968198b8936c4e,7a35f0099093d0c1886e492e3a30dd1b7b87b223b1d0126d9fd2142281aac666,train
raw/tomato/fresh/freshTomato (105).jpg,tomato,fresh,local,v3_a9b31d7efeefb4863a94bc4192fb1382,fc273a6cd92d01ea044953e8ca5321b451d3e64db4f7f4bef19c8b52833c1923,test
raw/tomato/fresh/freshTomato (105).png,tomato,fresh,local,v3_a9b31d7efeefb4863a94bc4192fb1382,e41d1f331779e1e8dcf58d2e070b3f19a2ab72c4fa94a1b307e87498366e65a1,test
raw/tomato/fresh/freshTomato (106).jpg,tomato,fresh,local,v3_ce6dde8684a8192eb200a9d060bb6d56,2d65fc02896b75a871e7f9dc588e2b6643b086a0db9da8d23f2b8d5d22a52d28,val
raw/tomato/fresh/freshTomato (106).png,tomato,fresh,local,v3_ce6dde8684a8192eb200a9d060bb6d56,c5f811f1ab78ec06048f4f60d027f11f7963ab99e1bb8ce6780534066eaf92f9,val
raw/tomato/fresh/freshTomato (107).jpg,tomato,fresh,local,v3_4b7adb43f38b329756f8fa39e1d05dcc,3ddc2b3733c873177e14bc4cc0a7c4d2cc53386d85243c4c1529571d90d32622,train
raw/tomato/fresh/freshTomato (107).png,tomato,fresh,local,v3_4b7adb43f38b329756f8fa39e1d05dcc,99d363d97a80f5a7c09b653f00cf0c590019da64af5e4c5e6cee9fbed06fc765,train
raw/tomato/fresh/freshTomato (108).jpg,tomato,fresh,local,v3_d0faee2e6aaa3a204d799915f22a7837,dab1ff052ac96f82d417d1d204c330c112134e1e4eb1fb613f0bfd4368b8116c,val
raw/tomato/fresh/freshTomato (108).png,tomato,fresh,local,v3_d0faee2e6aaa3a204d799915f22a7837,fa6f0c820f7eb700527a5b8e8c7ab0e5e8746fd4c545351883631c7ee5abb92d,val
raw/tomato/fresh/freshTomato (109).jpg,tomato,fresh,local,v3_b0b09f7d4723a23fea7b1a8097b60ae2,133f04a73874002d8d744691fba8bea9b109467c289fb9a964ee25d6bac8ce22,val
raw/tomato/fresh/freshTomato (109).png,tomato,fresh,local,v3_b0b09f7d4723a23fea7b1a8097b60ae2,f19852e6ea9a48b12e31c9053e66140dfcde66ad388b52f3c35463db289041e3,val
raw/tomato/fresh/freshTomato (11).jpg,tomato,fresh,local,v3_521c5ab0684ddc04e1bbbbb70455bb27,2cfc5d904923a3b9a48bb21f18ee4234951f910a8c57da84c99837c700d2031b,train
raw/tomato/fresh/freshTomato (11).png,tomato,fresh,local,v3_521c5ab0684ddc04e1bbbbb70455bb27,70ab6525b5ee2e67475a972a89c5e2b1597d4eab2597369850ceda5206115ef9,train
raw/tomato/fresh/freshTomato (110).jpg,tomato,fresh,local,v3_31b5b6fdd2b7510f29cf224c781ed4b3,b6df30380d8b594e9eba3d35e567f527490b2150c6958f61360097386abc669d,train
raw/tomato/fresh/freshTomato (110).png,tomato,fresh,local,v3_31b5b6fdd2b7510f29cf224c781ed4b3,082d463b688e9b8aa1a0a460338756ee199fee37e025e554decfde89f098d7cc,train
raw/tomato/fresh/freshTomato (111).jpg,tomato,fresh,local,v3_1af89a5475ee0249b7061a40cd39b9af,498b5ff3cf367247b6ae146dc7606a07bff499c8102238f3522ffb870b7a84f8,train
raw/tomato/fresh/freshTomato (111).png,tomato,fresh,local,v3_1af89a5475ee0249b7061a40cd39b9af,918647005b3247317a7e00540467b689477fe5006ab6ba9e921b06fe24fead48,train
raw/tomato/fresh/freshTomato (112).jpg,tomato,fresh,local,v3_244bd3d090a15891c4d9f73f1a86f870,8f49203e0f25c419413939164ab384b0ddf8f3081b436aa9b258c7f7fac1608f,train
raw/tomato/fresh/freshTomato (112).png,tomato,fresh,local,v3_244bd3d090a15891c4d9f73f1a86f870,06911c4ed5ba5e73c0120d4674150ea3148dee9cb23b6dceea428eba6771d94d,train
raw/tomato/fresh/freshTomato (113).jpg,tomato,fresh,local,v3_6cfeea1a108555150d849742e4ecb53d,9854394f9e2eee24ed6cc3f6f56cf03850e12de0855c0e6c692251f2986f481a,test
raw/tomato/fresh/freshTomato (113).png,tomato,fresh,local,v3_6cfeea1a108555150d849742e4ecb53d,914e44c283df9784f85fc596233b68d384af6ae8f26432e11ef92d7ac514bb2d,test
raw/tomato/fresh/freshTomato (114).jpg,tomato,fresh,local,v3_c6d20874fa9712cde4d2a6da62e9a04f,100d21d313b56dbff594856151d05869ae55d27ad071b700b6b974518030568e,train
raw/tomato/fresh/freshTomato (114).png,tomato,fresh,local,v3_c6d20874fa9712cde4d2a6da62e9a04f,de3c46ad98250259c5d2323361ac8d61e93bae1db54862dba754de3eb53da7b9,train
raw/tomato/fresh/freshTomato (115).jpg,tomato,fresh,local,v3_ac8e9c9efac9bb69526db4347d9b326b,4f0e5b6e88a33fcce9032bdb92388f18efd376fa86f590f3ecb8377bae3ed63a,test
raw/tomato/fresh/freshTomato (115).png,tomato,fresh,local,v3_ac8e9c9efac9bb69526db4347d9b326b,ee99ab963532af0676006bb6da793a113a6690a8bd2c1e59b16c5519bfd3e323,test
raw/tomato/fresh/freshTomato (116).jpg,tomato,fresh,local,v3_94587f85cc0b2df6c6a144478f4330a0,ed4899f5a2f0bf0f034b20e832f5f26c5725f0a7f0e1e00a64f39d65f5807263,train
raw/tomato/fresh/freshTomato (116).png,tomato,fresh,local,v3_94587f85cc0b2df6c6a144478f4330a0,7a5c20cac7d765d6f769e97ff730dd0c4402982e9d7609e768181b0fd4f32a70,train
raw/tomato/fresh/freshTomato (117).jpg,tomato,fresh,local,v3_baa2f70fb539fdfae4f47be7e794522b,d4d539c9634f29696d7a9539b373406e028a934548db9ef7b59feff74e2bf42b,train
raw/tomato/fresh/freshTomato (117).png,tomato,fresh,local,v3_baa2f70fb539fdfae4f47be7e794522b,16d0710d2c01ee4737f1abac3ca885862025bf57525f74017dc7d2b6332e7c60,train
raw/tomato/fresh/freshTomato (118).jpg,tomato,fresh,local,v3_1338c8ac2835c19e2857b830affadc93,b9d5cd6758650f4d81211f4cac53417f65b5261cbbe48c35221df4661211937d,val
raw/tomato/fresh/freshTomato (118).png,tomato,fresh,local,v3_1338c8ac2835c19e2857b830affadc93,02b5fb23e060f28ba98456ccb87b3fb0deb7e36ae22be4872d0838feff986854,val
raw/tomato/fresh/freshTomato (119).jpg,tomato,fresh,local,v3_bb885173ea26a8fbb5e428847480dcfb,e4faec93563b5a12f64520c0609a050d95c3f27d4ccc4f64e19c2ba572613b3c,test
raw/tomato/fresh/freshTomato (119).png,tomato,fresh,local,v3_bb885173ea26a8fbb5e428847480dcfb,b206e38ce6c8a9629d2e7b72b18613b3da5c4401d7db9b3965cb6f58ba515527,test
raw/tomato/fresh/freshTomato (12).jpg,tomato,fresh,local,v3_b832d267039ec3cb22b2971538ad4945,5095701a500211d3d8bc407b7477ec4b590c92873abae2728596dae5ac8cce77,test
raw/tomato/fresh/freshTomato (12).png,tomato,fresh,local,v3_b832d267039ec3cb22b2971538ad4945,81e2ff19668ed9bc7494966a726b99d23e12ff5c92529f35ebb4be316cb10aa4,test
raw/tomato/fresh/freshTomato (120).jpg,tomato,fresh,local,v3_5b5e452982e17a4145b0f2db95e9f6bc,3f35ffe6d49026f15dab2426c0fcef2eefff11d870258d2793ed785a6209db92,train
raw/tomato/fresh/freshTomato (120).png,tomato,fresh,local,v3_5b5e452982e17a4145b0f2db95e9f6bc,7f93fe26b718f336c93cc1a964388e5a927ac9864ac46f223b10642b1cc073fd,train
raw/tomato/fresh/freshTomato (121).jpg,tomato,fresh,local,v3_0520c62ef5425489e8eab4c9f75fc37c,2ab07656f2b87511ad3910b00b0f9f987f344e10b8b96e7bb4b1d9172de4814e,train
raw/tomato/fresh/freshTomato (121).png,tomato,fresh,local,v3_0520c62ef5425489e8eab4c9f75fc37c,5bbf0a2bd540d1c2fa470a10291cdabe601c263341464a11e06fe5d13e98c180,train
raw/tomato/fresh/freshTomato (122).jpg,tomato,fresh,local,v3_3317099a7cdca4fc4fbfceca6dad825b,ccc0c53c7bfee6aa31e0ea5552df02b947a7bd3466b6986cc81e8b6c30bc68d1,train
raw/tomato/fresh/freshTomato (122).png,tomato,fresh,local,v3_3317099a7cdca4fc4fbfceca6dad825b,7e6a37c53c2ac80203397fbc6918f15573799dc082983328b0ccee364959060b,train
raw/tomato/fresh/freshTomato (123).jpg,tomato,fresh,local,v3_1f12e33fafa3157bacdf9c1f4eedf3c7,5528cb399a7621ffc3b97420f0be51cf0ec2483adc76e9fd2f28d0d0018d529e,train
raw/tomato/fresh/freshTomato (123).png,tomato,fresh,local,v3_1f12e33fafa3157bacdf9c1f4eedf3c7,44377e77d0c7d659a131b9423001568ea1f95672b23ac7c014bb4b18c8023c34,train
raw/tomato/fresh/freshTomato (124).jpg,tomato,fresh,local,v3_04e7f12a2ee4d6ea9a7ee4bcb4fff862,2c0932d8b80153fdf96f8f1d13e33124b8fde5b46b3a07a23277b4c691edf472,val
raw/tomato/fresh/freshTomato (124).png,tomato,fresh,local,v3_04e7f12a2ee4d6ea9a7ee4bcb4fff862,5d7b0f13e2cebf73a8b11666563c28fd14ddca48bd9c57ab68f18e65afaef67b,val
raw/tomato/fresh/freshTomato (125).jpg,tomato,fresh,local,v3_30072824b29e2fd66f90fd05fa199c09,bc02517cff1ea48f2289a367c605eaf43c1d871141c24d580856900371c1a08f,train
raw/tomato/fresh/freshTomato (125).png,tomato,fresh,local,v3_30072824b29e2fd66f90fd05fa199c09,2087909a79c58c0ecd8dc3062d03573f531fae3a87cdb0fb80d86871462e5b07,train
raw/tomato/fresh/freshTomato (126).jpg,tomato,fresh,local,v3_55e70e6b2b4ec2db54c3f1613144971a,b9765670e35c9eb6e1740f35720adf75b73bff061b441e62fb1b5fa4c914a92a,train
raw/tomato/fresh/freshTomato (126).png,tomato,fresh,local,v3_55e70e6b2b4ec2db54c3f1613144971a,aba2eaff0741e3d6ae04e10f2d07c7c4fa3ce938bb4d57661aaa5df4550ae010,train
raw/tomato/fresh/freshTomato (127).jpg,tomato,fresh,local,v3_e8f33882e5ecbbc6267ff97b25ceab07,d5f9d26ad7b9b2b423806dc1957e015aaa4f4fce42910e9b4b50daf5ed46eb18,train
raw/tomato/fresh/freshTomato (127).png,tomato,fresh,local,v3_e8f33882e5ecbbc6267ff97b25ceab07,9cf2c0740a0adfe29874f202fe41870ca07be5f4fed0f9baace3bfafdf2dd1ca,train
raw/tomato/fresh/freshTomato (128).jpg,tomato,fresh,local,v3_f443a72dbc874de537c0de9059835699,456c8bac0b73502a0bceb583ab8944d1909b6fe24b14c2e9f46ec897e3822311,train
raw/tomato/fresh/freshTomato (128).png,tomato,fresh,local,v3_f443a72dbc874de537c0de9059835699,dd8b49adeea67478e9ed697ac0a58819e55e10a520555cb9bcdefc69dade27ea,train
raw/tomato/fresh/freshTomato (129).jpg,tomato,fresh,local,v3_bab0ede84c51382e4cc6f1fd8dd0d22c,8a0b2f5ceea36063e74876961d18db5d29b9c3a9e7f28f52e775e697d69ba7ba,train
raw/tomato/fresh/freshTomato (129).png,tomato,fresh,local,v3_bab0ede84c51382e4cc6f1fd8dd0d22c,6f0d3f4440afd6d0b99e0643666600b07276247f4596f62070ac130e761e2d5c,train
raw/tomato/fresh/freshTomato (13).jpg,tomato,fresh,local,v3_7d418f415f2bd8cad930eab39a55f22a,4747b429a3e26cd0dedbc0ffd7a9c43321622a869da8447041b6c72df77b7c63,train
raw/tomato/fresh/freshTomato (13).png,tomato,fresh,local,v3_7d418f415f2bd8cad930eab39a55f22a,0701f903a627dba86b51945d62431300f320758fc6f2d02e82fc7c17f7a94449,train
raw/tomato/fresh/freshTomato (130).jpg,tomato,fresh,local,v3_84b965aa6b9351d69ab2b131d279f9ac,b79269eda99889f4abde41cc6d3235b67327f0a7771122dc9b2f4d434bc27afe,val
raw/tomato/fresh/freshTomato (130).png,tomato,fresh,local,v3_84b965aa6b9351d69ab2b131d279f9ac,1d7412ad54fe067032705b1d68e509183b0d10b056fdfcde28ad75ed0df86e47,val
raw/tomato/fresh/freshTomato (131).jpg,tomato,fresh,local,v3_4e1948f2a6823bf34e6d8c73ef921544,e155ac2a9e5d9178b849e89734fb9a0ec6054cd9a7949383c07cb97d92d23f13,train
raw/tomato/fresh/freshTomato (131).png,tomato,fresh,local,v3_4e1948f2a6823bf34e6d8c73ef921544,ffa8119e1d290c98bff124e0b570e06749d0571501495aa32a11159f4e5fad29,train
raw/tomato/fresh/freshTomato (132).jpg,tomato,fresh,local,v3_bfca5ba1ecc3ac4fd4b6bd27821f8612,75c02f9a7d31da46e0e4fea5efcdaa7ac5cc9f98aff1fe250d4cca868d4b428f,val
raw/tomato/fresh/freshTomato (132).png,tomato,fresh,local,v3_bfca5ba1ecc3ac4fd4b6bd27821f8612,1545729b3c6ed7b7bcd16146843beca14f3f0026b634667ccba715b4b43397f5,val
raw/tomato/fresh/freshTomato (133).jpg,tomato,fresh,local,v3_71cc1b4341f2b340ba583e5f36065574,0195aeccafdb4079498f87a720d6011f797ebf877ccad56b283f63b567a17db3,train
raw/tomato/fresh/freshTomato (133).png,tomato,fresh,local,v3_71cc1b4341f2b340ba583e5f36065574,8c4991b033b10ca941a80ce075a39fe819a0bd8bded422dce9bba14f9b19373c,train
raw/tomato/fresh/freshTomato (134).jpg,tomato,fresh,local,v3_c2feb8c31ff6bf47e2cc2215bf31fbb2,f86fb8620748f35b696c5ed9b05e5d0e385a6d6576af93a381671fe166a6720d,train
raw/tomato/fresh/freshTomato (134).png,tomato,fresh,local,v3_c2feb8c31ff6bf47e2cc2215bf31fbb2,9c7b923cc19bbb8c457045a1d96d90d7e798d584d65d10452f8add0a6ed1c8b6,train
raw/tomato/fresh/freshTomato (135).jpg,tomato,fresh,local,v3_a7f5a900062554d1d802440c909c030c,e5171b68ad0c716f8a55782355c6ef8897b93e7b945ff42f6f6f6a39a48e5fae,train
raw/tomato/fresh/freshTomato (135).png,tomato,fresh,local,v3_a7f5a900062554d1d802440c909c030c,3158d53d6c31221bccefbdd916b4bea46830213024cdd2b0385f021c829e1270,train
raw/tomato/fresh/freshTomato (136).jpg,tomato,fresh,local,v3_15cf22f3c0cad50928508e38dadd5d3d,4187dcc1ddb40e454ea8442e2c6338b463a5da6934ab4ae2f54571890522861b,train
raw/tomato/fresh/freshTomato (136).png,tomato,fresh,local,v3_15cf22f3c0cad50928508e38dadd5d3d,ede827838a3abba34bcbe99116041e8e9f7ecf30b1ab6991e3eaba4789269c7c,train
raw/tomato/fresh/freshTomato (137).jpg,tomato,fresh,local,v3_6fcec56f0954209a8dfdaca230bb7c55,e0f7d6547a213687a5e314553695adf8fcdffca9bcf03e87fd34aa27f9258513,train
raw/tomato/fresh/freshTomato (137).png,tomato,fresh,local,v3_6fcec56f0954209a8dfdaca230bb7c55,52325d7d87bf867bac3da26bfe51465ca4625584319366c02fd6a7ea49ffbe62,train
raw/tomato/fresh/freshTomato (138).jpg,tomato,fresh,local,v3_44ce4399b47fa6ded4febfb514434576,ff72c75d77753c62d134c1f22ba3e1d355502fe51d6808942da6ab472d0fecaf,val
raw/tomato/fresh/freshTomato (138).png,tomato,fresh,local,v3_44ce4399b47fa6ded4febfb514434576,0262ddb53d02939581e6e759de8f184180930e4a61fdb0cad05bff4d0588d387,val
raw/tomato/fresh/freshTomato (139).jpg,tomato,fresh,local,v3_c5c76ff4a39568870f726493d1523bdf,7449edea328b56a43c17aafc967469dbc287421177eed1f8660aa6dbaca9e387,train
raw/tomato/fresh/freshTomato (139).png,tomato,fresh,local,v3_c5c76ff4a39568870f726493d1523bdf,0c00f9f8bda4f0c6d447eb8865ba1126c2694ae99cd9d2f3b09d71883b54d543,train
raw/tomato/fresh/freshTomato (14).jpg,tomato,fresh,local,v3_edd9cbccd8328f3ff4db42a2211f8304,cfc679e49e0f006ebcf59bea7da44e9b8b47404bcacb13ba0044f73e130335ee,train
raw/tomato/fresh/freshTomato (14).png,tomato,fresh,local,v3_edd9cbccd8328f3ff4db42a2211f8304,6e810448ea0226893548e422630b0668c5cd71a3d2f27879d5c02530eb3f55c0,train
raw/tomato/fresh/freshTomato (140).jpg,tomato,fresh,local,v3_da2a406fe28515bf7507368fcc7a30b4,d5363abe607c04a076f9422c9cf7b162dce7b2819487bdca073d82006d352fac,train
raw/tomato/fresh/freshTomato (140).png,tomato,fresh,local,v3_da2a406fe28515bf7507368fcc7a30b4,726296a048c6c2098d4881a2f3282affbed236995ba9c282d240cd919ec7e96f,train
raw/tomato/fresh/freshTomato (141).jpg,tomato,fresh,local,v3_ef1423b650aabb5e92f8d61b9344872a,b3bdce03e639e70435eecc62004a22c6fb474899cc317907b1d774cfc7564198,train
raw/tomato/fresh/freshTomato (141).png,tomato,fresh,local,v3_ef1423b650aabb5e92f8d61b9344872a,627291c5fffe09cd21b790aaa15474fdb1804bc6fdf0331d18b22adf598109f9,train
raw/tomato/fresh/freshTomato (142).jpg,tomato,fresh,local,v3_56881d99b2d07f86f2bfee255514ce11,a3fba7eb7d5ec832a15e4e53dfca79ae6bf1cb1875fa58f4f0e333ffb8840ae0,val
raw/tomato/fresh/freshTomato (142).png,tomato,fresh,local,v3_56881d99b2d07f86f2bfee255514ce11,9104f6b7b1ac2c312f7d8dc157fad9ef719a8e2d8a96652ae3896b048474b8d6,val
raw/tomato/fresh/freshTomato (143).jpg,tomato,fresh,local,v3_7ebacf4e6a74ab1d372b2f3ae84563b8,a0d409a45c0d3a3733824d63488cc56df8ae6673e2b2250543a25563abd8c19b,train
raw/tomato/fresh/freshTomato (143).png,tomato,fresh,local,v3_7ebacf4e6a74ab1d372b2f3ae84563b8,0f0e43028cee55125e6918a72c05989d9baf28e3b7d9d26be1b1a73c210898d0,train
raw/tomato/fresh/freshTomato (144).jpg,tomato,fresh,local,v3_c65d5e89eba31f20b9632c2c6ea8138f,19a5fe869879b870b2cef1c13408859afca9b1f5b7c20bc532443933a456d279,train
raw/tomato/fresh/freshTomato (144).png,tomato,fresh,local,v3_c65d5e89eba31f20b9632c2c6ea8138f,0c5731455efb323c66a9477c2f1006dca879eef09824f572cdc6dc74c95f5a4a,train
raw/tomato/fresh/freshTomato (145).jpg,tomato,fresh,local,v3_6e946d064fb32eaab3a075f97b8ed4fc,9a9930054adbb94dba99004f99602d01fa852c25a6eacab34324dca3ab63eb56,train
raw/tomato/fresh/freshTomato (145).png,tomato,fresh,local,v3_6e946d064fb32eaab3a075f97b8ed4fc,2633bb5e8b911d5193abc7f6f225dae88922e7ce807279fef9a3cd1188fb57aa,train
raw/tomato/fresh/freshTomato (146).jpg,tomato,fresh,local,v3_a406590caf723199b7a850761271c55c,863a76e4b17fec725e86b478ac4c83c8537be592ab48003697521749e75ba5f3,test
raw/tomato/fresh/freshTomato (146).png,tomato,fresh,local,v3_a406590caf723199b7a850761271c55c,809f47bc0eefa08af0d016e89c7ba6e07a675851b7aa088ff6e19870d71c927e,test
raw/tomato/fresh/freshTomato (147).jpg,tomato,fresh,local,v3_dc11051e1cb577dd6a877bdb23bbf700,cce8eb1a4a53abcd6d749a85a6d27c017bfe2d2cc7f8e3a692240b5fde0c8cf8,train
raw/tomato/fresh/freshTomato (147).png,tomato,fresh,local,v3_dc11051e1cb577dd6a877bdb23bbf700,b96d1e453c8b3973c8ebb9901d75c27fe31bcb7bfe494d7cf308cd5a721f6ff1,train
raw/tomato/fresh/freshTomato (148).jpg,tomato,fresh,local,v3_53215ad65968a009ff5926acd5c9eee2,97bf8a81fff0cf1b2e1e7459a48240fe868ec143848602b6abd51e2840a366ac,train
raw/tomato/fresh/freshTomato (148).png,tomato,fresh,local,v3_53215ad65968a009ff5926acd5c9eee2,94aee4dad1bd2bab489393e7adf189dae9efcf1cd3f267325cc47caf5ff31633,train
raw/tomato/fresh/freshTomato (149).png,tomato,fresh,local,v3_2050acb11cf50e8913912fe392c56071,d8a87c4208674fb6843596080b3445d6d18aa7a8466f81955190cec105351154,val
raw/tomato/fresh/freshTomato (15).jpg,tomato,fresh,local,v3_21943a93841533e9bb7bbb4ec6b9ec28,c38aeac1cab131d06e665d816cd9e7d0ab4ef789f1cd4662b80f7d5679d002d7,train
raw/tomato/fresh/freshTomato (15).png,tomato,fresh,local,v3_21943a93841533e9bb7bbb4ec6b9ec28,e70e19bf165314a737b086bff9bfca917bafa89d1602cdaa3bfbe52ada817d0a,train
raw/tomato/fresh/freshTomato (150).png,tomato,fresh,local,v3_5014360f48430ac73d675b43a1704893,f23cd2ce85bfe72fe6b1e6873f1e01f4dbe439b90469e12aa5ea02b58754bbd6,train
raw/tomato/fresh/freshTomato (151).jpg,tomato,fresh,local,v3_3958ee3b56ecd8f6996d1c0cbc0f7122,97d97631e70bd8227f949f3b5a093a3cdbe8ad8bc11af2a748a3b387b97aa4d4,train
raw/tomato/fresh/freshTomato (151).png,tomato,fresh,local,v3_3958ee3b56ecd8f6996d1c0cbc0f7122,2245412952e511ffd25f0336266dfc63877c2d1a9238e350b0bddae96b96ea56,train
raw/tomato/fresh/freshTomato (152).jpg,tomato,fresh,local,v3_1d9e61ab93457ab4fd727c4acf4efba9,b0c83aee3b1a0284a58a7b226624e7334dfec8cb7582e123aef84c0bade3321a,test
raw/tomato/fresh/freshTomato (152).png,tomato,fresh,local,v3_1d9e61ab93457ab4fd727c4acf4efba9,9ab2781507ce21bba7b0751921b3f24a1a41638af66fc32c180cdc1df40f5b3d,test
raw/tomato/fresh/freshTomato (153).jpg,tomato,fresh,local,v3_1b1543ccb41dda4298364fa5e4a1d9e5,38e0d18da912c27ef2f04fe0c19d8f5af39bdd2dd623eb393f4d38b7f0c5a2e9,val
raw/tomato/fresh/freshTomato (153).png,tomato,fresh,local,v3_1b1543ccb41dda4298364fa5e4a1d9e5,d148b708af18985c4eee451322f89029c33fd63c66008d0f5bf543556eef8803,val
raw/tomato/fresh/freshTomato (154).jpg,tomato,fresh,local,v3_dc140ea69c12820be196ac536bb1d1f5,5c4c371fbccb23a15eb06f9a31398278a0afeb2d083dfd06fd820321430793ed,val
raw/tomato/fresh/freshTomato (154).png,tomato,fresh,local,v3_dc140ea69c12820be196ac536bb1d1f5,2299224d5848ae26dd7280fd8af12173cc5e6445a5cf09a87a7f6bce115e5fe3,val
raw/tomato/fresh/freshTomato (155).jpg,tomato,fresh,local,v3_d92fa4d537e398a34415b2220f292a3f,3d7de183b9c509c06dfdb2104f5dea12a2efb6fa0e4f7630550ad7fcb14d4d63,train
raw/tomato/fresh/freshTomato (155).png,tomato,fresh,local,v3_d92fa4d537e398a34415b2220f292a3f,8c87aade2229b0b5cd948d1c522bf3bdfdc8c2a18c49ba94c8b635e608ce68c3,train
raw/tomato/fresh/freshTomato (156).jpg,tomato,fresh,local,v3_c86f6d163bf3415fdc9ae77720058e49,b647a05e09be96de16786b545edb6f27fc12a14fe25adb9636a9bd49962b1576,test
raw/tomato/fresh/freshTomato (156).png,tomato,fresh,local,v3_c86f6d163bf3415fdc9ae77720058e49,f0c5947406a264b28e449a49a1376a719d9ee95c54beeb3e4a436b62a165bcec,test
raw/tomato/fresh/freshTomato (157).jpg,tomato,fresh,local,v3_56be06df562724d67547afaacab4de4b,aef47f71ac0ec9f376c5331d9140e12f51a9da2a27cd20ad323227adbec0b457,train
raw/tomato/fresh/freshTomato (157).png,tomato,fresh,local,v3_56be06df562724d67547afaacab4de4b,778181d04c24ffa8263cc134c4e61fb3eaf448d4f7331fb2d501a151a041de1b,train
raw/tomato/fresh/freshTomato (158).jpg,tomato,fresh,local,v3_0dfdaf2438e583f91d5f2233f4c3fe2d,63223ac1c9f31ebe505f093b0a2c98f46bd44c47d90d4fcc4da69f4a3653eb42,val
raw/tomato/fresh/freshTomato (158).png,tomato,fresh,local,v3_0dfdaf2438e583f91d5f2233f4c3fe2d,39c41100a30541f238399aafab0641bfc8bf6bff4d4a5d6af726884261485385,val
raw/tomato/fresh/freshTomato (159).jpg,tomato,fresh,local,v3_0bac01ab65238aa6c741abe2f691a74f,3258393f45ce5eb349ee4d7cb28da548df67923c909db737b0fb20599376cd70,train
raw/tomato/fresh/freshTomato (159).png,tomato,fresh,local,v3_0bac01ab65238aa6c741abe2f691a74f,a87bfbbb4ca6224f0afa07a85c0ff9d8b6620dbc0e540aed92f8b5d402d7608c,train
raw/tomato/fresh/freshTomato (16).jpg,tomato,fresh,local,v3_2a13867affc6d05b1a77c3187a69208a,bb87d27aabc46c9bc6888020b477221f492752cb4418ac0c5088facc60ae93f6,train
raw/tomato/fresh/freshTomato (16).png,tomato,fresh,local,v3_2a13867affc6d05b1a77c3187a69208a,93d372a9257691e286648ca212fdacd6eb27409290b3d95b5c7286f54978c7ec,train
raw/tomato/fresh/freshTomato (160).jpg,tomato,fresh,local,v3_b9545a4739922ea0fce55e3b4742ac4c,73cca1f0c77f04ca2ce57b1f08ca1360c48b54272d3fdf72f72b54ab085dc7ef,train
raw/tomato/fresh/freshTomato (160).png,tomato,fresh,local,v3_b9545a4739922ea0fce55e3b4742ac4c,c6c2c259bb7380da4f61b37bfca985e218732047b2f1d06b6416234d2cf97c6b,train
raw/tomato/fresh/freshTomato (161).jpg,tomato,fresh,local,v3_f3344d2980570fd05a7d28e05992d0f9,e64cd273474ad1c40109c148631edbe2a70ef644e890b48aa28cd953465398a0,test
raw/tomato/fresh/freshTomato (161).png,tomato,fresh,local,v3_f3344d2980570fd05a7d28e05992d0f9,8b5e2d068d4658f11d82294bfa5e9a8fbef6ceaf7a3518ff340fb155c4e22ac6,test
raw/tomato/fresh/freshTomato (162).jpg,tomato,fresh,local,v3_723166e4c549534e2026af9be8df36df,0e7d9ddb89739b43e7d13516fc25649a621319b79e12d56ca5d43da6cd1421ed,train
raw/tomato/fresh/freshTomato (162).png,tomato,fresh,local,v3_723166e4c549534e2026af9be8df36df,98fa6ae1acea6768be6150cf1e7f7e8ed9e7eeaecb88d7fa7f61ae832cf8eade,train
raw/tomato/fresh/freshTomato (163).jpg,tomato,fresh,local,v3_f7ea4fcc1d2f50f6a9d4387983047c53,2873457b62d06a200cfe7aac29a4b486dda7843616f93f6c7a98047c84a7347c,val
raw/tomato/fresh/freshTomato (163).png,tomato,fresh,local,v3_f7ea4fcc1d2f50f6a9d4387983047c53,c945f47747828dd740b928c1be79c2bd79abd2771e653eb8f512d184e1a28fbc,val
raw/tomato/fresh/freshTomato (164).jpg,tomato,fresh,local,v3_cdbef2e471a8242a935cd1f3158c9151,8bbf4488fdb513bfdb3b2918b87798d38394c18b682768ccb2ef31fdef81336f,val
raw/tomato/fresh/freshTomato (164).png,tomato,fresh,local,v3_cdbef2e471a8242a935cd1f3158c9151,f1cc177ffccc401db4a4ed8933e65c0ce02d405fa6d911a329e7972764de0e83,val
raw/tomato/fresh/freshTomato (165).jpg,tomato,fresh,local,v3_c9846024eb48c344cccb3baa680f399e,2a0043d3fe1fb9577e33fe8a4f2df7bba7cef2886c1aafe5586eb2b7d271ab20,train
raw/tomato/fresh/freshTomato (165).png,tomato,fresh,local,v3_c9846024eb48c344cccb3baa680f399e,2c86ab8f2370483639cf321c87006848cbca3e575530ad26ca4822603876738c,train
raw/tomato/fresh/freshTomato (166).jpg,tomato,fresh,local,v3_c9dc86b4de4220f94d658f6b9905cf44,ab1a0dc11b61cb6f39131202304b4ab35fe466173d78b6797ecac0664014b763,train
raw/tomato/fresh/freshTomato (166).png,tomato,fresh,local,v3_c9dc86b4de4220f94d658f6b9905cf44,473e0687d58dc90ea44a3520f5892adb8a92067a75ccee109d5bc3ed27e76571,train
raw/tomato/fresh/freshTomato (167).jpg,tomato,fresh,local,v3_39852a44addbc896fa90d2dcec089f39,9211cc265fd7ec954c12c60513d1ce53291efecd963a208c0822e4cb9b58b2f5,train
raw/tomato/fresh/freshTomato (167).png,tomato,fresh,local,v3_39852a44addbc896fa90d2dcec089f39,3ff654c89375270c67143ce40c34db0fe762f19351c265a4795369af83b91fbf,train
raw/tomato/fresh/freshTomato (168).jpg,tomato,fresh,local,v3_2583e070f11ff70d09737616393fb6e3,0433dd793170da1eb560d7f4e1853a8fce976757becc2b80e85323ccdf079219,test
raw/tomato/fresh/freshTomato (168).png,tomato,fresh,local,v3_2583e070f11ff70d09737616393fb6e3,a2b17b43ee5afd83115d0b368308a5419d46da7189b6f82cc3a048995fe9645f,test
raw/tomato/fresh/freshTomato (169).jpg,tomato,fresh,local,v3_870a415fce34732cfaef4f9f58112558,ab41edcb102561982f0b69f5c6a7587c1b53e57a082776660b431f62326b3e4f,train
raw/tomato/fresh/freshTomato (169).png,tomato,fresh,local,v3_870a415fce34732cfaef4f9f58112558,a67751815bd9e7028a80548cfb35bd7660d47600869e7a47035b19ffa9ac5208,train
raw/tomato/fresh/freshTomato (17).jpg,tomato,fresh,local,v3_6fbcc36f9b9b979272c58f24e12683f6,9193e44a6e8744a28a4ec4b2d8359264cebb26d33068d24880116b0c62074e08,train
raw/tomato/fresh/freshTomato (17).png,tomato,fresh,local,v3_6fbcc36f9b9b979272c58f24e12683f6,91f72901681b3ad140280b5c994fd50834ba80b362c2842c8ed50f4537359593,train
raw/tomato/fresh/freshTomato (170).jpg,tomato,fresh,local,v3_3d2968e5cd98aa97067498ec2e42a3a2,3c1212298126308b3ff4062513b9881cc1f53385c18762444b10547a5d84154f,train
raw/tomato/fresh/freshTomato (170).png,tomato,fresh,local,v3_3d2968e5cd98aa97067498ec2e42a3a2,ed472576934d1a4e4e4baa3da1a156e2e108ae4391b80c380007af6ebb453c44,train
raw/tomato/fresh/freshTomato (171).jpg,tomato,fresh,local,v3_71cd6db93db0c6029e35163478879025,99086e409e2491e92909d6048d85fa0a675d1862274a31186bbc1437cdde16e4,test
raw/tomato/fresh/freshTomato (171).png,tomato,fresh,local,v3_71cd6db93db0c6029e35163478879025,b3f0e5d05b913993d3cc41d5d8a63d9215e9529917b3f0befe4acb6eb1f76480,test
raw/tomato/fresh/freshTomato (172).jpg,tomato,fresh,local,v3_c967547b69c5cec18fe2d53be007d9ba,0d843e6b6e036fdfd0ee4d85e15db50107077a68f46effd94ca3ce29e329bcfa,val
raw/tomato/fresh/freshTomato (172).png,tomato,fresh,local,v3_c967547b69c5cec18fe2d53be007d9ba,6ab1db72c045f570ea2309e84880cdc3f1f93bde3f2deb9b86802ecfaa75046b,val
raw/tomato/fresh/freshTomato (173).jpg,tomato,fresh,local,v3_30e6910ea151e8d5af2f29828b6649ff,c5529b533b7c7d24fa789a6e15d9d3126365178b52076d3da9becf271ee356d4,train
raw/tomato/fresh/freshTomato (173).png,tomato,fresh,local,v3_30e6910ea151e8d5af2f29828b6649ff,476004068e564581df45ec88463d496db70a9f5b913eec66d73fc772611016f2,train
raw/tomato/fresh/freshTomato (174).jpg,tomato,fresh,local,v3_23f59f37c9abc26c48f680f649bb23be,51304081575708265f02fa61f36849813b04826d8098fa07e3af07c116ddc7dc,train
raw/tomato/fresh/freshTomato (174).png,tomato,fresh,local,v3_23f59f37c9abc26c48f680f649bb23be,2f7a219b096fce30bdd630394ea832aa79d6af430ec2ec65d24623ada18ff7e8,train
raw/tomato/fresh/freshTomato (175).jpg,tomato,fresh,local,v3_97cbde14969b960f50f9821b4f1b916f,88c3f78a2dbe99fa2a3489771c747e6087a05a0a602ea28be83ba5c667737b58,test
raw/tomato/fresh/freshTomato (175).png,tomato,fresh,local,v3_97cbde14969b960f50f9821b4f1b916f,5609bd287c781faaf3762a30938b981489d27d8c3ba10bb5080715f73366ef38,test
raw/tomato/fresh/freshTomato (176).jpg,tomato,fresh,local,v3_64f9e58c0859a2b3b009e30ce695233e,e38d3e1c63fd73ae8714bae743efdb203e4524913130be4516e7ee67edc9a5f9,val
raw/tomato/fresh/freshTomato (176).png,tomato,fresh,local,v3_64f9e58c0859a2b3b009e30ce695233e,58e8b59e1e23d5fd1e9f895ad0b779bdc791689634c6aac4e9a8607dda8d2c47,val
raw/tomato/fresh/freshTomato (177).jpg,tomato,fresh,local,v3_dd7fbcff8900e13b48c8ec8909885d74,8db1ad6cd0d6e4a246439d79871a8afd41a2b7a1e607cb7b15141a5071c207f1,train
raw/tomato/fresh/freshTomato (177).png,tomato,fresh,local,v3_dd7fbcff8900e13b48c8ec8909885d74,1b0ada34a079568ab2cb49583bdbadeb8fba97620892af911ae25b46e1a6580e,train
raw/tomato/fresh/freshTomato (178).jpg,tomato,fresh,local,v3_550f58456c9ea12f5ec136a9b0a46c77,baee1744b057c8f043b7a82ec4954f26221e20e371f5a191d2560a854d3b2295,train
raw/tomato/fresh/freshTomato (178).png,tomato,fresh,local,v3_550f58456c9ea12f5ec136a9b0a46c77,9ab202deb987a404794455fa8f50336df3a356544b26c2efa939247d90519986,train
raw/tomato/fresh/freshTomato (179).jpg,tomato,fresh,local,v3_f0d09ed4cbe15505290e4f8e272b68cd,fc294848c215b73816b4897e29d8f00933e98f399165ba9c4cee75e9cf2b3993,train
raw/tomato/fresh/freshTomato (179).png,tomato,fresh,local,v3_f0d09ed4cbe15505290e4f8e272b68cd,5ee909dd9035f7f6aa7fce8dae3390ad41dc62ab2b9b7ef01dee4a928b289a5e,train
raw/tomato/fresh/freshTomato (18).jpg,tomato,fresh,local,v3_f51af3e8a9da71055ccd7920111347f3,147ccdd13874cd3505b29fc066268c41cfe2a1e211c2b4125c6af0ab04a09db6,train
raw/tomato/fresh/freshTomato (18).png,tomato,fresh,local,v3_f51af3e8a9da71055ccd7920111347f3,e7bc4122b0b44b28901f5a98000337edab2a26d2468eeb5a89956f20319e873a,train
raw/tomato/fresh/freshTomato (180).jpg,tomato,fresh,local,v3_21ca25f09578875fb08078d6f3249b26,11363073ac98283c0e939dd264e1cfbb1950a84dd7e9429455a241e2fb0f11e4,test
raw/tomato/fresh/freshTomato (180).png,tomato,fresh,local,v3_21ca25f09578875fb08078d6f3249b26,b61f8fc0e91e9cb34cfd53882d10419c6b39d061c7cfa5b4f4db77100067b1e2,test
raw/tomato/fresh/freshTomato (181).jpg,tomato,fresh,local,v3_648d4acc809f25e2bc95f25db798db6c,70b5c6d28ab32d10cd7514bd0da4e9bab61b001d7e5764cfa65152ec603c60c8,train
raw/tomato/fresh/freshTomato (181).png,tomato,fresh,local,v3_648d4acc809f25e2bc95f25db798db6c,09d38d65e2c901748509fd5c9381a51f85f7b1ff08d93d17c6a3a7adf627d3ae,train
raw/tomato/fresh/freshTomato (182).jpg,tomato,fresh,local,v3_36d0b8a05cc70efe34af29901000bd55,b628440e7f5fdfebf1b5b3b4b415639ba3e62f5519b888c47c1b8397a80aa495,train
raw/tomato/fresh/freshTomato (182).png,tomato,fresh,local,v3_36d0b8a05cc70efe34af29901000bd55,238efa9d7d179a5020aa8e60053569b84669f811f4f9fcb7f5d307ec9df6b67c,train
raw/tomato/fresh/freshTomato (183).jpg,tomato,fresh,local,v3_a6e5bfa88f706cff5cb76a9e5451dd18,316fa8a10740b5e13dd8301ee82484bc12ac3f1e4332ecd9d8c0155fb67dddea,train
raw/tomato/fresh/freshTomato (183).png,tomato,fresh,local,v3_a6e5bfa88f706cff5cb76a9e5451dd18,437c448841c751c4699dc3d6a33a66eb1c4d3f3505b2555735c34fab35158768,train
raw/tomato/fresh/freshTomato (184).jpg,tomato,fresh,local,v3_4fc796970b317cdd14a73ab30102862a,5d2498b1a46993a0c1f7166b3022929fb5388a59e74ea5c29bd0efb597b10c85,test
raw/tomato/fresh/freshTomato (184).png,tomato,fresh,local,v3_4fc796970b317cdd14a73ab30102862a,4a3809a9834b03bfe67949adad0422ca80ff2fa668650037ac2dcdebf1334116,test
raw/tomato/fresh/freshTomato (185).jpg,tomato,fresh,local,v3_f8d12aebf683db675eb19625985bcd1a,a0afd8e809fc38a6b210270190c4cb60f2ff8d6e22093f922f609e21db9c519b,train
raw/tomato/fresh/freshTomato (185).png,tomato,fresh,local,v3_f8d12aebf683db675eb19625985bcd1a,72918c1dd2f73721eefa66db123b47c2a036642d88f43ab7df1dff88fcbe7bc4,train
raw/tomato/fresh/freshTomato (186).jpg,tomato,fresh,local,v3_c380f404e401262cb7df5ce8c67589d5,0d2629d68cd235ef84c45f93c34cc0e1d56537b569b69c01baa08a0e5d107b1a,train
raw/tomato/fresh/freshTomato (186).png,tomato,fresh,local,v3_c380f404e401262cb7df5ce8c67589d5,a2d2f0de154900c15b8b7a8fdd1aa21c7abff45e456b00e1a88841c954c50bc8,train
raw/tomato/fresh/freshTomato (187).jpg,tomato,fresh,local,v3_778fa8fe08c362d62d984fc12ba9a0d9,608783a1d0f4f2345a451fe4cb936a578d9c3fe62a3e3f0ec290e410c404f6a9,train
raw/tomato/fresh/freshTomato (187).png,tomato,fresh,local,v3_778fa8fe08c362d62d984fc12ba9a0d9,2834a5aea7e9eac0d843f0683901c757e17564e70e51ce674a6fddcb286b4f33,train
raw/tomato/fresh/freshTomato (188).jpg,tomato,fresh,local,v3_bbc6c9bd50310b7f55cde956fd235a01,8a9258f2f93c4d71681ddb4b8fd6619d69575aa6ef01893d084a0bad86686f28,val
raw/tomato/fresh/freshTomato (188).png,tomato,fresh,local,v3_bbc6c9bd50310b7f55cde956fd235a01,37e2778fe689c260b92fcb6c8f2339c62faceecce86e7c505ab661b8a79cb5eb,val
raw/tomato/fresh/freshTomato (189).jpg,tomato,fresh,local,v3_5673836ecfbf3c779223c9524fbd1774,73a7b74686668edc79910447a2d703aff649354a9e7dad66d37db2af7152a068,val
raw/tomato/fresh/freshTomato (189).png,tomato,fresh,local,v3_5673836ecfbf3c779223c9524fbd1774,b01fab0b838fec1f120ff4e004ccc02933b0207587179ec4e1033ff663cd0544,val
raw/tomato/fresh/freshTomato (19).jpg,tomato,fresh,local,v3_672073e56b72a7ae43167b5b8bdf52ac,023ac870465381cd50db7e24b855cf7010164d52bfd355172ce6451ebcd8c36e,train
raw/tomato/fresh/freshTomato (19).png,tomato,fresh,local,v3_672073e56b72a7ae43167b5b8bdf52ac,bd0697b68cb1928dbe132d03211495cab881388b52e5b6b5692b2e1793991152,train
raw/tomato/fresh/freshTomato (190).jpg,tomato,fresh,local,v3_c67b22e1c72fb9ac7030259598f7a823,bd23f85ebadbece2a61095da4312d82876c14f1b2b978240ab0f4c0521e63073,train
raw/tomato/fresh/freshTomato (190).png,tomato,fresh,local,v3_c67b22e1c72fb9ac7030259598f7a823,ef70f7a8febe757116d50982d2abb88d86aeabedd68bd28345e127902ee8a1dc,train
raw/tomato/fresh/freshTomato (191).jpg,tomato,fresh,local,v3_c4e71cf7356b2e89f3ec8188ca3a2dee,e96eb577f843ee41c42016573e540c2124b568cd8c73d41956d904bfde85c881,train
raw/tomato/fresh/freshTomato (191).png,tomato,fresh,local,v3_c4e71cf7356b2e89f3ec8188ca3a2dee,56a827af91eec12a0e647332c3c02e67b3c0d03534168a2aa3c2d402d2be2e9a,train
raw/tomato/fresh/freshTomato (192).jpg,tomato,fresh,local,v3_e874bfc93d237e3413674ec6ea8c9bf4,959b65743936eea0f7255d88a28164f8075269376910e7c0e649b0b2e4f02e11,val
raw/tomato/fresh/freshTomato (192).png,tomato,fresh,local,v3_e874bfc93d237e3413674ec6ea8c9bf4,6860e47b60ab73e9f0bc0419b9ff07074bfe9ea3839786fd73a1d2cb4dcbeb96,val
raw/tomato/fresh/freshTomato (193).jpg,tomato,fresh,local,v3_f62ad285b566cc514b47f8b7029eae66,285d4df5faf9c0357172e9190ea1d110a2c7011c02b0b36c09921a9774cbb82b,test
raw/tomato/fresh/freshTomato (193).png,tomato,fresh,local,v3_f62ad285b566cc514b47f8b7029eae66,a3ca68819ac332dba87d5248b24c8633919cdb2134d393abe28027c1e8aa3e2d,test
raw/tomato/fresh/freshTomato (194).jpg,tomato,fresh,local,v3_543792483170cd528703dcf06c0666e5,707ab15d7668266e13de8c652316ee3d9b2c5dee32f3f7607272638bb6e4f81f,train
raw/tomato/fresh/freshTomato (194).png,tomato,fresh,local,v3_543792483170cd528703dcf06c0666e5,a9a6d99607d5c78ed6d747d32d2df5e12c9c1570b93e70c059ecdd00c05237f8,train
raw/tomato/fresh/freshTomato (195).jpg,tomato,fresh,local,v3_e195cd83849ad6a7aa9acfe575fbb9b5,873262f2dbcc690c157b19dd6e23ff59694c10efa14b9c308b6c73e3a2e0cf94,train
raw/tomato/fresh/freshTomato (195).png,tomato,fresh,local,v3_e195cd83849ad6a7aa9acfe575fbb9b5,ac1d1ff0b4c4240a05bb941e72ef8bbded5f00c1ae367914609668007a1e1000,train
raw/tomato/fresh/freshTomato (196).jpg,tomato,fresh,local,v3_d223bbf094b00e219e35c9775f381a65,a22504df2fce030a080fabed25e23b48332092b7aa48d737a76df2f6ccc11010,train
raw/tomato/fresh/freshTomato (196).png,tomato,fresh,local,v3_d223bbf094b00e219e35c9775f381a65,a9f1929853f95120daf670af1cdeeed80ca48cee5e75064797d5dc7819bfdb53,train
raw/tomato/fresh/freshTomato (197).jpg,tomato,fresh,local,v3_6257cb73f66507cb1715cf875bc06ab9,f8d399ab014e906795e577d11177d6dfab9ac6008e1f32030bf3290946704089,val
raw/tomato/fresh/freshTomato (197).png,tomato,fresh,local,v3_6257cb73f66507cb1715cf875bc06ab9,f2fd03f035b739f27b0d1daeac67c7a2454f959fd150bddefe72c0f7d30a3bad,val
raw/tomato/fresh/freshTomato (198).jpg,tomato,fresh,local,v3_81bbb3324652be0c1fcb5fd569f3089d,70df9e617f466aacb2c34252b1768c656bae707388197a17a8fb6bdf93546bff,train
raw/tomato/fresh/freshTomato (198).png,tomato,fresh,local,v3_81bbb3324652be0c1fcb5fd569f3089d,2909f09be538ecc50e29811ffe2880e881d8c3089dae064929c8bcacf6e10652,train
raw/tomato/fresh/freshTomato (199).jpg,tomato,fresh,local,v3_3a7648e2bb52c74d236c102b80378beb,7549e167249e9d0953f10e91075b68e3560577b636151b05a2f9b16e481850d9,val
raw/tomato/fresh/freshTomato (199).png,tomato,fresh,local,v3_3a7648e2bb52c74d236c102b80378beb,6ea464defcc80e488db5291bc6de72dc0accbe682ff3be17d9ecda23b7d9657a,val
raw/tomato/fresh/freshTomato (2).jpg,tomato,fresh,local,v3_8a5583bfb72040c2a3802b70447f243c,98e0f31e97a25c39ce71ff33a54f83e257b97ce6585113846e46f8fca81d73ac,val
raw/tomato/fresh/freshTomato (2).png,tomato,fresh,local,v3_8a5583bfb72040c2a3802b70447f243c,611e37fba1f3d5776b01c44dcb270b0a26b5c7e07e9dad47eeda9fe15e2c815a,val
raw/tomato/fresh/freshTomato (20).jpg,tomato,fresh,local,v3_a9451a858e81be84a4e21b789eea422f,6fb441f67ec097cd3c5abda5ad81700971bf7829636b7e734f892d65c42a5811,train
raw/tomato/fresh/freshTomato (20).png,tomato,fresh,local,v3_a9451a858e81be84a4e21b789eea422f,0b9316a7cd6f3bc1b5c724324c8b2ec2bc726156c51dc8c31fd3eb07252de0e7,train
raw/tomato/fresh/freshTomato (200).jpg,tomato,fresh,local,v3_37758a9323d6020557844f75b224b258,1065d385581f8f9c2698e490571acd8c9414d832af7e227834b59675a09cc552,train
raw/tomato/fresh/freshTomato (200).png,tomato,fresh,local,v3_37758a9323d6020557844f75b224b258,873a33cd9cfd1b407af47f02f614ad415279d26a5294fc709223cd82282555ea,train
raw/tomato/fresh/freshTomato (201).jpg,tomato,fresh,local,v3_0a06f2707cd2dd3bd8e198080121dbf2,1fb8ea4e3c0da7619b8ca2b8805c412191346188dc74f5f1c394927ac98451ed,train
raw/tomato/fresh/freshTomato (201).png,tomato,fresh,local,v3_0a06f2707cd2dd3bd8e198080121dbf2,30c233d8f388e683012b2547d8956c30da461e8f37e34130fc3ac42b4522b064,train
raw/tomato/fresh/freshTomato (202).jpg,tomato,fresh,local,v3_5d1554eecadab4c4dacee29f91c63ec2,d648104aa8b6aacb8326792966d1740534ee285f18c4d65eccbe513c21bd38c6,test
raw/tomato/fresh/freshTomato (202).png,tomato,fresh,local,v3_5d1554eecadab4c4dacee29f91c63ec2,6ca1b5c1486579eb2396cc57c478025fcde2c7c928487d61cf48625c94f07db7,test
raw/tomato/fresh/freshTomato (203).jpg,tomato,fresh,local,v3_4b6a1d2fe0a95c84344f1e8ffe4b04e1,56ed4572d1d5f8e4e5ea58d37f2ed36c7925ab8e0f2de2fd1072da1f04df3ff7,val
raw/tomato/fresh/freshTomato (203).png,tomato,fresh,local,v3_4b6a1d2fe0a95c84344f1e8ffe4b04e1,4b86fa3957d0566b6523999d058945a4373878446c423e2005a306349b34956c,val
raw/tomato/fresh/freshTomato (204).jpg,tomato,fresh,local,v3_c566eeba49d75cee82639d5839746cb1,7f5ccae79323c2574c2bfc5d82f4d0dea08a289851607fc0432babe8f7ca92c1,train
raw/tomato/fresh/freshTomato (204).png,tomato,fresh,local,v3_c566eeba49d75cee82639d5839746cb1,e2898538d316509d1e0b450a951aa54238540f567b94cadde7471f0fe34a4556,train
raw/tomato/fresh/freshTomato (205).jpg,tomato,fresh,local,v3_5001be96b43b09960589e50f9077ba3e,9ba0f00dca5e40352838a98c5ac36e60a5b84d3e62a3fb3f26807d6acb178e0b,test
raw/tomato/fresh/freshTomato (205).png,tomato,fresh,local,v3_5001be96b43b09960589e50f9077ba3e,bc484d46b36015dba92b1a2cb422455863333f705a08ce878dbb873aebe27eed,test
raw/tomato/fresh/freshTomato (206).jpg,tomato,fresh,local,v3_5001be96b43b09960589e50f9077ba3e,b31a300df61b84303e9a632eae8529b2281594fc0bf0203fe60e388c8e4526e1,test
raw/tomato/fresh/freshTomato (206).png,tomato,fresh,local,v3_5001be96b43b09960589e50f9077ba3e,b8dcecf2d215131c22582f53e794f7e0e96c0495bbc962a447349f310bd9aaa4,test
raw/tomato/fresh/freshTomato (207).jpg,tomato,fresh,local,v3_9719192b3b76f295db10d2f107724106,10453d3abeae146f36f4239f812712ba30009115982bbf1ffa583932af758831,train
raw/tomato/fresh/freshTomato (207).png,tomato,fresh,local,v3_9719192b3b76f295db10d2f107724106,f1a5137ec1064d6a2650ac0b18aa5d9a67931bcd345604ce9acfce80dbf98c52,train
raw/tomato/fresh/freshTomato (208).jpg,tomato,fresh,local,v3_36506b43506bdbcc674e5b244cf5c471,a3f3c7c77e90b7b7e3d3b97e662312e369b8963d3a4051965c5273e38f26337f,train
raw/tomato/fresh/freshTomato (208).png,tomato,fresh,local,v3_36506b43506bdbcc674e5b244cf5c471,b70b7ff4c208740416680c2d05266cc91fe9a2d4a3e45760a61bb5672affe19a,train
raw/tomato/fresh/freshTomato (209).jpg,tomato,fresh,local,v3_3c5f8179cfd0671db1af3ffa26189be9,b7fe74affa4e1750babbb82b6cefcece29f275328974be3ce124e895f1aa9504,train
raw/tomato/fresh/freshTomato (209).png,tomato,fresh,local,v3_3c5f8179cfd0671db1af3ffa26189be9,c20adf3cf0fceed8e4df4178266d474ca4bae49f38b5ea2718b222ccc73ab7ba,train
raw/tomato/fresh/freshTomato (21).jpg,tomato,fresh,local,v3_01eefeed379d2d56167e429c8a9bfc0d,ef12bf1d9aabf4f76cf0fbc5a7194079e3fef476dfb37743c3287d4761c9b83f,val
raw/tomato/fresh/freshTomato (21).png,tomato,fresh,local,v3_01eefeed379d2d56167e429c8a9bfc0d,85a118a9054f0f2a321b1ac3579565c8500d7f389691833e2410956169064d72,val
raw/tomato/fresh/freshTomato (210).jpg,tomato,fresh,local,v3_702aa4d4eeb17c7f74ab498bbdf67dc0,1a82bdef63b02ede5c3620acc61ba5cdd78b0ac94cafcbe9651c918e56db704f,test
raw/tomato/fresh/freshTomato (210).png,tomato,fresh,local,v3_702aa4d4eeb17c7f74ab498bbdf67dc0,b39fb4f6eeeb2b2be64cac8168739658efacd7d6bf0224a12f65f0c33a989162,test
raw/tomato/fresh/freshTomato (211).jpg,tomato,fresh,local,v3_228c360bf4b5afe33d1a6c9ee7479db5,50fc002fc7e87edf52ce9844c301f60eef1547ee15983c1b7119d62b87d96317,train
raw/tomato/fresh/freshTomato (211).png,tomato,fresh,local,v3_228c360bf4b5afe33d1a6c9ee7479db5,78851d45c9e764acf9b199c4d13b0d943f83f134f68650e40c385d3508d80fa1,train
raw/tomato/fresh/freshTomato (212).jpg,tomato,fresh,local,v3_c95f3bc058848405b6710aaee8542c98,d11484f2c9d56906a53ff12304587ed9129b578e64135915a57fc6765141f63f,test
raw/tomato/fresh/freshTomato (212).png,tomato,fresh,local,v3_c95f3bc058848405b6710aaee8542c98,6575eabd2791620ec564d7efb5a13ae4ec6a827d65f8bd80f1ccf91ac4d66c32,test
raw/tomato/fresh/freshTomato (213).jpg,tomato,fresh,local,v3_98ceacdf94c0591fc8ff756e8ac2a0be,b66984f74d111e4c43d7d2b9c33412c25e2218447cc27c1ddad6de463622a2de,val
raw/tomato/fresh/freshTomato (213).png,tomato,fresh,local,v3_98ceacdf94c0591fc8ff756e8ac2a0be,41fd789c79585c35dff4239f21945ce3d659c10457b85147c1b3f7338634966c,val
raw/tomato/fresh/freshTomato (214).jpg,tomato,fresh,local,v3_6e78da20362e3ebbda3515d9f18cbcbc,06f85b4a309e9b78d5da5657a3747ba8a3f955c46ab67d7aed2d8da3a16f220a,val
raw/tomato/fresh/freshTomato (214).png,tomato,fresh,local,v3_6e78da20362e3ebbda3515d9f18cbcbc,7beb8cfb867fb3fafe612776be9615cfa48a87a1cc910c0131f3d209470b51e9,val
raw/tomato/fresh/freshTomato (215).jpg,tomato,fresh,local,v3_48a77af95e4451006510ca4ff94aa815,9b715d274a072366dfcfda508e14a0cea07dc9e6522940eff54ed37980526d12,train
raw/tomato/fresh/freshTomato (215).png,tomato,fresh,local,v3_48a77af95e4451006510ca4ff94aa815,feed253a23f7169cacdc0b0af4dc706459e4a4a2f625799480c422adc228443d,train
raw/tomato/fresh/freshTomato (216).jpg,tomato,fresh,local,v3_18138ec87d7e470d30917de42f7c3562,3c6f6afc3fcbd3ad9ea1cce9e8d92c16cde3ad0779e55896ed437210e383ae6b,val
raw/tomato/fresh/freshTomato (216).png,tomato,fresh,local,v3_18138ec87d7e470d30917de42f7c3562,378156cadbabecbfd58d54ab9a9e7a0548aac23f727de6b15030726df734123f,val
raw/tomato/fresh/freshTomato (217).jpg,tomato,fresh,local,v3_8cbf0392ca8332bb8f1c4be786cfde71,2ee61eb618e0b744ae23ebc7d26ba7b6a9c5f4287d97c969c4d0e1639ac81887,val
raw/tomato/fresh/freshTomato (217).png,tomato,fresh,local,v3_8cbf0392ca8332bb8f1c4be786cfde71,2cb8c6b0bd578bd40be8973cdae5c031326828702f9637356d2266d3d49eac75,val
raw/tomato/fresh/freshTomato (218).jpg,tomato,fresh,local,v3_e9546e4506c1acb4bb45580e7940db7f,9588a69e8f61b63bf368964de4b09d377b2e89c8293be6db15cf5d18b17c6c8d,test
raw/tomato/fresh/freshTomato (218).png,tomato,fresh,local,v3_e9546e4506c1acb4bb45580e7940db7f,47d75c59b36927911494d09e8199e7d72ff48135e0f396a3d32db74960cf4e14,test
raw/tomato/fresh/freshTomato (219).jpg,tomato,fresh,local,v3_c446a2a682d4110195a3067321befbb1,797ebda0db87a4a39ba2b3121721fe223afe227ee15de06d2aa13643000d0b9f,train
raw/tomato/fresh/freshTomato (219).png,tomato,fresh,local,v3_c446a2a682d4110195a3067321befbb1,3b974b3322e28bb03d5d8f26683df3ea9a8f9cb6bbbb2189c931438a60d7f096,train
raw/tomato/fresh/freshTomato (22).jpg,tomato,fresh,local,v3_4e16feb8598a3a79d510d8802c6328ae,7ab7669b0b1b1614906a855f6753cae795e696fb53e332487597aa026074604e,val
raw/tomato/fresh/freshTomato (22).png,tomato,fresh,local,v3_4e16feb8598a3a79d510d8802c6328ae,29ed5a38803b05950cd911f92235f552707635c44dd5d4253fb7470599aca65d,val
raw/tomato/fresh/freshTomato (220).jpg,tomato,fresh,local,v3_d3513083143d34bc25b1e97e7a796a48,d5ac31347dc9f9379c74d34cb79b756a648d9d62421ec358f8bf4712acdc5670,val
raw/tomato/fresh/freshTomato (220).png,tomato,fresh,local,v3_d3513083143d34bc25b1e97e7a796a48,34a84fb7360e8f327b55a2217df99054ceb5000413e6f2dff34dbe0c4ca1e623,val
raw/tomato/fresh/freshTomato (221).jpg,tomato,fresh,local,v3_9ec1896ae1b3f66cc76222517eb9aaf9,55cfcf81f2872c7d3ebbb86a40c940d8da7b0d045fed669cac231c299b81e8ee,test
raw/tomato/fresh/freshTomato (221).png,tomato,fresh,local,v3_9ec1896ae1b3f66cc76222517eb9aaf9,f0ee468d2ffa8e13e302f0874585ec1a9d5844f4faddb002c831e53b0de6035a,test
raw/tomato/fresh/freshTomato (222).jpg,tomato,fresh,local,v3_4052772a81f5151a0dd6e1fcc5c0dd4b,7637a66b02ab51b29955b1f7c25d75a2dda005991d257c68c63608dc7d3beff6,train
raw/tomato/fresh/freshTomato (222).png,tomato,fresh,local,v3_4052772a81f5151a0dd6e1fcc5c0dd4b,dca677260869b98e9896b36c3426576a6f2368457fa3b408b4ba0405bc9bc8c2,train
raw/tomato/fresh/freshTomato (223).jpg,tomato,fresh,local,v3_57389c8b0c0feca316be8bc2b315bac4,bf1bc176a7dc6392202ca57a1a51920943e4e5447d84200b96e84870cca7ef74,val
raw/tomato/fresh/freshTomato (223).png,tomato,fresh,local,v3_57389c8b0c0feca316be8bc2b315bac4,232afbf14f1204627d32dd33a6717246105c3de9d9033a4489cb49fce99c2a1b,val
raw/tomato/fresh/freshTomato (224).jpg,tomato,fresh,local,v3_e1900a2b1ec25b1c990f59dcdbb352d8,8e35f04208f4fa88e6e96a7862456b6f1db587d71798d8b2b5bee9daa9c8e5fb,train
raw/tomato/fresh/freshTomato (224).png,tomato,fresh,local,v3_e1900a2b1ec25b1c990f59dcdbb352d8,4ed129a22d51cc725fab8c7ca7b2ff211dda6b15e881c1d48c7de889c1ef10bf,train
raw/tomato/fresh/freshTomato (225).jpg,tomato,fresh,local,v3_35f9390149c0dcc9e8b22c53e9af3af7,c967efd649740ae2cba96ba0c184d41b62fdf97f795627a5afce41c36be94da4,test
raw/tomato/fresh/freshTomato (225).png,tomato,fresh,local,v3_35f9390149c0dcc9e8b22c53e9af3af7,023fa79a3f0ec19bccecad0282d9c9f97dd7c9c5f8151e3a439b9bf7ba081361,test
raw/tomato/fresh/freshTomato (226).jpg,tomato,fresh,local,v3_a082426fab2d2a12e6cc1654256c7e5f,cab852ae3d3e717a6c48357de671a7725d67a4dd30d10aa76417fa26beda9c4b,train
raw/tomato/fresh/freshTomato (226).png,tomato,fresh,local,v3_a082426fab2d2a12e6cc1654256c7e5f,111c44d628e89a3ec17a4773aca0e4302dda0f61637e7e2e349b8fded25d4248,train
raw/tomato/fresh/freshTomato (227).jpg,tomato,fresh,local,v3_52a447a2596edd90b3b7f0e5db787537,336ec172b96ed18d5ff3e727643ba852cd25946c61fa3d203b20dcdbd3d101e7,test
raw/tomato/fresh/freshTomato (227).png,tomato,fresh,local,v3_52a447a2596edd90b3b7f0e5db787537,2d68712c43b32577d92d8a627abc7b94faf07940a31c6f7b1ba0ec27dda2cd62,test
raw/tomato/fresh/freshTomato (228).jpg,tomato,fresh,local,v3_289c8a2c690bbdddc8720595134538b5,2ac4fe583d727a96535d74fb7cedfeb6c57c16be7e49e33cbd88cdfdcb128210,train
raw/tomato/fresh/freshTomato (228).png,tomato,fresh,local,v3_289c8a2c690bbdddc8720595134538b5,ad16abfabaaffdce28470dd430cc2668ae99216ad0c8d288c7358d7c958afb5c,train
raw/tomato/fresh/freshTomato (229).jpg,tomato,fresh,local,v3_980b100b1e17c1a8baa42def80ad645f,ba1c7b1e5d9b4663fa5d33a06c54d3612ffce575b8274fb69ee8c3dce43f40c1,train
raw/tomato/fresh/freshTomato (229).png,tomato,fresh,local,v3_980b100b1e17c1a8baa42def80ad645f,1f05407d1aa3a4f1206ad932358ff19158c174f16b062495f9876124f89d8977,train
raw/tomato/fresh/freshTomato (23).jpg,tomato,fresh,local,v3_774f33cbbf87a721541322e56b0694f7,da6c8604a80ecc74a9ad87cd08e96de68403be9f83e4974b13cb82eb7f9cf9f5,train
raw/tomato/fresh/freshTomato (23).png,tomato,fresh,local,v3_774f33cbbf87a721541322e56b0694f7,b8d331a00f8a52fc3beff1b9921b9acbaba06d2beee4663fdb0395f8d501df8a,train
raw/tomato/fresh/freshTomato (230).jpg,tomato,fresh,local,v3_30d4c1aba71e6ec6cf3de89d570f8a84,16a2a75ce46c25af4e91a663661a69c42063652a904cc4155f27f29d49d7e802,train
raw/tomato/fresh/freshTomato (230).png,tomato,fresh,local,v3_30d4c1aba71e6ec6cf3de89d570f8a84,316a0ffe8d0a9687521a07f42cd29f94e43d66f5c063f4280e1f8304d278240b,train
raw/tomato/fresh/freshTomato (231).jpg,tomato,fresh,local,v3_c68b059b3447fe89d7d3c26b179b42d8,8bf6aeaa1db3b016499c604dc7eaaa74c9f353289a3ac87d6f2c7aed3d065ad0,test
raw/tomato/fresh/freshTomato (231).png,tomato,fresh,local,v3_c68b059b3447fe89d7d3c26b179b42d8,8bfcb5236b623a52d03d358f830249fbc4cef8b870f3520305dc5de152bd84cd,test
raw/tomato/fresh/freshTomato (232).jpg,tomato,fresh,local,v3_04870147705869d36d5c458436230b10,e96a65c714bb853749a2a6cbadf0558606cde000df23baa7e88501e8bc7582eb,test
raw/tomato/fresh/freshTomato (232).png,tomato,fresh,local,v3_04870147705869d36d5c458436230b10,6cf0141ae1aa8bf619f41de4e49ab8418c670a2ad19f76cae1d753fa8fda1f33,test
raw/tomato/fresh/freshTomato (233).jpg,tomato,fresh,local,v3_c904e7083ed10dcf3eeec980ad23acf8,7c42e1f1205e3de964c3691e91ec02139ab62b1dae084183616ff0237a9e0465,train
raw/tomato/fresh/freshTomato (233).png,tomato,fresh,local,v3_c904e7083ed10dcf3eeec980ad23acf8,97e5cc2ec8d34e1a7543be7cd225ff654bc26c163a072e18469375b32d935c74,train
raw/tomato/fresh/freshTomato (234).jpg,tomato,fresh,local,v3_44f823d74761a335f4f8109d16f03c4a,e8d6332a536b95e71c6d2541d1be78655addb1bc8dc2d3c3dc59762cc3ea1c27,val
raw/tomato/fresh/freshTomato (234).png,tomato,fresh,local,v3_44f823d74761a335f4f8109d16f03c4a,ecbd3bbad71928110aeec17787676ac3a7cfd1ca9f0ebbbc78b40533117f1209,val
raw/tomato/fresh/freshTomato (235).jpg,tomato,fresh,local,v3_38ec26824693281324d28b82a4787da3,6fc2fc565810f30a1fd6320bb98a741024b03e855cc7cf5672d35fa8bd10d56e,test
raw/tomato/fresh/freshTomato (235).png,tomato,fresh,local,v3_38ec26824693281324d28b82a4787da3,9ca4e13e533f18a2e84444a9a29b05d9d3f02233586dff056388dc877115b7e0,test
raw/tomato/fresh/freshTomato (236).jpg,tomato,fresh,local,v3_ac6f11401578e5ace0b59772489b5015,e4a0884a5cd25990d5ac4fd1c3ad18d1a063d4dc15a8371b1cde5143873536d4,train
raw/tomato/fresh/freshTomato (236).png,tomato,fresh,local,v3_ac6f11401578e5ace0b59772489b5015,e7b522e3530208e0c9c9434e6009cbc6042dcf4cc04801e676c2cdcb265eaa4a,train
raw/tomato/fresh/freshTomato (237).jpg,tomato,fresh,local,v3_946160e53f310d5fa8b3f1d7344a19dc,7d130bc46027788e3e708b50f1f6af677fe7f0ac97eb10d1b05fad007a9837c9,train
raw/tomato/fresh/freshTomato (237).png,tomato,fresh,local,v3_946160e53f310d5fa8b3f1d7344a19dc,219e84c94847da5b0b95abaee2d190f4c2c1db06e2ab6b290b7fff79b678ec84,train
raw/tomato/fresh/freshTomato (238).jpg,tomato,fresh,local,v3_4702a7f0590f0dfdd0bd9fb6ba22aaf2,bdcbcc9832a0435303bca11b655dd082c7a31ca566c47759f061e2b1b0ddfea7,val
raw/tomato/fresh/freshTomato (238).png,tomato,fresh,local,v3_4702a7f0590f0dfdd0bd9fb6ba22aaf2,c019281cffd6956b5e28a4b0ee5017263f1ebbd6dd6ee93d6f6cfbec284e58b1,val
raw/tomato/fresh/freshTomato (239).jpg,tomato,fresh,local,v3_ee52bd3398c24f9b9edf35a8c00fae4e,69d7c8bb016bf1d896ae08b384b71ef7e6f1c64fc18257dfe1dbaaf62fef7d2a,val
raw/tomato/fresh/freshTomato (239).png,tomato,fresh,local,v3_ee52bd3398c24f9b9edf35a8c00fae4e,62ccba169548f4666f81f175184f5658e6948746a704ea15f44f5692aa299af8,val
raw/tomato/fresh/freshTomato (24).jpg,tomato,fresh,local,v3_51669bc1ab827c3faa1139d737c81036,e43477a057ac6ece869b64a62d4fdfca1dc4a13684f049450e74c2c8ef0423d1,train
raw/tomato/fresh/freshTomato (24).png,tomato,fresh,local,v3_51669bc1ab827c3faa1139d737c81036,47fd59417255c1dc49b0e8a17df23eae5ade0119e4785bee0201c4deb3868b44,train
raw/tomato/fresh/freshTomato (240).jpg,tomato,fresh,local,v3_2017d916ca06a5a8c0cd0c5bd4c98e74,bd0d8e56db0f7fd7b66bc8af1b1bc27358b0c75b979d18de9fa5a14315f9873a,test
raw/tomato/fresh/freshTomato (240).png,tomato,fresh,local,v3_2017d916ca06a5a8c0cd0c5bd4c98e74,cdc927f3b9f4f4e53b5ad4e2d25a52d6d203773d8cda6d26e6aba87ddb2531ac,test
raw/tomato/fresh/freshTomato (241).jpg,tomato,fresh,local,v3_0bdf8f3227629cb68106019ceb748cc9,3544c97d39974b02098e84619d9d975fbfaa58ef816dddca285fe1000453878b,train
raw/tomato/fresh/freshTomato (241).png,tomato,fresh,local,v3_0bdf8f3227629cb68106019ceb748cc9,b801e22977daf3984b817a47cfacf944979d86fb1d0636f676214de2cdb81a86,train
raw/tomato/fresh/freshTomato (242).jpg,tomato,fresh,local,v3_329fffbd903a1d362b8bc26bf1fd14cf,133a43a8baba9e2a010a7ad602763dc0d98c69375378d83922efeab22e3f76fe,train
raw/tomato/fresh/freshTomato (242).png,tomato,fresh,local,v3_329fffbd903a1d362b8bc26bf1fd14cf,0e758e9d805a42cefe24e43a430325b4694b2945765ed664ac6dd2f24b228c2e,train
raw/tomato/fresh/freshTomato (243).jpg,tomato,fresh,local,v3_e6166d243c88075695a6c8f28af002ce,d5e5114acbc6c80f7f3163c3e28a4f7e473db330c6a0aec599a9c3ad2913bb8f,train
raw/tomato/fresh/freshTomato (243).png,tomato,fresh,local,v3_e6166d243c88075695a6c8f28af002ce,218203b1a74743e278f2ea77418397f8caf35e9095b3a93a02d69a6d14118b55,train
raw/tomato/fresh/freshTomato (244).jpg,tomato,fresh,local,v3_bf1020c51218ae311f7da98411939ab8,87f39c9f15550c0860cba75a93989f8a7b7f025978ecace8fb3256b43c9c9c35,val
raw/tomato/fresh/freshTomato (244).png,tomato,fresh,local,v3_bf1020c51218ae311f7da98411939ab8,96530112d299e6dbb5b46a2027cc8a4632b10a5eaad0f79e9759285d882cf4ad,val
raw/tomato/fresh/freshTomato (245).jpg,tomato,fresh,local,v3_b3368bfa219c72978e9bab6bad5bb4f4,5b3b363b209376cc2a23a9bc6ce73d53fc61fe1c9134c201cc30a43cfb02858e,train
raw/tomato/fresh/freshTomato (245).png,tomato,fresh,local,v3_b3368bfa219c72978e9bab6bad5bb4f4,4b05fdb9b37fd93632a086015be625da0f8d95c855305e2fe26ece742c3827e5,train
raw/tomato/fresh/freshTomato (246).jpg,tomato,fresh,local,v3_dddbadb4b3ab46fbd228f4ecc579d777,1b2ae67ed337bcce2a4ebd2fa3eba36c0bde946f83b6563ec60d27a934c15350,test
raw/tomato/fresh/freshTomato (246).png,tomato,fresh,local,v3_dddbadb4b3ab46fbd228f4ecc579d777,a187b5f46924b09a004ee61c7ffc8173313577805476410a3478841518d9cf0b,test
raw/tomato/fresh/freshTomato (247).jpg,tomato,fresh,local,v3_b71a633b519f520dbf8abe30b717eefe,3b264a107a15f25b5e323ce4b60f847ab4abb59d08a9187f6ab6deed70b3b790,test
raw/tomato/fresh/freshTomato (247).png,tomato,fresh,local,v3_b71a633b519f520dbf8abe30b717eefe,6cc8f623efa2acc1c4135d3aa4eacc3451fba0865d9b5b74eab7969590e75b19,test
raw/tomato/fresh/freshTomato (248).jpg,tomato,fresh,local,v3_2101139f23cee193a53302d80cb3c035,f7babb53c8c6a7d3ba2cb5cc0a6f68a91f410643ef2d7054d369952a8fdd65ae,train
raw/tomato/fresh/freshTomato (248).png,tomato,fresh,local,v3_2101139f23cee193a53302d80cb3c035,cde409f76ae152f565612302ae8737cd1a67f14a1b8e8b6dcb2c1a5a5478ca18,train
raw/tomato/fresh/freshTomato (249).jpg,tomato,fresh,local,v3_7d10c2130e0c2dd7bbc4162b35125273,823ae25f26c9993f3358ab8c718353c54efd0e9ff9f0f79d1f17cd920fe8e1b5,train
raw/tomato/fresh/freshTomato (249).png,tomato,fresh,local,v3_7d10c2130e0c2dd7bbc4162b35125273,cc4636a73bf28c5a4329909eadf16308727723146df409956e7a3af756c1c935,train
raw/tomato/fresh/freshTomato (25).jpg,tomato,fresh,local,v3_64993015b73a2f8273b3a2ced248c050,64d0ae70d288818ebbd93f374e4e789ba3377dad760f315d5d5acebfb557201d,train
raw/tomato/fresh/freshTomato (25).png,tomato,fresh,local,v3_64993015b73a2f8273b3a2ced248c050,10440a0d172cb43c0e5cd8462a46d92b1b7c24959d911e9c81642c327bf2e757,train
raw/tomato/fresh/freshTomato (250).jpg,tomato,fresh,local,v3_744111960e438f5eccbef52e17068d92,623f18db44d10d51d2c5a3ffd7aa43cc060d9d5b04ac935d7d8c918ee8a603e5,train
raw/tomato/fresh/freshTomato (250).png,tomato,fresh,local,v3_744111960e438f5eccbef52e17068d92,2d99bdbe903b34ae5b35c87939a18c0cdf3c8ca439b23119ac7d9ae9fd4a5edb,train
raw/tomato/fresh/freshTomato (251).jpg,tomato,fresh,local,v3_3adfb89fa11ac1a0081338a2e40fde0d,94ea831c08bd3470d70b79ed4123e0519e802a8c13c7d5eac2c963b75726c157,train
raw/tomato/fresh/freshTomato (251).png,tomato,fresh,local,v3_3adfb89fa11ac1a0081338a2e40fde0d,669e000c6c7237e76a5f27e57016aac81d12e00cce112d6ac9467af32e727164,train
raw/tomato/fresh/freshTomato (252).jpg,tomato,fresh,local,v3_ca31fd480d0c0d52e87b0d1aceaa83a7,b3cb3798f14362599d230e4ba6b3e410f7fd7997c767db921a22a99978f92461,train
raw/tomato/fresh/freshTomato (252).png,tomato,fresh,local,v3_ca31fd480d0c0d52e87b0d1aceaa83a7,6419bb102a6988635f3fd9c9dbddd885647d6032de489a337cc659dbb15e55c4,train
raw/tomato/fresh/freshTomato (253).jpg,tomato,fresh,local,v3_e61af29884e82ef6bfdfaaa8cac5aa47,6af6430014cde7610474d9f012fc036a3d462691aa8a56e2140b2bf49bb24061,train
raw/tomato/fresh/freshTomato (253).png,tomato,fresh,local,v3_e61af29884e82ef6bfdfaaa8cac5aa47,e1983976de0c9fc9410d637ca63a34cd2326eaf595f282061c2405fcace420ca,train
raw/tomato/fresh/freshTomato (254).jpg,tomato,fresh,local,v3_0f207ede5bf5bb6cd47ce96acfb05b25,f884c543b719f358dc8f8676cce04b7d6ce4c549033bf0f2780beb43f988b03b,test
raw/tomato/fresh/freshTomato (254).png,tomato,fresh,local,v3_0f207ede5bf5bb6cd47ce96acfb05b25,bafcae13bbdaea206779e634ee5a7257ce580339b7d1c76878980f00cda07ed9,test
raw/tomato/fresh/freshTomato (255).jpg,tomato,fresh,local,v3_b51688cbe4eb217799755d48c09a84c3,543fced58c5ce9cd353c3287d149dd369476099d0063011c14a661bb853123f3,test
raw/tomato/fresh/freshTomato (255).png,tomato,fresh,local,v3_b51688cbe4eb217799755d48c09a84c3,578b1c5a73e271449386fa8720bdf94fa274cf27660ab8ce5683ae307614cdee,test
raw/tomato/fresh/freshTomato (256).jpg,tomato,fresh,local,v3_a55fba6eae5f55e7f42628afc3b62bbc,f0aea77a380de8eb30d5483422a45276029ca07d56fccea90b0823912837e1ef,train
raw/tomato/fresh/freshTomato (256).png,tomato,fresh,local,v3_a55fba6eae5f55e7f42628afc3b62bbc,a74f50e8a13a460e7b589436da7ff00ed89ef3855bf11eb71874ceb244957415,train
raw/tomato/fresh/freshTomato (257).jpg,tomato,fresh,local,v3_bd0e9ad4b9cd13c1211fe8a8d6b77dc9,1a164316e748406f265024cffcc76a06444ec0c006f0679cb9a1018aa83d900d,val
raw/tomato/fresh/freshTomato (257).png,tomato,fresh,local,v3_bd0e9ad4b9cd13c1211fe8a8d6b77dc9,3480ea3aa9d42f11c284cf700c4ec3a6c7dfeb7a1525bd7893b3ad89dbbbb397,val
raw/tomato/fresh/freshTomato (258).jpg,tomato,fresh,local,v3_da3eff18eca809443a85c120eaed7409,5d60e2dd60bb2f1d2fe2666537227e6effdb14f028f6a313e4723e289fa9ad14,train
raw/tomato/fresh/freshTomato (258).png,tomato,fresh,local,v3_da3eff18eca809443a85c120eaed7409,41967bf96f10a9eabb7999a60dd2cb9f494a02ea565f3df81123efcf4bb519fb,train
raw/tomato/fresh/freshTomato (259).jpg,tomato,fresh,local,v3_fc7c14de0ddbdf0933d15bbf4f638803,b51773979207f23ee3d37d06fed3e7654cc76d7a44dbe147cfbbec48b4b70f42,test
raw/tomato/fresh/freshTomato (259).png,tomato,fresh,local,v3_fc7c14de0ddbdf0933d15bbf4f638803,e8cb2151f7b90653dc09af5ccfaf741f4c25afe11805ca7385110674586e3d3d,test
raw/tomato/fresh/freshTomato (26).jpg,tomato,fresh,local,v3_bbf03edc3de35d1085eec7130d11db1b,a8d321c23be8a4560acdfe767ca3081582ff75dc811f01e898b6901b8fa74a7b,val
raw/tomato/fresh/freshTomato (26).png,tomato,fresh,local,v3_bbf03edc3de35d1085eec7130d11db1b,17e733c2861e32a8506d05fceb1768298faf70301b8d020be53a3fb1fbab2f38,val
raw/tomato/fresh/freshTomato (260).jpg,tomato,fresh,local,v3_06b9c86a6a5146c01ef3383a570bf162,7ec8e9cdf689b7effedd4de3def971a11fbca156a61755e9215bbd12b85b32f2,train
raw/tomato/fresh/freshTomato (260).png,tomato,fresh,local,v3_06b9c86a6a5146c01ef3383a570bf162,af62ff1361022a9a9aa91d1ce221e4bf86d5280c5b7460b9b202ef27b4ce6fbd,train
raw/tomato/fresh/freshTomato (261).jpg,tomato,fresh,local,v3_f48fa4a5c6066fa65a4d2dc521597c08,924c78df0ba6386decad2dd97c3a1e7621e0375d76e23957f20ee8a3f9b701e1,train
raw/tomato/fresh/freshTomato (261).png,tomato,fresh,local,v3_f48fa4a5c6066fa65a4d2dc521597c08,f4c072dc5ac925bd44e3d2e9c25e8d9e3b633f2a07de019ec0190016fc49eb12,train
raw/tomato/fresh/freshTomato (262).jpg,tomato,fresh,local,v3_8d5b359ad14798f603a257a513205479,5991a1ba77899e9d496a983eb9b8da396287f8ba249d27f834bc1ec39b544693,train
raw/tomato/fresh/freshTomato (262).png,tomato,fresh,local,v3_8d5b359ad14798f603a257a513205479,444f6c44e0e44d781a90b4b760182f2f88cddf1df5da060dd0e3f4255c2ccea2,train
raw/tomato/fresh/freshTomato (263).jpg,tomato,fresh,local,v3_ceff96750f5cb0786b83c08509113d02,f40dfe57659b6aa3381f7514ad30eff88a649ebc46475dd138681fb1dd754888,train
raw/tomato/fresh/freshTomato (263).png,tomato,fresh,local,v3_ceff96750f5cb0786b83c08509113d02,d64b07cfa9e2e36dc6b04f0da203b389f93d05ecf3f70f0349d60ab3ce6567ca,train
raw/tomato/fresh/freshTomato (264).jpg,tomato,fresh,local,v3_9359d0509040bb0b89b83a13fcb4e8c2,935b4cd9cf3a347505024dc198f0dd2d5c9065ee924da416b9c5ffcbeedf55eb,test
raw/tomato/fresh/freshTomato (264).png,tomato,fresh,local,v3_9359d0509040bb0b89b83a13fcb4e8c2,5f70032525c0986df32d1a780a053e915e019fdf160b16344871c3136c32f5b0,test
raw/tomato/fresh/freshTomato (265).jpg,tomato,fresh,local,v3_4fb12d8e77d6bf6383d4ffe5eff77a72,971a1fc1937934836571dbf906a5e3e5f2233afcbce23ac183560f8ed4c51bee,train
raw/tomato/fresh/freshTomato (265).png,tomato,fresh,local,v3_4fb12d8e77d6bf6383d4ffe5eff77a72,e1ea7899eeec8c935ad055fa1a1211a22b6c3203af31a19c00a4c91e89ace7ce,train
raw/tomato/fresh/freshTomato (266).jpg,tomato,fresh,local,v3_1fdf5e7b9f1520f59e248629026bb1d0,7ce51dd01f56f40fe37f60f4f41c096bff11418c048872ca9c3194c3aecad0b6,test
raw/tomato/fresh/freshTomato (266).png,tomato,fresh,local,v3_1fdf5e7b9f1520f59e248629026bb1d0,8405c3dd2801fd9dc86e48c6aee5324d45646df327aa3e46084834c34324d412,test
raw/tomato/fresh/freshTomato (267).jpg,tomato,fresh,local,v3_0e728198b3e98adb3e1ef2a5ee9f8b18,aabb5df84f47f76fb80c6dfb757d2daf0f43e7fd8b2e933c1fca911ff5c068f6,train
raw/tomato/fresh/freshTomato (267).png,tomato,fresh,local,v3_0e728198b3e98adb3e1ef2a5ee9f8b18,6acd4cfea6be4a8b9456ac502c31288270ad5be9745636716f24f68b33f5e401,train
raw/tomato/fresh/freshTomato (268).jpg,tomato,fresh,local,v3_34c302dd8fad646353aa8755b6c71be9,ea14e28e8244c4cb9e602bf4d1bb968e6364fe76934cec970b35821669b00d9d,test
raw/tomato/fresh/freshTomato (268).png,tomato,fresh,local,v3_34c302dd8fad646353aa8755b6c71be9,a24b52ded45d7277c1e2bbae1e7e276cf1dada18a503d05c744c8859c414c851,test
raw/tomato/fresh/freshTomato (269).jpg,tomato,fresh,local,v3_0091b7d910d0580188dfcc215dbed5bd,1dec57e7d5ad6084ba5154bc290f5b476efbf97b714c71bd56200c8d8eec3940,val
raw/tomato/fresh/freshTomato (269).png,tomato,fresh,local,v3_0091b7d910d0580188dfcc215dbed5bd,e6ae75dd90f77d799fcb191113c7ea4daf62edecffe34ebef32c772cf550586f,val
raw/tomato/fresh/freshTomato (27).jpg,tomato,fresh,local,v3_2430dfb25b3aebfcb2a0f800656ae805,9c35cc9ead1aa798e3795e363f302d48797b47bee3b61521a801573b7f9d3835,train
raw/tomato/fresh/freshTomato (27).png,tomato,fresh,local,v3_2430dfb25b3aebfcb2a0f800656ae805,2af1674b94fd594da21b0255fbf8e8ba629a1921afcc71cc1df5ebf5bfa9fa93,train
raw/tomato/fresh/freshTomato (270).jpg,tomato,fresh,local,v3_eca904b5489d442e7c1a41008660e1f3,a6adb61a9cf0f9b62152ffcb287fecabb34ad92765e760a205549a05f1946b8a,train
raw/tomato/fresh/freshTomato (270).png,tomato,fresh,local,v3_eca904b5489d442e7c1a41008660e1f3,2396db8624305e5527b0fa7deecc1297402545104850893b729a9f4f55320198,train
raw/tomato/fresh/freshTomato (271).jpg,tomato,fresh,local,v3_8773ec50be76a34ce541a7db970eb741,148b80783fd74adb377e36447af4a75eda0a38782c04aa52d2086e7f207d9291,train
raw/tomato/fresh/freshTomato (271).png,tomato,fresh,local,v3_8773ec50be76a34ce541a7db970eb741,d5bba7c6e075df889b10999f70dffa7070d23a6ce22ade00a5e337ce6ecb340e,train
raw/tomato/fresh/freshTomato (272).jpg,tomato,fresh,local,v3_f01be42ec7ef4e6a960b3f139010a3bb,6b3f5a945ab274be40797efe68047a02d7eac70103fbd045683c0e96f1c0f07f,test
raw/tomato/fresh/freshTomato (272).png,tomato,fresh,local,v3_f01be42ec7ef4e6a960b3f139010a3bb,f00641e5d31d891b58f38443cac890d87de57118504856f30fe0b8196a3f74b7,test
raw/tomato/fresh/freshTomato (273).jpg,tomato,fresh,local,v3_fee5f2acb0702c71f66f484c1f37da29,bc784a77d29324d1160518973a72a41755646409ec0c8c2da8fdc699f1c8d6d3,val
raw/tomato/fresh/freshTomato (273).png,tomato,fresh,local,v3_fee5f2acb0702c71f66f484c1f37da29,ffbf098a50c6c7b5e77a0a462211ccca404c19c9a3f71cdd2089f22e5654228b,val
raw/tomato/fresh/freshTomato (274).jpg,tomato,fresh,local,v3_1c9133562b7e9c4b270232fb95fcee3a,1c881e2b483940caf3ec23e39d9a1a8c463ec9512ba16be4976328e589fbd301,train
raw/tomato/fresh/freshTomato (274).png,tomato,fresh,local,v3_1c9133562b7e9c4b270232fb95fcee3a,cf528cec3ae459b57b06cddcad4df0f419250faaba8522d935b900b231b20df7,train
raw/tomato/fresh/freshTomato (275).jpg,tomato,fresh,local,v3_dcf5987a14579ac94e3acba3b466fc82,944b383ce465b22ee9c886d2a48f09867be58bfd293f3f3324a4dad1decec44c,train
raw/tomato/fresh/freshTomato (275).png,tomato,fresh,local,v3_dcf5987a14579ac94e3acba3b466fc82,97b40692814f38e2c2522de77e7df6a019e5530ac552f96fabd20e770bc1a6e4,train
raw/tomato/fresh/freshTomato (276).jpg,tomato,fresh,local,v3_25420b3f392e8acebd322018f24fab0d,cd6338288dfc8253c101bd3b616afe3c78700ae035eef411d967451e5b4dfb3c,train
raw/tomato/fresh/freshTomato (276).png,tomato,fresh,local,v3_25420b3f392e8acebd322018f24fab0d,86112da8d4318e8098b04195e51e4ec592fa51715687353e284690ed54e0abec,train
raw/tomato/fresh/freshTomato (277).png,tomato,fresh,local,v3_644af96ecc9fcec0963a43141074bce4,af97eea2ba59a7712aa391b6147191b13676d61f59b49eab8144526a992472b2,val
raw/tomato/fresh/freshTomato (278).jpg,tomato,fresh,local,v3_9a6427f041b86c55e06d192c8400722c,56bcde96fd42c04204f9cbd7ac065263cc714b1a591e58a404c4bb6e93c799c4,train
raw/tomato/fresh/freshTomato (278).png,tomato,fresh,local,v3_9a6427f041b86c55e06d192c8400722c,6f6307ffd5c21bc18260a56b2b51fe7b432cabcdbb22b83d09c5c63ccfd99551,train
raw/tomato/fresh/freshTomato (279).JPG,tomato,fresh,local,v3_af92a4a15649837b51ccc009bea5f147,78d301c6f47a0183e9430eaf8c459f7498d2d5200bd4a8dd67962083fae3ccbd,train
raw/tomato/fresh/freshTomato (279).png,tomato,fresh,local,v3_af92a4a15649837b51ccc009bea5f147,d29c3a1fbd99e819024561762b61d9ebbaa50129b50bb3affeedcabc6bb98195,train
raw/tomato/fresh/freshTomato (28).jpg,tomato,fresh,local,v3_052b730a66581d7766288e466d077bee,b5f7b5a484565d907583d345c7d2b72ee1e167394c91cd122b5e97b43a9ff2e6,train
raw/tomato/fresh/freshTomato (28).png,tomato,fresh,local,v3_052b730a66581d7766288e466d077bee,28eca2fe360c75d104d51455551eda5e10bac77e831de5a919da6d69ba9094bb,train
raw/tomato/fresh/freshTomato (280).jpg,tomato,fresh,local,v3_5f583ce86c18f9a36caf34b378c18a0f,e3e5e39b5694b7f28dcced7321d548cd7567504da195060c49bfeeab8278c96e,test
raw/tomato/fresh/freshTomato (280).png,tomato,fresh,local,v3_5f583ce86c18f9a36caf34b378c18a0f,0f7af2481e4f601c3231a6d810f3edf98b79b03e13a22c4bdf69051489aa7a8a,test
raw/tomato/fresh/freshTomato (281).jpg,tomato,fresh,local,v3_77fa4f6683f6108f7ec5241d5d4da9cd,d3470ae26dce4a7a2c3112a2821f72987fe97de80533a881e8d0b1cff647a34b,test
raw/tomato/fresh/freshTomato (281).png,tomato,fresh,local,v3_77fa4f6683f6108f7ec5241d5d4da9cd,05806a6606ef6c5f4e2d8c88dc9705d200ac8824726c2168dd5a3ec3b2d734fd,test
raw/tomato/fresh/freshTomato (282).png,tomato,fresh,local,v3_30ebb7c4c201366ced8cbe5b2453b157,b6bbdb1e408a72d528303e8717d9d15ae68d01967e9a4c551f475b142c87d2de,train
raw/tomato/fresh/freshTomato (283).png,tomato,fresh,local,v3_847849fe7780814a45781e61528e1787,67c96f736479a72ccd67820f47f18b3f5e3809fc0572eb5396a55a721b2aa1c0,train
raw/tomato/fresh/freshTomato (284).png,tomato,fresh,local,v3_dabb2f414aa68a22614e65caf475b46f,02cbb96b40385fa09168d69402f0e5bcb351cbdbbd76328e74d9e47ffc46e00f,train
raw/tomato/fresh/freshTomato (285).png,tomato,fresh,local,v3_9bd2e0841085d93ee2ce8764933dfdb5,cd1bf8c63f7bcc598e01db7b7da4fd2ea04d1b2650b355ff83ecd726d6fb7a12,train
raw/tomato/fresh/freshTomato (286).png,tomato,fresh,local,v3_2d557d5d4d5cc11c73a300f48df3d1d9,6cdfaa10ac53a2d73cf0df9d4fc365206b9e6f998eb09dd21fd3bbcb1850ca48,test
raw/tomato/fresh/freshTomato (287).png,tomato,fresh,local,v3_49e34f9ee7290723ea64b6203002f298,cd3c963ba8551ba32fda93444eb2e4e1c172959074a02cf436baad90864b4146,test
raw/tomato/fresh/freshTomato (289).png,tomato,fresh,local,v3_37a8415117a47d24904a043beba21f8a,6ebfe2e619648ebdb735380643d846f31082747c6445df9a466a47ac272b4c68,val
raw/tomato/fresh/freshTomato (29).jpg,tomato,fresh,local,v3_d82f099942e4bb6099bf147d8fa0c87b,c648a456cd3e2ffc07f707cd1494caea2d26c2ca190d5fde24b187ddb912850a,train
raw/tomato/fresh/freshTomato (29).png,tomato,fresh,local,v3_d82f099942e4bb6099bf147d8fa0c87b,98a923d11e8bafd2baddb690fb4f6a52c432075f345dfde6d5fede8bdd40184e,train
raw/tomato/fresh/freshTomato (290).png,tomato,fresh,local,v3_aae4409d923c072e4b4cbfa3dffbbf07,4a01cd36b7757fa43f4d63a6b253d66b739af14f85a0fdd534a282c4d9128017,train
raw/tomato/fresh/freshTomato (291).png,tomato,fresh,local,v3_3cbc1156fdf936a59e9b469db1359afb,8e4a61177fac74622d1dc6e7d91713232d90307b536932cf32f1326cfb880943,val
raw/tomato/fresh/freshTomato (292).png,tomato,fresh,local,v3_7c0b4ae95e9ce67c61d1e4a6271c4cac,802cbb852620ee31a7911ff1cfadd09aa78d1e22cd2b8275939efc41904f36a5,val
raw/tomato/fresh/freshTomato (293).png,tomato,fresh,local,v3_332de4d540208eee438781caaaeac100,4435c40ddf867e95b433d6c57cf42c550fd832a7c00f5c4e048f306f3a7c4469,train
raw/tomato/fresh/freshTomato (294).png,tomato,fresh,local,v3_9dfe36de0ed4a234d51211896a4e0847,24bd405ca88514e2d2723b96239698c43bd6085b8a0d7b5cc2edc9a4d6c9edba,test
raw/tomato/fresh/freshTomato (295).png,tomato,fresh,local,v3_4f87a32ff68052e3c54b8731c048ca5c,5c24862bd5601e3656becef326da86816dbf0eadf8ec20a3621d93269208c065,train
raw/tomato/fresh/freshTomato (296).png,tomato,fresh,local,v3_dca0598af12349829e020294824e22ac,9c9e75e0e89f2cb2e5bf8d16e4608befeaebb9aef03e539e868139be5f07c0db,val
raw/tomato/fresh/freshTomato (297).png,tomato,fresh,local,v3_bc7595add3c5f345380da0deedaaf1c3,d42f91d8288a4509cd8050ce0546e5c737bb15214927f8fd22dd87592872d71d,test
raw/tomato/fresh/freshTomato (298).png,tomato,fresh,local,v3_19ee226772848ae1e62a92208fe8d413,74474234ad5a33502570a861075250366659d8cecbb8ccb1df94671a814f155b,train
raw/tomato/fresh/freshTomato (299).png,tomato,fresh,local,v3_a717975664b75665e32eca2b5e8a8856,7340732c02d50654784ba912109be504cc3c6882ea41d3c23fc342c8dcaffb3c,test
raw/tomato/fresh/freshTomato (3).jpeg,tomato,fresh,local,v3_56d94810e6353497d680f4cee01920c9,4b4c155387d6c45643875e760e515ae64e17e16a49d4f08988e836f1b5804ea3,train
raw/tomato/fresh/freshTomato (3).jpg,tomato,fresh,local,v3_56d94810e6353497d680f4cee01920c9,0c994020bdee8c3370abc7a0254bdffa59f435fbbb424d3288fd0acdb223d213,train
raw/tomato/fresh/freshTomato (3).png,tomato,fresh,local,v3_56d94810e6353497d680f4cee01920c9,4d4833e00891142a909cd940f1b4156d3226c412c93d7d15c664b1f664dfdd85,train
raw/tomato/fresh/freshTomato (30).jpg,tomato,fresh,local,v3_ec9bc848158c683902378112c0c2f276,3c3e1ec59ba72c64f920afc5487b5a1292ee719c6530b082bde77a540fdd9502,val
raw/tomato/fresh/freshTomato (30).png,tomato,fresh,local,v3_ec9bc848158c683902378112c0c2f276,2ac3e0fc83bcc16b9306b1c7815d9920b0ca45db185582537336012231b3a2de,val
raw/tomato/fresh/freshTomato (300).png,tomato,fresh,local,v3_e1d11fd17095752abbb51f620507fbc4,89e5457132ab7fe4a21252c5f73e9d3b91332d7a16058d78284ccf73788dbe81,test
raw/tomato/fresh/freshTomato (301).png,tomato,fresh,local,v3_b0263445ec8e0811fbb327e9c0d30252,07f02d80cc8cf96c307d63e37b040923ac4858a3765bdceb0642171c78d4e799,train
raw/tomato/fresh/freshTomato (302).png,tomato,fresh,local,v3_4cba9741ae81472927050da1113b98a0,fc4dfc2b0f768292d5161640ad0c8e2e059c84b4f01af6c75b2401c529bd731e,train
raw/tomato/fresh/freshTomato (303).png,tomato,fresh,local,v3_1103b087b8fbc8d1847874822b706173,22eec129e915c934aa0b73fe122f8a96d16bddc166bf3f155f79251b9ae4f5c1,train
raw/tomato/fresh/freshTomato (304).png,tomato,fresh,local,v3_4e5c8a1bd8eb16805b2a6349ca2afe2b,7df7fb299c9c1caba2439f56bd32f05fffe755889758d35222f7f09e055785b8,train
raw/tomato/fresh/freshTomato (305).png,tomato,fresh,local,v3_a5db2399eed46d6649b78d2a71ad7283,503419ded5ad4a9b0f77a961f2e0c1de5257d2cea0c5d43488654af4999bc720,train
raw/tomato/fresh/freshTomato (306).png,tomato,fresh,local,v3_cf0f2ad6a0083ceac470af2f0d7f7a56,e465b7a9cb5f0133e6b9166943b8158782208120bcf2bc0c46dcc209be6c7f5f,test
raw/tomato/fresh/freshTomato (307).png,tomato,fresh,local,v3_bdf3c3ca8ada421ff420ee3152bc0d0e,bf432063c5d1aa0313a65861712aea2d9c4c453dfdd708efdf56c81eec849e16,train
raw/tomato/fresh/freshTomato (308).png,tomato,fresh,local,v3_0a392ad9fe0185b07dd28ae6a3dfd49c,d64d86df1597e1d234e8b67925e78aa3da83823d90b722c33b65ac505ce47797,test
raw/tomato/fresh/freshTomato (309).png,tomato,fresh,local,v3_13afbd1f46832e68e11e9164db85e14c,c62f2355670cf3d35d889d6e6340e1a92d1529ccefbf3eac9ddd62cfdb35ce9b,train
raw/tomato/fresh/freshTomato (31).jpg,tomato,fresh,local,v3_ac31ecc88641495068259aa99e11adff,4605bc04097a24de7a5808157bc468c1e909f5246755363cab5bda2705699228,val
raw/tomato/fresh/freshTomato (31).png,tomato,fresh,local,v3_ac31ecc88641495068259aa99e11adff,dd33c1e756a9cfc19f6e88337e0a3ff8650d82f7ef70f2e9cbaf16ace887fa79,val
raw/tomato/fresh/freshTomato (310).png,tomato,fresh,local,v3_be77c1ae1c65266fff0f2d33ea0f0b32,a832798496ca5f84038e6c407c7b5ceb79f46f53096c678a8e68801f0eedb8dd,train
raw/tomato/fresh/freshTomato (311).png,tomato,fresh,local,v3_ad3597c7de5f11ca08807f074dc3e65b,5135dc794885ec9dd55d283a0836a58dbf1568c1dff3a07b6ddaecdbce180805,test
raw/tomato/fresh/freshTomato (312).png,tomato,fresh,local,v3_abdee67290c3cc1154364e3a75b4277b,a500047e15ba7bbc13861c8b5ae03251ddef84970396c04678f2016363b64742,train
raw/tomato/fresh/freshTomato (313).png,tomato,fresh,local,v3_40a54fbd46224a97b90e4f884a6140c0,090aa0acdb2601c80b55cffa7356377f9ba68c877ae1a01c1b65524c9b65c0fc,val
raw/tomato/fresh/freshTomato (314).png,tomato,fresh,local,v3_8b6b97d52f623d95a9a9e823970ec04e,d92c079f19364e5e0382cdb6470f6b04688364dc61c51fc60f94867b8c4a9cea,train
raw/tomato/fresh/freshTomato (315).png,tomato,fresh,local,v3_2a4bc2f6af0e9d83f796380565738026,28907a03a383888cee83b84f775137a2ae394f5b56f3d13c72e5cf31263669f4,train
raw/tomato/fresh/freshTomato (316).png,tomato,fresh,local,v3_27046c61ff77e8e5f596a78ea081601a,74cddb145d4f09165b4e1aeeb5956b35fd82884295330906e681644ad37c34a5,val
raw/tomato/fresh/freshTomato (317).png,tomato,fresh,local,v3_908ffc788e16ebbf3e83ef4288266124,d79fb1a9bb955c67eee07db1a8f7cca631ba315398112e2b94988733f3b66af7,train
raw/tomato/fresh/freshTomato (318).png,tomato,fresh,local,v3_ea61b01da0adccf0f5b1d9ea9631b858,71c7b3a2b6dff7ebddb3970ea9bfee5072e361dc44d5469ca28c8e2eeffa12f8,test
raw/tomato/fresh/freshTomato (319).png,tomato,fresh,local,v3_d7565349ab710f2e378dac827c9d7529,58d16cb6a00fb0a01201b656f8212082c6f003edd5fededcf86f51cf6f74e0d2,train
raw/tomato/fresh/freshTomato (32).jpg,tomato,fresh,local,v3_8f5330d3afcd2371dad1ef19297e84a8,2ee5d74c710f396ea808d542287941395ba5e91ee545de1f13567d9e01fe8cd5,test
raw/tomato/fresh/freshTomato (32).png,tomato,fresh,local,v3_8f5330d3afcd2371dad1ef19297e84a8,dfb71aa6ce4335a4a44029672ad07a8bb61f1b9f67e16673ef795ccff2d9722f,test
raw/tomato/fresh/freshTomato (320).png,tomato,fresh,local,v3_0aad731a59ff6114973f031bc2981232,b5b88a47a6336eea16014c0e4e0a9068f5bfffece48b7018c6b1bb86b59f2222,train
raw/tomato/fresh/freshTomato (321).png,tomato,fresh,local,v3_7aa8db8092cdc23a8f6bce1e92a89dfb,5cfa87e6714eff1a8ba8bfbca5c44df78c1311aa0b79684bfe2aaea5f3197c4a,val
raw/tomato/fresh/freshTomato (322).png,tomato,fresh,local,v3_b1abec7c7a52f9f75d6bc213ecd15a11,787a50fc53c8e49fb1271c631f85e8b8cc71b022e8d121ce22cbef28e93a0aed,test
raw/tomato/fresh/freshTomato (323).png,tomato,fresh,local,v3_1ac72eddf5e7a2dbaaad2bce3852e518,ff34dd046bc7231489ae12a31d50e38474cfff508f557f3e2a9126495c13002b,test
raw/tomato/fresh/freshTomato (33).jpg,tomato,fresh,local,v3_cca6624cb1c87ee6ab9305ac83c13b47,98de36f56c4854e82eeb8365d22c8a7bca694e4c525c113af10d5c58223fab87,val
raw/tomato/fresh/freshTomato (33).png,tomato,fresh,local,v3_cca6624cb1c87ee6ab9305ac83c13b47,679e8a9ecff2ee62b395aa76820e3378fe84e0b6bbf12953719d27c3a8568572,val
raw/tomato/fresh/freshTomato (34).jpg,tomato,fresh,local,v3_dea091e686e2e55a63043cd74ad97196,80a6cfe343cd164a38ab69d8e4a9d817dafc57390e6649012b5c615036814c54,train
raw/tomato/fresh/freshTomato (34).png,tomato,fresh,local,v3_dea091e686e2e55a63043cd74ad97196,2d38788f7ae0a2f78476d8e5928f69bca8d0bf581d5389e6bb479e5d2442cac5,train
raw/tomato/fresh/freshTomato (35).jpg,tomato,fresh,local,v3_dea091e686e2e55a63043cd74ad97196,6057c534ddf48cc38a508f69d8bdbb14b707b7f2f50796145b2c26d98b1be1e0,train
raw/tomato/fresh/freshTomato (35).png,tomato,fresh,local,v3_dea091e686e2e55a63043cd74ad97196,4808294ae44fbf5e5f013c2f202f7395fa3ffcdd221ff8a777fe4cd505461951,train
raw/tomato/fresh/freshTomato (36).jpg,tomato,fresh,local,v3_f0fba674c793d528fa3d0b4b4b8d6575,dc45d634ca4ac2ff70ca37263056bbccebee13f1fc8d3252dbf030413bffb462,train
raw/tomato/fresh/freshTomato (36).png,tomato,fresh,local,v3_f0fba674c793d528fa3d0b4b4b8d6575,614934944c7ceb79331e1a66c62af14b9ce50760c63dcd8c400b0901acd5fc0d,train
raw/tomato/fresh/freshTomato (37).jpg,tomato,fresh,local,v3_7179e072353012163ee03426f4e1b0fc,2f8b928af39704ebeec8ed2920e7c41594150b52c3192676256f4981a4bdb094,test
raw/tomato/fresh/freshTomato (37).png,tomato,fresh,local,v3_7179e072353012163ee03426f4e1b0fc,f41fa06a7369132af6ba587bdff20f3647d4d0895829375dbce6dba4753c9d74,test
raw/tomato/fresh/freshTomato (38).jpg,tomato,fresh,local,v3_5de73705407a2b1072e8d4de31073758,9cc59457a22dcbb46cbca65c573c490bf22fc1d379c10130e61456a7c6ab3923,train
raw/tomato/fresh/freshTomato (38).png,tomato,fresh,local,v3_5de73705407a2b1072e8d4de31073758,652226b322e83f2f29da267e0119fb2790c99bbc0f7741a95e9183c0472eae37,train
raw/tomato/fresh/freshTomato (39).jpg,tomato,fresh,local,v3_9266d3f4cc34aff611d235a97d14d5d2,1daf3f8ab3dcf8802d951bdb81161c5e157abea1a0cf048d195437e00955c2ad,train
raw/tomato/fresh/freshTomato (39).png,tomato,fresh,local,v3_9266d3f4cc34aff611d235a97d14d5d2,753e118de7a5c61e1b3689e7f1f13fb988fd708ec4e90d9e8651b14ffe60c387,train
raw/tomato/fresh/freshTomato (4).jpg,tomato,fresh,local,v3_68080e74c26527dc50404f83d4dc9979,9854dd83e7fa3671a7988bed5039339dfeec0b7ca763eb46fdd2822abc0383c9,train
raw/tomato/fresh/freshTomato (4).png,tomato,fresh,local,v3_68080e74c26527dc50404f83d4dc9979,1280742c39920f00cf3c276cfaac5b3f1463598b0d4ea8680fd74005880af1fb,train
raw/tomato/fresh/freshTomato (40).jpg,tomato,fresh,local,v3_9fd42052eecb15ae6063ad7f92170000,f528cbf932109ffa36b1256e177971881162665e2d12b480635fd50b4ad8b234,test
raw/tomato/fresh/freshTomato (40).png,tomato,fresh,local,v3_9fd42052eecb15ae6063ad7f92170000,a5cd9c95eb907cc7c3c7447a42649d447b43e8f81edc3955ea8fb8754c5a2270,test
raw/tomato/fresh/freshTomato (41).jpg,tomato,fresh,local,v3_5c7d1bc330fb14bb94a552da585f1f7e,31d478fbc87b1db2a9823c12d991f6ea3402d231c7163d39536948485cf8756b,train
raw/tomato/fresh/freshTomato (41).png,tomato,fresh,local,v3_5c7d1bc330fb14bb94a552da585f1f7e,b198b006be60986b6ccd26d31a0c7fe5618ddda6aaa3175fcfb95c835811d53e,train
raw/tomato/fresh/freshTomato (42).jpg,tomato,fresh,local,v3_7f248033d01f9174057ba347104ae2cc,e69708592c579748ff419b58f382c72322d52258b48df874b2b6d99d4b4d1cb8,train
raw/tomato/fresh/freshTomato (42).png,tomato,fresh,local,v3_7f248033d01f9174057ba347104ae2cc,5367448e23144c64b7e39e01d8ddc377b0f1ec8b1c0b53d771dbbfb62cb9530a,train
raw/tomato/fresh/freshTomato (43).jpg,tomato,fresh,local,v3_774928d274228a1d7f507ee68b143452,e8c21134e85e1d3d30af0ab3f05c2650b10f39d56c6cf2b4c55836633a0cba77,test
raw/tomato/fresh/freshTomato (43).png,tomato,fresh,local,v3_774928d274228a1d7f507ee68b143452,49d5e0115c80cc67af1aaa77c78ba51d810e5edb02c582f8764763b383894406,test
raw/tomato/fresh/freshTomato (44).jpg,tomato,fresh,local,v3_459a94377c08b47ba78651e34c03cc47,e3675947fcb46a2aae8ca3b94de1896f104b5efd7be59a44460db7416299a7a7,val
raw/tomato/fresh/freshTomato (44).png,tomato,fresh,local,v3_459a94377c08b47ba78651e34c03cc47,a66e946e8e4d45d32b9f5c038fc9d729da064f396a1c0ae64f26e7001fbf954f,val
raw/tomato/fresh/freshTomato (45).jpg,tomato,fresh,local,v3_eccb3c8bb016f328b9b35bbbafeb938a,2508e8dd27c91e261bfee67b3b00dd812f31d4d597e3c710e1ca6216b2422dfe,train
raw/tomato/fresh/freshTomato (45).png,tomato,fresh,local,v3_eccb3c8bb016f328b9b35bbbafeb938a,d5b7a6e799e92d2b90a64703bcc45c294122e2af85297d8974d2145d8fabe347,train
raw/tomato/fresh/freshTomato (46).jpg,tomato,fresh,local,v3_2db7ee647e927de126e844848efaa5f3,cd52b3131e2a428cc3709607444a625e6544b2640c16db89ef561687aa4bc608,train
raw/tomato/fresh/freshTomato (46).png,tomato,fresh,local,v3_2db7ee647e927de126e844848efaa5f3,16f85dcd6cf2d2a59b835294428cc0a8d8120b95ce98d956854d476f19347c07,train
raw/tomato/fresh/freshTomato (47).jpg,tomato,fresh,local,v3_29931df30777a73f6464f901a47d44d3,a33c1fbb233a4dc245a2a1f1330340f31774f3e209c3a24245ee49a21a7d98bd,train
raw/tomato/fresh/freshTomato (47).png,tomato,fresh,local,v3_29931df30777a73f6464f901a47d44d3,cdb053f2e7d1c972dc81c0925af4844507c0681e3ba3b1a6bc749d21eab63299,train
raw/tomato/fresh/freshTomato (48).jpg,tomato,fresh,local,v3_9385b268d810889d41910d99eb5e787d,ec60172e8d5cb70c0f2c85f23d029224c2659263dcd2e6fecaadeb06afbf59a7,train
raw/tomato/fresh/freshTomato (48).png,tomato,fresh,local,v3_9385b268d810889d41910d99eb5e787d,dc631112516fa1a27f983032c8769fa71acd20990ceeb01ac4bd6c7284fc6b1a,train
raw/tomato/fresh/freshTomato (49).jpg,tomato,fresh,local,v3_af35f80f5b18dbf603c1834730c7051b,d0c204221f966708f4b451a1444eb00b8aa32a5f8ee2b6e2ef266b84fa859aa0,train
raw/tomato/fresh/freshTomato (49).png,tomato,fresh,local,v3_af35f80f5b18dbf603c1834730c7051b,21614ea3db3f65294cfe3cf1404328138e70a491a57209900dcbcc7b06a4f950,train
raw/tomato/fresh/freshTomato (5).jpg,tomato,fresh,local,v3_b13afe5708cba4c5f4f5486c706e0cf4,fee6d90896874a1f0833f818a2ea0e95a55d6af01dbd5f6dd074836377db033e,val
raw/tomato/fresh/freshTomato (5).png,tomato,fresh,local,v3_b13afe5708cba4c5f4f5486c706e0cf4,f7ae8293ff45fe35a058bc250684ae9358fdfbd84b1af0f9433b3189f94a2351,val
raw/tomato/fresh/freshTomato (50).jpg,tomato,fresh,local,v3_f5ba67d7a4b815a407b606e094e52f47,040dc39482064e19bde5c19fdb142f8f70d4bdf2fa0a0700857ed091a9f17e68,train
raw/tomato/fresh/freshTomato (50).png,tomato,fresh,local,v3_f5ba67d7a4b815a407b606e094e52f47,0d17ad1254524dcbd0265031a0105d9d67379f2ae5a358bb9bb3e30190a06375,train
raw/tomato/fresh/freshTomato (51).jpg,tomato,fresh,local,v3_fe600ca5fc4eae8b4360fe2f96439906,a1b71add19eb472f344afdf30153778639ad503becd0079e0ca9092c7188360e,test
raw/tomato/fresh/freshTomato (51).png,tomato,fresh,local,v3_fe600ca5fc4eae8b4360fe2f96439906,95ed6878f596be441f07209a048856d690ec999b2f210282ffbf58316429c0a8,test
raw/tomato/fresh/freshTomato (52).jpg,tomato,fresh,local,v3_8262064254faa66bfa0ed7f31fb48ed8,9ad3ace6d2fc01d8d7365ab31c8507b82c922c248154d067a25382d6fd849f38,test
raw/tomato/fresh/freshTomato (52).png,tomato,fresh,local,v3_8262064254faa66bfa0ed7f31fb48ed8,c95cfe0b2ff0e1a940a125047fa2f1e4c639f1d9b1eba43cbfa5a066a8ef51b4,test
raw/tomato/fresh/freshTomato (53).jpg,tomato,fresh,local,v3_d8ea8da762fd330c0d0b243ce8d5539a,883b83f0dbc2ec512bd7aeddd79de1f636b8840942bbbc6ed356518cba8e9742,train
raw/tomato/fresh/freshTomato (53).png,tomato,fresh,local,v3_d8ea8da762fd330c0d0b243ce8d5539a,5b460518c67fd4b87337a104d6f55b412a4594bbbe69a4eb92efe87680111b82,train
raw/tomato/fresh/freshTomato (54).jpg,tomato,fresh,local,v3_51c07d5491799e5c8acb8ede2af3bfd2,c74a0550d150493a6cf382282be746dd28416404afad43bad50a29b205b99907,val
raw/tomato/fresh/freshTomato (54).png,tomato,fresh,local,v3_51c07d5491799e5c8acb8ede2af3bfd2,52b2e43fba5baff0988340747c31acbf1845e31fb6680bfdf1d0cbae5d12caa8,val
raw/tomato/fresh/freshTomato (55).jpg,tomato,fresh,local,v3_375167b93ac86303f4a19a1f4b86be4e,c43c342da8a6be2eb88f36625f6f44a69f295d74f1a17bfc11354245c758a882,train
raw/tomato/fresh/freshTomato (55).png,tomato,fresh,local,v3_375167b93ac86303f4a19a1f4b86be4e,fa960fdd7c62b444507fb9272f191c882bed3350e9d278b98bf363229918157d,train
raw/tomato/fresh/freshTomato (56).jpg,tomato,fresh,local,v3_70b501bdf61b052b76639ec2dbb61525,796e64b296f5bb73a470168462de78ce3766cc11ab4f9606eaea0cc47347b624,val
raw/tomato/fresh/freshTomato (56).png,tomato,fresh,local,v3_70b501bdf61b052b76639ec2dbb61525,4531c2f15073559a89556826e7890d59945a2da1cbdfffb8bbcf017d521b639f,val
raw/tomato/fresh/freshTomato (57).jpg,tomato,fresh,local,v3_a597c8ef69a7bb9105ef49dcdaffe01e,fb08e7af15bc9c9a6655ae1578c93633dcfce7dc7497a214aa8e76ee5bca63d4,train
raw/tomato/fresh/freshTomato (57).png,tomato,fresh,local,v3_a597c8ef69a7bb9105ef49dcdaffe01e,ee31a0b58178b320e710c84d2609d15c1860fcaa7852687aec7863bd9cc00120,train
raw/tomato/fresh/freshTomato (58).jpg,tomato,fresh,local,v3_86e3d621a70a73a60241f27a3839324e,e686e20a3c81cbf90d853fb70d10e94ee902cbd419703bff2d940a583a50e5be,val
raw/tomato/fresh/freshTomato (58).png,tomato,fresh,local,v3_86e3d621a70a73a60241f27a3839324e,6a8cfb951c9ccf4dcb9339441c36249cb00d08e229f70dc180ae591a01cec9f9,val
raw/tomato/fresh/freshTomato (59).jpg,tomato,fresh,local,v3_d2519694f32011aea97183a5c0e2282d,f93725528449ea03b9e2e8f8b68ca1db902117dbd510d07dd6f5199f516d74c2,val
raw/tomato/fresh/freshTomato (59).png,tomato,fresh,local,v3_d2519694f32011aea97183a5c0e2282d,5379ac53e544bea30164b27ef6e9bf4e9d3cc9e8ed52154bb4a3c30b7894023c,val
raw/tomato/fresh/freshTomato (6).jpg,tomato,fresh,local,v3_9fb16c9cd4ce06bd948eccf36ffd3199,4ab2ae78d8cc7b0b4d837894837d782473ef7d63670e9efd8ae9743f18331467,train
raw/tomato/fresh/freshTomato (6).png,tomato,fresh,local,v3_9fb16c9cd4ce06bd948eccf36ffd3199,d459d9814b274531c1c58c85bbcc09f3ff9b6c89fa2df60677605d33859abf17,train
raw/tomato/fresh/freshTomato (60).jpg,tomato,fresh,local,v3_314a5762fa155e2f03bd85135349386a,56acae248829f8cc51e07310216f71e6786fca831b7f4762b021f768ee856ed0,test
raw/tomato/fresh/freshTomato (60).png,tomato,fresh,local,v3_314a5762fa155e2f03bd85135349386a,6680b87deaf5238ed705013d08f5da764ae2d3d0fa12ee053b1ebdc6dfca8aa3,test
raw/tomato/fresh/freshTomato (61).jpg,tomato,fresh,local,v3_0106283961318c6210229cf7e08121bf,f7ebf305fbba16bc2e7cdbc92ddd8b89fbd8c66fba14ba9f9282d7ad7e72629d,train
raw/tomato/fresh/freshTomato (61).png,tomato,fresh,local,v3_0106283961318c6210229cf7e08121bf,47f493d3d6066deaf42a0ca4e3a82a8a4779f165be975e7a58aafdcba5a2a117,train
raw/tomato/fresh/freshTomato (62).jpg,tomato,fresh,local,v3_7a3e970283eeabf9d4377a74f4ecd78a,1667b490e42459d02f268174b8baff3efeaf02f4d6760cf06d8e22ecc5b80f4d,train
raw/tomato/fresh/freshTomato (62).png,tomato,fresh,local,v3_7a3e970283eeabf9d4377a74f4ecd78a,8cbef4d019e02567ccbd49a046cb894e05f30da8052135a7b38e62d8a4564267,train
raw/tomato/fresh/freshTomato (63).jpg,tomato,fresh,local,v3_1b9e3d1d1e2a507b55421a8f60c2f6a1,21de0be1ca66e70f377d60bdfc3ba09946e4ab3e32bd9006ce0362fb4c351d95,train
raw/tomato/fresh/freshTomato (63).png,tomato,fresh,local,v3_1b9e3d1d1e2a507b55421a8f60c2f6a1,a7aca29a824fbb266e8dd69f033c92b25d845484a45e9a8573570d52b7c0fe12,train
raw/tomato/fresh/freshTomato (64).jpg,tomato,fresh,local,v3_f29e63d33c749300399548384162c138,a1b04b88e32628c843543df15eb82374734df6ead57ed83a8c9b2345f64e874b,train
raw/tomato/fresh/freshTomato (64).png,tomato,fresh,local,v3_f29e63d33c749300399548384162c138,bac52ffac1abdb914211c8bf7a5ad5b259bc1a74287771a59e825d19c2ca5582,train
raw/tomato/fresh/freshTomato (65).jpg,tomato,fresh,local,v3_86de77b7d7a0670644135d3cc1352ca5,d5f08524c1a0ab17050cd2291a7b2e8018ed91ed33cb18721bfb348e563ea7cc,train
raw/tomato/fresh/freshTomato (65).png,tomato,fresh,local,v3_86de77b7d7a0670644135d3cc1352ca5,9dc57322d9728c20237bc9160e2faac394166890c8a65946aef15fb006db6a91,train
raw/tomato/fresh/freshTomato (66).jpg,tomato,fresh,local,v3_d555f0f94457956e114ad7e3e65b9066,b957f2ae2f836b77acdcb89c5a3faa838be339a7ad63006ab930aee27ffc2a01,train
raw/tomato/fresh/freshTomato (66).png,tomato,fresh,local,v3_d555f0f94457956e114ad7e3e65b9066,6d0dd8248103309e673291ef20e49bfe1978517d5497254879e2baccc5a9e7de,train
raw/tomato/fresh/freshTomato (67).jpg,tomato,fresh,local,v3_07e4c4655a3b457650cb29d09757966d,54efeae51dca536bdfdb70e8e10df27cc5f4f8933e8ced386f73789c4c927c6e,train
raw/tomato/fresh/freshTomato (67).png,tomato,fresh,local,v3_07e4c4655a3b457650cb29d09757966d,df0caa68af6a369140e30c81075e4c06ed56fd953acedad36275a65f65d9fd47,train
raw/tomato/fresh/freshTomato (68).jpg,tomato,fresh,local,v3_901f401ec8f79de40a03534dba610e42,ced874b8d87e6a33742b6d23ae12b9713294575af2d0895f43d3702b70ccd47e,train
raw/tomato/fresh/freshTomato (68).png,tomato,fresh,local,v3_901f401ec8f79de40a03534dba610e42,3a5c63a6d9870113775a56c144fa7818c80e8798ca98c468d0886ed368251544,train
raw/tomato/fresh/freshTomato (69).jpg,tomato,fresh,local,v3_cf188750f682034580d90ff62dd630fd,8ae6b2a4c454704916df98f3064bec95b3592275a8281146a08021061afd3b54,val
raw/tomato/fresh/freshTomato (69).png,tomato,fresh,local,v3_cf188750f682034580d90ff62dd630fd,8ef3921c77faf6789ff568ee1edb8f08c48cf980e09fcf0f9343520eec259b96,val
raw/tomato/fresh/freshTomato (7).jpg,tomato,fresh,local,v3_d70860581731684247d03e4ee0aeb769,72442bd25419f13d508917fe6f54dec3966f6b400a36806321268b46c7186bf1,train
raw/tomato/fresh/freshTomato (7).png,tomato,fresh,local,v3_d70860581731684247d03e4ee0aeb769,cf225035f3e6055a9f91d58fd0fb41355fc8cdd65ccc0bca68775278df5c6800,train
raw/tomato/fresh/freshTomato (70).jpg,tomato,fresh,local,v3_0d008d60b7d5bcda29f31fe8358de685,06a36c68925aa1a6f13d2ab2668ca4d088b0668939fbeb0c7dc1e846deaf89cb,train
raw/tomato/fresh/freshTomato (70).png,tomato,fresh,local,v3_0d008d60b7d5bcda29f31fe8358de685,e41049afbc0518b1b998dc563cdd6b8ca7eaee8e3db74d2bba5a310317c36ef0,train
raw/tomato/fresh/freshTomato (71).jpg,tomato,fresh,local,v3_70774b4fc3db4912006d5901b1f11afc,659a8deb9296d0efd58ce4576dc8ee99bcecac006d1e16f965dbae60de13bc9d,train
raw/tomato/fresh/freshTomato (71).png,tomato,fresh,local,v3_70774b4fc3db4912006d5901b1f11afc,654d6b25791f3c124a2d0f43347a75bbafc0339fc984e036bbbede60e26af807,train
raw/tomato/fresh/freshTomato (72).jpg,tomato,fresh,local,v3_6d9bfa63a543330ca8c287247dbfbeb9,dc7f8a763765251f3018b0a99a82f0f4badf4cff2a53d1a1ec5d39f391d60bc2,train
raw/tomato/fresh/freshTomato (72).png,tomato,fresh,local,v3_6d9bfa63a543330ca8c287247dbfbeb9,c1fe705a48aad187ce47bf3dc033245d4faf5f3b0e4d9a2ab5555cac4b3138b4,train
raw/tomato/fresh/freshTomato (73).jpg,tomato,fresh,local,v3_c7989e517f2e75add3e32adf0ac3f0c2,651f1443339abd65b3c2f1e26a4adf89155d488f88baba2f1fb9405c0aa242db,train
raw/tomato/fresh/freshTomato (73).png,tomato,fresh,local,v3_c7989e517f2e75add3e32adf0ac3f0c2,5f439d7d553773403e9f7befe7d9e1fa70a823bee4e1fed0ee22f9818e340462,train
raw/tomato/fresh/freshTomato (74).jpg,tomato,fresh,local,v3_556322282fa6f38f94844c22ab542f6c,485952c83e1b4ffef11b12bc9ec3fbf3859f32f51a462075660cdf50f0248f2f,train
raw/tomato/fresh/freshTomato (74).png,tomato,fresh,local,v3_556322282fa6f38f94844c22ab542f6c,e62529ae61f4a24ff2c1a2d4a44271094566f5b7f460f4fea7e831bb07d35ede,train
raw/tomato/fresh/freshTomato (75).jpg,tomato,fresh,local,v3_c4a421f57ba9c6f343f7f0f930dbee2d,f0bf6a30c73136ba7c573bfb2cd5f5b9b2c6a7ba1503c3fc2518ca6eaa36acd8,test
raw/tomato/fresh/freshTomato (75).png,tomato,fresh,local,v3_c4a421f57ba9c6f343f7f0f930dbee2d,8e018864884111af29ed9b1664ae3ac0572ee964a4e8bd9ea2f76d3d9ea7e124,test
raw/tomato/fresh/freshTomato (76).jpg,tomato,fresh,local,v3_43acb6b9675a56ba574ef53ab003f991,9244696bef546171c08bc42ad3c36554410d6ff3b2683b7347eec8ea8f0dd0b1,train
raw/tomato/fresh/freshTomato (76).png,tomato,fresh,local,v3_43acb6b9675a56ba574ef53ab003f991,716bcfec54a9bbd96cf4fe62d96d2a33b37dcf9c97d85783deef7a3c9f6d905d,train
raw/tomato/fresh/freshTomato (77).jpg,tomato,fresh,local,v3_26b9328872e765e0b3ff2ae705b79d1f,aac483d4e32a4af80a280baeddd2e2ee12e77af108114559f8b3529eee3dc4de,train
raw/tomato/fresh/freshTomato (77).png,tomato,fresh,local,v3_26b9328872e765e0b3ff2ae705b79d1f,3e643f9dbece1e7b22064c6d1739f7d22e8e1511b4cdde6c0939c7c60a8712c7,train
raw/tomato/fresh/freshTomato (78).jpg,tomato,fresh,local,v3_56f10468f588eb57263f4ab907bd4041,311e9628207cc74c9fd15993b99d4b6e42f1f9f066cce3b36d0c39c57057349f,train
raw/tomato/fresh/freshTomato (78).png,tomato,fresh,local,v3_56f10468f588eb57263f4ab907bd4041,8b3946f736316f6e97938e9eec3a99ba96e19f952f00a8f93cfb8e05e82a3266,train
raw/tomato/fresh/freshTomato (79).jpg,tomato,fresh,local,v3_ba7ff2855b2ad5268b7aba736c238af6,c4c1155d5c3ac5a40e5f1841d1d1c9482b3a98e8b7bbb89a266c42e4d2058cc7,train
raw/tomato/fresh/freshTomato (79).png,tomato,fresh,local,v3_ba7ff2855b2ad5268b7aba736c238af6,ce16ffa20981911cce831f3425502e44a053b0e299d8acf03b91a8560ea3f479,train
raw/tomato/fresh/freshTomato (8).jpg,tomato,fresh,local,v3_233addb9bfc7cf4927593c3f0f957157,4c22fc5bb3c609ae5afe0be7e2aa6c12b74fa20f629c930021dcb5e70670f014,train
raw/tomato/fresh/freshTomato (8).png,tomato,fresh,local,v3_233addb9bfc7cf4927593c3f0f957157,8982d61e3436413d248cf6ac2d6f2c2cda7faab963544e1d0304df279c63bbef,train
raw/tomato/fresh/freshTomato (80).jpg,tomato,fresh,local,v3_d149b91a37d507ac04fe95d7c40b5607,e62f7d381b6b96a0fa65a73841963b1c98d1eeebe55902184ed267a2701cb298,train
raw/tomato/fresh/freshTomato (80).png,tomato,fresh,local,v3_d149b91a37d507ac04fe95d7c40b5607,b64eddff2ebece4f01fd61dc21a58b705f72f362df74fe96552c1326486f5a73,train
raw/tomato/fresh/freshTomato (81).jpg,tomato,fresh,local,v3_4a772b622f4c8b54b03847722a348077,62c6e3935ad2d30c6cc05fe0955dfb5d23fc0b64480f69f5bf0ceadd176dcb15,val
raw/tomato/fresh/freshTomato (81).png,tomato,fresh,local,v3_4a772b622f4c8b54b03847722a348077,8ffd4e85ab025b71f6183dfb4f912146823d9a81aa45ec077712da3f7b55aafb,val
raw/tomato/fresh/freshTomato (82).jpg,tomato,fresh,local,v3_f51c8061b161a5afc50c387372c19de5,d474f825ea7fd7a1234fb3d6a572e56bee4fdb1edb427e2d7dc214f8ff5e3209,train
raw/tomato/fresh/freshTomato (82).png,tomato,fresh,local,v3_f51c8061b161a5afc50c387372c19de5,202aacf70dc2b30a85e0397f3dcc8d9855c2ebbd6b7bdf2baf32e131147b80e1,train
raw/tomato/fresh/freshTomato (83).jpg,tomato,fresh,local,v3_abbd6d65eaf1f1b97039d0aa64c57bc5,cc125dfc13c86b2c038a36fa9cbe12bc43d02f69280a3139e5ea28bbf88132f8,train
raw/tomato/fresh/freshTomato (83).png,tomato,fresh,local,v3_abbd6d65eaf1f1b97039d0aa64c57bc5,713ecd55b35e4710b99e6651d1785cde0f256c5d70dc184b4017c87a75b4e798,train
raw/tomato/fresh/freshTomato (84).jpg,tomato,fresh,local,v3_3925a5e84d77d8e6ffb4adab01cdf492,9bdf418013fac39504d1bb0a896f812f6d79531da745d27f266d7eb1efcc0afa,test
raw/tomato/fresh/freshTomato (84).png,tomato,fresh,local,v3_3925a5e84d77d8e6ffb4adab01cdf492,58d217fc4d71ddd60b307f704b434638cd7b6d1cc90273b2197ada7ebcc75751,test
raw/tomato/fresh/freshTomato (85).jpg,tomato,fresh,local,v3_f717c835e0671531483ce45eb38b2d14,11a1f45316904b45208ae9c74dd426392ab139460bb863b093d7cef9244ccba7,train
raw/tomato/fresh/freshTomato (85).png,tomato,fresh,local,v3_f717c835e0671531483ce45eb38b2d14,84ea145216d98c4949d7e5c178ca5a48b10fd8f22b70f0ccd84e88a9dfe2e4ed,train
raw/tomato/fresh/freshTomato (86).jpg,tomato,fresh,local,v3_624d574a1ed9df4920bb23a37e9f5435,3d0cbf9f08bf2d4fac4b9fae8e438f92665ed330e51a0b306feb8db60280070b,val
raw/tomato/fresh/freshTomato (86).png,tomato,fresh,local,v3_624d574a1ed9df4920bb23a37e9f5435,0ee302d64d625d62aaaa94b400336197fc32f5c3ff56a9760a4ed0955de5b2d3,val
raw/tomato/fresh/freshTomato (87).jpg,tomato,fresh,local,v3_9cd9f91bd240de4411736611672be57f,5fc2436c9dfaa9e2ba1df4b869dcc46b134d9d88ad6c3a5adf7817c5e33b9989,train
raw/tomato/fresh/freshTomato (87).png,tomato,fresh,local,v3_9cd9f91bd240de4411736611672be57f,e003ea47157b2dc390c4302f8b9c33a0cb3696b6d1b39ad122364983bb525ba3,train
raw/tomato/fresh/freshTomato (88).jpg,tomato,fresh,local,v3_3b487421354b94f6139a31cbe16d814b,8a007502c7460f1c94745f143a5e685a45a70ec9644548b2c76b635fb84c8844,test
raw/tomato/fresh/freshTomato (88).png,tomato,fresh,local,v3_3b487421354b94f6139a31cbe16d814b,d9eae6f5b7ea7162449da0840b7eafee458403e0026c9344cd11ac8f7546edda,test
raw/tomato/fresh/freshTomato (89).jpg,tomato,fresh,local,v3_a3080f036d921dd2affe8d14a5e28842,713b418de2297e2c21add042e664ec0a9d82eea1fbffc7261c170f285b138176,test
raw/tomato/fresh/freshTomato (89).png,tomato,fresh,local,v3_a3080f036d921dd2affe8d14a5e28842,f712dc93a899b908c36d5a9d4dee8ba57ed454de7ab18a02a82270682c8c2f21,test
raw/tomato/fresh/freshTomato (9).jpg,tomato,fresh,local,v3_4e4f7ac0e18806b04dc871bd37ec6f4a,f4f3d2d883f4425a3a9897f627367bd5a5befb5b1634884b1df53b24700ab6e2,train
raw/tomato/fresh/freshTomato (9).png,tomato,fresh,local,v3_4e4f7ac0e18806b04dc871bd37ec6f4a,f42b3129fe5dfcd122f396fba7504dd8377a723bd18cbc15aed91e75a3bd6d71,train
raw/tomato/fresh/freshTomato (90).jpg,tomato,fresh,local,v3_851f2d5f997718023b1c9286aec2a590,e6e139d04277512c3e080c50f7624003ad73b30caf1bd9c53d60b903524b4d45,val
raw/tomato/fresh/freshTomato (90).png,tomato,fresh,local,v3_851f2d5f997718023b1c9286aec2a590,30598cb93bc331758b00959498360113c031a5c8ab3fc62f23f25d08a5c41d14,val
raw/tomato/fresh/freshTomato (91).jpg,tomato,fresh,local,v3_65be855fd8091ffd33fe2b72e40ac8ae,5118ab922b5f99db491e6841c95c6cbbbb1e03911cfe4e64932dcfcd2170e062,train
raw/tomato/fresh/freshTomato (91).png,tomato,fresh,local,v3_65be855fd8091ffd33fe2b72e40ac8ae,230837aadbcfa61bcf64f8a8829f88f9167c3d7558a85017775d522f2147c4cf,train
raw/tomato/fresh/freshTomato (92).jpg,tomato,fresh,local,v3_e65d7ec637baee557d643893189a6d07,2ed5d19a4f73db152a321ecd86e86846a01566748f4d52cd7196c9abb2b0ee68,test
raw/tomato/fresh/freshTomato (92).png,tomato,fresh,local,v3_e65d7ec637baee557d643893189a6d07,ab0499c108e0c575570304abbf1c6b0e882028bd0934ee1b62654f45d1469bd0,test
raw/tomato/fresh/freshTomato (93).jpg,tomato,fresh,local,v3_2660dcf2ee89c12a8b2a66af63ad229b,155d1196168416b68ea09d118591030145726f8b0d0cf557120a5ec91ce2419b,train
raw/tomato/fresh/freshTomato (93).png,tomato,fresh,local,v3_2660dcf2ee89c12a8b2a66af63ad229b,99d5172284b6566efbf6191488e223d404040fdbdfeadffa47f625145dcefa95,train
raw/tomato/fresh/freshTomato (94).jpg,tomato,fresh,local,v3_c7c776305dd6c4deb6adb047608c57ea,853e33656af587d26e7594b41ed0a387eae1a1801dce22155cbc41358903f66a,train
raw/tomato/fresh/freshTomato (94).png,tomato,fresh,local,v3_c7c776305dd6c4deb6adb047608c57ea,d9c47cc0385484e4cea21898def28514dbdbcda495bbf94d90e33418130a8f51,train
raw/tomato/fresh/freshTomato (95).jpg,tomato,fresh,local,v3_53d86946d699bc57136c15f6c6accbc3,ed2c1328ed54885c850151d450d4e67cd2826a10de00ea1b4b2217c6e132ea1f,train
raw/tomato/fresh/freshTomato (95).png,tomato,fresh,local,v3_53d86946d699bc57136c15f6c6accbc3,8a69626d6078fdd04c9f3eb994542ff8cd805f94418fd2d4cb9b2d4bc4cba514,train
raw/tomato/fresh/freshTomato (96).jpg,tomato,fresh,local,v3_18e427a58d9cc477092208dfe1a7bb7d,3b0e91b41e58e88dc0247fa0e5882552188cce85c45def531fc4cf5fca6f832f,val
raw/tomato/fresh/freshTomato (96).png,tomato,fresh,local,v3_18e427a58d9cc477092208dfe1a7bb7d,c5807676be35c77e772398768820e40244108587d7be80cc2489026f56596bc7,val
raw/tomato/fresh/freshTomato (97).jpg,tomato,fresh,local,v3_2ea476085d733f3c57e63d4cc844370b,ba30cd99dca718a312fd4a814f421e3f98889ef924713c22a25a42b08bdf32f2,train
raw/tomato/fresh/freshTomato (97).png,tomato,fresh,local,v3_2ea476085d733f3c57e63d4cc844370b,d6ab3dec2783cc2b360f9d9d596d4eb0cb4e878195645350cbf727602816e1a1,train
raw/tomato/fresh/freshTomato (98).jpg,tomato,fresh,local,v3_06498fadc86ca36d6405e44613f609b5,391c8d6ca3089e025b8897f86e3e177fef4206b71d6e5bcc88a6fa7ef23f86f8,test
raw/tomato/fresh/freshTomato (98).png,tomato,fresh,local,v3_06498fadc86ca36d6405e44613f609b5,0957b7d33bb61d0738a67f08e202f13437fe1baf9b862d0ae6aa929ee7f61aa6,test
raw/tomato/fresh/freshTomato (99).jpg,tomato,fresh,local,v3_7527990712cee8d048c3345fe476fb1d,1844c19c7f50d0989d209c3cb991f55d790d0de445559449817ec0ccb6cb82e8,val
raw/tomato/fresh/freshTomato (99).png,tomato,fresh,local,v3_7527990712cee8d048c3345fe476fb1d,8c540f37045e446644f6a3fd5b5b095d4bf1cd96a98bc27e6607d79d3924db33,val
raw/tomato/rotten/rottenTomato (1).jpeg,tomato,rotten,local,v3_6626baa4d37367c474f01572a86339d9,8788e1c3a9d5f54380c41a34dfa3b89ec42fa10cab15b8bc44eb839d20b58264,test
raw/tomato/rotten/rottenTomato (1).jpg,tomato,rotten,local,v3_6626baa4d37367c474f01572a86339d9,89875b5e03d226849ecd95def4084e299a7a000c20404e99a353b30dff5ccf1e,test
raw/tomato/rotten/rottenTomato (1).png,tomato,rotten,local,v3_6626baa4d37367c474f01572a86339d9,65c15812b89017f795663df933bb395eddb71d1b4d8734fd79392a77aa55f39b,test
raw/tomato/rotten/rottenTomato (1).webp,tomato,rotten,local,v3_6626baa4d37367c474f01572a86339d9,6c7ad5df7d28205b7c0f5945c352ee8f83f1b159bbdeffa057bdd752cedc6d65,test
raw/tomato/rotten/rottenTomato (10).jpeg,tomato,rotten,local,v3_d630bb4bda2f5f5f1da857e79345c754,c8909249ad4609735dd90f5982466582c6b3ef464c4e251cebfcb29650b43997,test
raw/tomato/rotten/rottenTomato (10).jpg,tomato,rotten,local,v3_d630bb4bda2f5f5f1da857e79345c754,3e94dc19d4044ac0fa95dac0637370b3e4bd2fa2468c6c3091057bd01e4649f3,test
raw/tomato/rotten/rottenTomato (100).jpg,tomato,rotten,local,v3_fcf9549ba4fb0895d8a30d373630fa99,5ba07e9702cf00a61ff239e8892d21f490a48e6108987e31f494e3a1ffe51e56,train
raw/tomato/rotten/rottenTomato (101).jpg,tomato,rotten,local,v3_bbd87b87776b1ae37407440c6ba41ec3,f57f348e4510e73ba1b9ea03d83bb2c947707724f2cd34b952d7e1b9d240b3d9,train
raw/tomato/rotten/rottenTomato (102).jpg,tomato,rotten,local,v3_227990c16bf7475c6a013aaf1c097ea0,d4e53765a7a168dcd11fcc748fa37b8e3ac7c8190870576ca44d508b4d64732e,test
raw/tomato/rotten/rottenTomato (103).jpg,tomato,rotten,local,v3_0fd031ed47ffd4888cdf068a7343a791,f4bb4010852a1fb0afcc05db00630cdec9483501e0cc901210c51db30352e2e0,train
raw/tomato/rotten/rottenTomato (104).jpg,tomato,rotten,local,v3_a089dedf7592c691adf756fa7c129f2f,4635fd7da60a90cb58f017a65108dd23bba200027cc3c1c0322be4c82fee812e,test
raw/tomato/rotten/rottenTomato (105).jpg,tomato,rotten,local,v3_f200a03fce3d734e4ea434e07cf6a5c3,a84f1f65e799a6c72035587f432cbc81dc92239457cd402de3d708fd7c4e7322,val
raw/tomato/rotten/rottenTomato (106).jpg,tomato,rotten,local,v3_7a5a2ffa2ce8004ccc3aa3d635ea5598,7651afb43715db344c7b29a6c8fc681889216e0ad03cd15758d3a87ab3f9ea8e,train
raw/tomato/rotten/rottenTomato (107).jpg,tomato,rotten,local,v3_01482568f9f80ab9b6c8e7ae63557a3e,8642aabed0c1152e72b847aad04867ec866fcb73dbe94f690f41d24518101fcc,train
raw/tomato/rotten/rottenTomato (108).jpg,tomato,rotten,local,v3_ff095e425528f05675719de9206b5927,8d758fcbcda36c3d02a570f0967d025af95100f6759d47f04b264c66591b6974,val
raw/tomato/rotten/rottenTomato (109).jpg,tomato,rotten,local,v3_2f2c4cafbeb7a441ebcf02834814bcfc,7fc899b8b97502ff238a0e35bbe31c7754f5aac3300d1afa42a1ebc70ed36d7c,test
raw/tomato/rotten/rottenTomato (11).jpeg,tomato,rotten,local,v3_904c1409a2d73e53c6a7fb7caec9678c,e9ac9e715b921713dcda9463e5212d35362abef03b249d2d01ae8694d66309cd,val
raw/tomato/rotten/rottenTomato (11).jpg,tomato,rotten,local,v3_904c1409a2d73e53c6a7fb7caec9678c,e1b95e4ce1346d6a870a080b5a77936c1465f0172b8ae7d06f3356e406c05c66,val
raw/tomato/rotten/rottenTomato (110).jpg,tomato,rotten,local,v3_10c7c1c5bc699662d0441d2941a4e868,991658759bf4bc9c0554472738ed82c4b9d09dd6c9a994760982335f5cc78481,train
raw/tomato/rotten/rottenTomato (111).jpg,tomato,rotten,local,v3_16dd1c63f2ceca80ae3b77b06ebb1708,d100d75087ca8a83217c776bbae0301866843a6d9971b1a2f5f1b12a4e5a516c,train
raw/tomato/rotten/rottenTomato (112).jpg,tomato,rotten,local,v3_e7d52a353e495dfd404e57e61c2c32d0,716c8d9794612eb7962d90d77605aee8f416ecd3f1e000ee267dc6f47764175a,val
raw/tomato/rotten/rottenTomato (113).jpg,tomato,rotten,local,v3_eb3313c0ddd06e966046dd51860cae43,3adc25554568771fdaee9e7c8e19961499f46420112847ad800b90a050645b46,train
raw/tomato/rotten/rottenTomato (114).jpg,tomato,rotten,local,v3_468602d35dd629a4dc6d2dd6c778db3c,122c8702b785605e0c23c3e40b1b6b8d26aec570885733e2c38dce6dc5c97c35,train
raw/tomato/rotten/rottenTomato (115).jpg,tomato,rotten,local,v3_0057f2f3ad8e49dc8ea27b16d21ce4ca,82c5450dcdc9c1ef61d0acede0d1b5bec87c01b2c0fa03f41cadfd5826e47664,train
raw/tomato/rotten/rottenTomato (116).jpg,tomato,rotten,local,v3_1e4a9c13764e8afb1b32a96b1f14f8f4,d4924635a759af009b0e62f44637656ae9fdcf816c7b02cf3a68dc94269da2f6,train
raw/tomato/rotten/rottenTomato (117).jpg,tomato,rotten,local,v3_ef38070d052c04c80683dec80901b351,2ef94aa0e984e5785076ab48595a6e702aaf17dba5edd4afeb2df39ad17c5035,train
raw/tomato/rotten/rottenTomato (118).jpg,tomato,rotten,local,v3_d7aa5483767cb6bb0a112809b8411ad4,59d83e69e48cdb931897fd348873db0efc8d7cb8c990e12c2b8ac9c83ff210ca,train
raw/tomato/rotten/rottenTomato (119).jpg,tomato,rotten,local,v3_057d16d0b89aef1e7c19d3e769d670bc,53b431a074d8680463440b3fbb003e7953955b2f9e36f6ca2d3e45b554f90284,test
raw/tomato/rotten/rottenTomato (12).jpeg,tomato,rotten,local,v3_7ee4a7eebe3b453d49474290a9354aa9,86a9fa707df7804b79229514853a54c7b67abe74d1a67f596b9e8f4d8c4db1fa,train
raw/tomato/rotten/rottenTomato (12).jpg,tomato,rotten,local,v3_7ee4a7eebe3b453d49474290a9354aa9,7c7e24b15987a90129c7afae4d113fd074a392b5a0680b551cb091d602e3ddf8,train
raw/tomato/rotten/rottenTomato (120).jpg,tomato,rotten,local,v3_73d2c879f8983ef59f3f1519ac6fbda1,2aa9ca23caa2b8e49e57cea067eb26cb27b2d6222fb5eb874193045bb8c31908,train
raw/tomato/rotten/rottenTomato (121).jpg,tomato,rotten,local,v3_3f85760083078e93462d0c1e764f8527,c7234dad4c149beb9218aa2f7ae40846afc8ebcb55eec59c6af6147e27a4685f,train
raw/tomato/rotten/rottenTomato (122).jpg,tomato,rotten,local,v3_c3aa6df8f4c8f185eb5526778cb37389,fb0f673f906d50e318a68e69ea27c95969583e64db6f5d314145fe44f212c45a,train
raw/tomato/rotten/rottenTomato (123).jpg,tomato,rotten,local,v3_a29bdc82f9e26a554a41a2f1546dc8ef,057bd9321aa99d87924d74ed6935d593099742af16aed878c36c78839d8bbce8,train
raw/tomato/rotten/rottenTomato (124).jpg,tomato,rotten,local,v3_b451997e0533c22fd64c54ecf1ebf2b1,194386c7ba000a23eb10a1fd874411f212f6b550f117bdf0920fe65ba720713c,train
raw/tomato/rotten/rottenTomato (125).jpg,tomato,rotten,local,v3_111b425b5060c8a6523fb7dc6ebe35d3,2ba5b15198c06f2299e09b3baa0831db460a2442ba177b4f2712f349fd2f1234,test
raw/tomato/rotten/rottenTomato (126).jpg,tomato,rotten,local,v3_f5441745963ee0c32e02d8057ecbd946,b65051584fd8240e990630e7037b1ee384fb21b5d7866ba0fa4fa53d8c4ca5da,test
raw/tomato/rotten/rottenTomato (127).jpg,tomato,rotten,local,v3_6a44a70bd2d0c0e5e08c059d0db8085b,ee455c8091ba614ebee15703a6af54078ce679bfd504fd7b30bcef66e929e6db,val
raw/tomato/rotten/rottenTomato (128).jpg,tomato,rotten,local,v3_26519e1428f20c17568a4d333961f751,c795574dc7840a65be90ff55b14038e9d504a9e67c419718d94f54341a000e38,train
raw/tomato/rotten/rottenTomato (129).jpg,tomato,rotten,local,v3_b078f483d979532bf2a6401a6f78fd8f,ca77d950f74b07e1550e993a276fa48912588a0f0a401e70953ac4d2531e908f,train
raw/tomato/rotten/rottenTomato (13).jpg,tomato,rotten,local,v3_f9c54babeccdbcc827a573fd10bd8a73,1b666145df00c268018327aa11886a1620e46c895c45f65a6813ed51efe6b8df,train
raw/tomato/rotten/rottenTomato (130).jpg,tomato,rotten,local,v3_f68ce74e485f2f741fb50f853114e6e8,a9183e8a5b089507f6b2ecefbc5ab6593a2a567bdb138d8d0aacc414233d1b19,train
raw/tomato/rotten/rottenTomato (131).jpg,tomato,rotten,local,v3_3638d508c08d7287f0161ab7c6e62362,6e2b13a9bebb5004c90e527161e625b2476a2ee2ed7fe13a87ce857684889a2f,test
raw/tomato/rotten/rottenTomato (132).jpg,tomato,rotten,local,v3_bf2e43bd43027b799dc9fadcfc0b1eaa,42536bd96a50ce5aa276237383e0f64b27b686cc86ded067262aa4531bd4e48e,val
raw/tomato/rotten/rottenTomato (133).jpg,tomato,rotten,local,v3_227b94ee4bc40a561b002dd6e7f23b1c,b306947d75d1e2ec7ac9ac95eeac5c6478221502099d794e05ebcc2ef07f4a74,test
raw/tomato/rotten/rottenTomato (134).jpg,tomato,rotten,local,v3_49aa966e543345a75104c4e7e4b856cd,91d79491452d1db34c773008656733dea4ee8912bb2a1d3ba87eaccd5a624761,val
raw/tomato/rotten/rottenTomato (135).jpg,tomato,rotten,local,v3_20c18d9e33933c4c3ee43c6ff28ae9ba,8944c3143b066cbd875301469824d959dda3281909fdc76bdedc6981e1cddc3d,val
raw/tomato/rotten/rottenTomato (136).jpg,tomato,rotten,local,v3_10461df708d10923823c2380beece5f1,d80e1ed8ce85691cfdb82bbd67752101f693b180485165d090c68a997b3e672b,train
raw/tomato/rotten/rottenTomato (137).jpg,tomato,rotten,local,v3_73418aacde9e037693e0b3fb80297753,d58fb3746b93423f0c5bc0f7a102933b86e67a0fe4afd8da4bb0067dbfdb3775,train
raw/tomato/rotten/rottenTomato (138).jpg,tomato,rotten,local,v3_6a9721dac5fcf49c890f76a9eaf4ce6d,7a102bb60e8cef97a9442045ce38c1ed0b05be0e2aa5bd38a2a7c5a20880d860,val
raw/tomato/rotten/rottenTomato (139).jpg,tomato,rotten,local,v3_78d4a9cc9196b0676918684aa3403135,ec0f248f790e4ebfda25120717da809050523a34264a408fa9f55b78072971ef,train
raw/tomato/rotten/rottenTomato (14).jpg,tomato,rotten,local,v3_cd644f5c5107217dbf60ee244dee716e,69f0b76011deb3292bc89783d88c9f425610b1e7e9f0536acc93eb325674e784,val
raw/tomato/rotten/rottenTomato (140).jpg,tomato,rotten,local,v3_c63605e3d214c8a13c5ec2d00a584bd4,798a7847ffe3d942a214b1e646fab180c6657f09d431652e90567c5c887c9b0b,test
raw/tomato/rotten/rottenTomato (141).jpg,tomato,rotten,local,v3_07a267b03b0772d4d9d6d0e085d54e25,3adcea42534bd8cb56ca9e982a5dd79d7d548ed0d7ffaf3dcc5d3946265d5ddd,train
raw/tomato/rotten/rottenTomato (142).jpg,tomato,rotten,local,v3_1769496ff7b542cdc5e83eef30bcc46d,a2109adba136a9c4cadb95341daa10d23b04d51fae9db47fefc76ed1f36091ef,train
raw/tomato/rotten/rottenTomato (143).jpg,tomato,rotten,local,v3_1dc5d0c043bd3babce8be8b8316991da,9c73aa9a9a5af2c56a32f58fa5577e8b30cbc5024aa7fe7b84ff61e959dcb49e,val
raw/tomato/rotten/rottenTomato (144).jpg,tomato,rotten,local,v3_5dd7b08cee6d76f62ddbd2c97defa1b1,e5e74556564617cb82dc9a95b85ad3afb05942265f9342211cbccfc0ec183aae,val
raw/tomato/rotten/rottenTomato (145).jpg,tomato,rotten,local,v3_e883d454562e2a6664732ce24b221683,319008c88393dc4080ae4c46fb811ec8a3040e45f1c711cd3b94c542f1d3a683,val
raw/tomato/rotten/rottenTomato (146).jpg,tomato,rotten,local,v3_f82ff4118e04bb2e3ffde9282b677d5b,cb6e552d12400b776ba8e63aaecfbeca51b199ccb74c56d3b1336e8322463e47,train
raw/tomato/rotten/rottenTomato (147).jpg,tomato,rotten,local,v3_d3bc31729fe9994cf224cfaff96697a2,487e53b860b2f214d902ac7df7f1b6d4c990a94a4896f0bf0a31264eb0bd0d38,val
raw/tomato/rotten/rottenTomato (148).jpg,tomato,rotten,local,v3_2c0ac34f5d929db547a28382704f3f75,7d769639a26ecaee4f9c98fa5fd15d69f039a0bbb3f0863b43fee41da6cf074a,val
raw/tomato/rotten/rottenTomato (149).jpg,tomato,rotten,local,v3_0a0c958bae3c966eda017533fbb2531f,c39e8947c82dd4479a78e26d715644604efd8c5f3a7f952e5b2570dc02b4f885,train
raw/tomato/rotten/rottenTomato (15).jpg,tomato,rotten,local,v3_1ca347749f4709f026527c37fc5ddfe4,e07219c1a468caf4a86048ef073ab0c41610f1808c293da7dab6b90d07058f6c,val
raw/tomato/rotten/rottenTomato (150).jpg,tomato,rotten,local,v3_d89ae602eaf3d09b195433b87bc287db,969eb5d6386941327b26c611b7d12775cf706804b2b0d0f29040feb796f6ddfb,test
raw/tomato/rotten/rottenTomato (151).jpg,tomato,rotten,local,v3_b1b84a1da42d4232d372b0e4c7f5cc57,0a358b3f56a6d8ecb24e316545c14d7b871f28fb14b820d8ebd7b016f7d512ac,train
raw/tomato/rotten/rottenTomato (152).jpg,tomato,rotten,local,v3_2d53d6127116d0709a21f61f8550539e,2e0cfc06c1812539f026bda2fe794035613052e1407d6d86fc5b963483bd5f86,test
raw/tomato/rotten/rottenTomato (153).jpg,tomato,rotten,local,v3_0a175ff87dde7465a220e2e79a5e70ca,18334e27e23a0038675cdb3c6703bf2afa71fd5765929ed22232b28fa878550d,train
raw/tomato/rotten/rottenTomato (154).jpg,tomato,rotten,local,v3_7caacfe3535325a047825fb4c87c7502,a8c0f0ea51aa32b79961021c74d2a5ee48a472b025ba0d15a29f08cfa902f59f,train
raw/tomato/rotten/rottenTomato (155).jpg,tomato,rotten,local,v3_7a769d61fbee91304b05a06fb4287bc5,2ecbbf52e0e58223b87ca35d50bb10556b9a60a5eb544b7eee04a9b48b749412,train
raw/tomato/rotten/rottenTomato (156).jpg,tomato,rotten,local,v3_a33866cd87aad87cc698710ce71c81cb,307660d7ef777136eb5dbb643ba4e8d4160df195699fc86a9729ee1d630b6d4f,train
raw/tomato/rotten/rottenTomato (157).jpg,tomato,rotten,local,v3_7da4848823d0d9d79c93c22d4917d334,0289789450165dc0843c47c89c8a7c7269169c7e854bbcbb1d78b8cdb065a42c,val
raw/tomato/rotten/rottenTomato (158).jpg,tomato,rotten,local,v3_920877ae3b1115e921e2dce539a7eb0e,6010f96d52c7a6abba8f3281d4bef266154f36f4615acb4e7363d76e9acb6edc,test
raw/tomato/rotten/rottenTomato (159).jpg,tomato,rotten,local,v3_d5c9ec7f6b7115af1ff61df6e3521a80,f2742ff46639dd9bcee42311b5907d2efd80f70135161435e787ac82b1ee0640,train
raw/tomato/rotten/rottenTomato (16).jpg,tomato,rotten,local,v3_2400975ba951843a5bc8896f52b9c25e,faf7f27f819c833c7a7f5288d28cf93f48c7dc7929169f70131dd5231628d731,val
raw/tomato/rotten/rottenTomato (160).jpg,tomato,rotten,local,v3_b4a1d1a9d06458a8d958cb93b9b6321d,54045c76a8c174c9cbad25b695591c5015d93db51d62beaf836a6f1e4b8fec9e,train
raw/tomato/rotten/rottenTomato (161).jpg,tomato,rotten,local,v3_b4717e29ceac31b1619ba6c3818fa3c8,13d8fe2cc4dca83304b0b58dde20b134a8ba8d8d3f916eb3203c93090d545284,train
raw/tomato/rotten/rottenTomato (162).jpg,tomato,rotten,local,v3_155755cc4337537e2e8108f46ef1cb2b,c4a043273972306d519a8562ee6d8c72e8d67fb42cad87b14b0e06a2b8307d50,train
raw/tomato/rotten/rottenTomato (163).jpg,tomato,rotten,local,v3_fcfc60b6d8206402d9507e3cc67c5455,2d297f1390a8b4ea17534bfae8086f8f4f03920472fc4137c27d44176d8c1148,train
raw/tomato/rotten/rottenTomato (164).jpg,tomato,rotten,local,v3_f091850c69758cc681baf68c21c29a86,364e9638c71d2c72d669b6d5fba9cc1e6513ea92aea120f5f16d8ffde99e3a0d,train
raw/tomato/rotten/rottenTomato (165).jpg,tomato,rotten,local,v3_d630bb4bda2f5f5f1da857e79345c754,833b9f779de014b555c5c2cd171aec364db26b5ed7255bd0ca251f03752149d4,test
raw/tomato/rotten/rottenTomato (166).jpg,tomato,rotten,local,v3_4f94746e306f752a95d940e5716f77bb,cc7ee95cabdea814997f7f5628d09e5818f045ed9d2ad53dfb4cbe527b8048b8,test
raw/tomato/rotten/rottenTomato (167).jpg,tomato,rotten,local,v3_b1b84a1da42d4232d372b0e4c7f5cc57,aef91777279a7ae725db55c68af3078e9f402677ddeb5d0839bbdf9fa3bf4678,train
raw/tomato/rotten/rottenTomato (168).jpg,tomato,rotten,local,v3_d6ea7dbd4e4c9493bf8cf639c8764fc9,6201f10367010324e43ba7afaa8567f03110c96ebe565ba9303b46bc1bd316ac,test
raw/tomato/rotten/rottenTomato (169).jpg,tomato,rotten,local,v3_36ae8ba5a22d3f2a6fceac87b7dfc0b5,080c92a5d7d2720a7df951b0d7fc7fb5573de3f9b842b4b96dbd928ab5ae0d22,train
raw/tomato/rotten/rottenTomato (17).jpg,tomato,rotten,local,v3_eccfad44d55cb9a0c482ab4bde546e50,060a63f1c6f7ebc1e2b9627990bd9d49abff9e60773a6ad68c654b4db95f51c8,train
raw/tomato/rotten/rottenTomato (170).jpg,tomato,rotten,local,v3_6b6bad34327f609bd6592b654c3068a1,d44e8b5f5cfe71f622a81331b6a87b708d139292f590607553397c7041c1e046,train
raw/tomato/rotten/rottenTomato (171).jpg,tomato,rotten,local,v3_d07b8c1663a98ffd3740100d1df86530,01bb5a5841572c775f49f295ca41ef0114f9872513822d467f80678d014823a7,train
raw/tomato/rotten/rottenTomato (172).jpg,tomato,rotten,local,v3_f8a57db66bd22fbc55cdbadbac7d194b,7a3a58441a416fde5238d7e2af097e7c77f10f4649ab2f30f4464e448bce734e,train
raw/tomato/rotten/rottenTomato (173).jpg,tomato,rotten,local,v3_ece5246a8688d9e01ad0456d15120fb5,7526a69581c3f698fc7bc69be215976b5fef9c398a035f9f744c9d003ce6bbd6,val
raw/tomato/rotten/rottenTomato (174).jpg,tomato,rotten,local,v3_82e2ba58e2b14ab9a06af16eab0e365f,53530c6f8644e0668251353a0634395565de7e90cd9cdf00d5ea47d99190c1cb,val
raw/tomato/rotten/rottenTomato (175).jpg,tomato,rotten,local,v3_90eae0b510ba8964398d2508585de0fa,6d977687864be5e89c9dfbca5f72d26a3120775ec350c970bef3ab8c23c45302,val
raw/tomato/rotten/rottenTomato (176).jpg,tomato,rotten,local,v3_9c54dffe45c03dc826f16d749f6f355b,411cd989e09a47647610ffd56fd05d1800aa2fc08e30b79f1620ca02c92276fe,train
raw/tomato/rotten/rottenTomato (177).jpg,tomato,rotten,local,v3_b262cdef13a95cf0f2e2f88c1bc0ebe8,2c727fbb246aa1b1ee0fce2b8c7efa1abd8a7a1137967b87f051ddafe9d5803a,test
raw/tomato/rotten/rottenTomato (178).jpg,tomato,rotten,local,v3_3116832bfa1f72c3e371ff93e63030cb,dabe3a034b7458a9fb6e1e1105b44edfd45bae9de61465e3198aceed700a6ebb,train
raw/tomato/rotten/rottenTomato (179).jpg,tomato,rotten,local,v3_0fd031ed47ffd4888cdf068a7343a791,e99156c71a9d021515290c7bb04eb12a2b0037994363313f4e81f67a40ddc726,train
raw/tomato/rotten/rottenTomato (18).jpg,tomato,rotten,local,v3_71da7e2988e519b424840dcc66b4d6ca,a75ec73e059157b3696e588deae287f0a6c38a7b154eae32cb43dfeb9d93b5e5,train
raw/tomato/rotten/rottenTomato (180).jpg,tomato,rotten,local,v3_7b79754aeb19ff38a065809e9e7678f2,e01ba09018e75ae14c96650c43d96ade3b800175c913951343f1e75ed8b8a9e7,train
raw/tomato/rotten/rottenTomato (181).jpg,tomato,rotten,local,v3_dd0ce6497fdb2f55e1089da24d92c18d,c5b605e943e99395bc13174e41d49cfc2e2af70e53a835a8e9a32c1b4580912e,test
raw/tomato/rotten/rottenTomato (183).jpg,tomato,rotten,local,v3_6aef7d336692849c6bbc9a9d902178c2,9d15f804ce542957c2182e584c88aebf5ad703169f8adab87301b7a0ddbe65af,train
raw/tomato/rotten/rottenTomato (184).jpg,tomato,rotten,local,v3_1822e654fd8015fabdd63b00a013a59e,9ac150abf5d4e71fc640b4dc07a6d4882064bb8f134809d066e7a0877d943ca4,val
raw/tomato/rotten/rottenTomato (185).jpg,tomato,rotten,local,v3_58155e20c6fc931fb8ae560b74444fbf,da26d2ff46b96bff998a688194b86777988f44cbcceb99009af1ba73a0cf4662,train
raw/tomato/rotten/rottenTomato (186).jpg,tomato,rotten,local,v3_48693304335408548f0fa2928f5f14a2,2958714f782910236744f3a794f69390d4a938567671362277063228aa48a711,val
raw/tomato/rotten/rottenTomato (187).jpg,tomato,rotten,local,v3_48693304335408548f0fa2928f5f14a2,11d416b387f9ccb959ac2d78da554d5784cb481fce004a34ec0f81570fb6435d,val
raw/tomato/rotten/rottenTomato (188).jpg,tomato,rotten,local,v3_1ac96812dd47dffa00b008f0717ea73b,ee1599fe32ec04e34bc11782554093204b0700133143218ae019160ed9b7f5a1,train
raw/tomato/rotten/rottenTomato (189).jpg,tomato,rotten,local,v3_c4db3138910fa8ebebc2379f89f41b83,4938eff352c76ff261a22a6be2299467310433663a475c3b90dbade2f3712fa3,train
raw/tomato/rotten/rottenTomato (19).jpg,tomato,rotten,local,v3_a51c7c64cb51276cc67f42c85a3e6f49,d97fa076be386d096372dc70b7eacb7c23d0bd8d3842defe0251ec684a30db4c,val
raw/tomato/rotten/rottenTomato (190).jpg,tomato,rotten,local,v3_0be5b6017a9e0610c93b23a3898cb51b,d181b9580e984afb3346a2c03e35280d31c28b946c08982e9f8ac11a7b60c890,train
raw/tomato/rotten/rottenTomato (191).jpg,tomato,rotten,local,v3_7d66e913e8e048fba0dc38b17c54e045,8170e0966713d7e5fbb3e2a56e021b325b2aca5c7efdb4e435f4b9acbabea069,test
raw/tomato/rotten/rottenTomato (192).jpg,tomato,rotten,local,v3_0a75aed2e18d8b43d68f7d507ee6b411,9aaea1b37b3c293a3a4e1f3d0f90641f72d90792c708a2a3717b260a013e704f,train
raw/tomato/rotten/rottenTomato (193).jpg,tomato,rotten,local,v3_2b70830b7231b937ff246ba5b78566f8,6ea4be98819cea2901014f8679f8e5e77af5bcebda97cce05912f96efd90bc0e,train
raw/tomato/rotten/rottenTomato (194).jpg,tomato,rotten,local,v3_e5ed99d2775742560ecbd0f8ffb7eb31,cf357fff5e7e553041667b5072f7a0da16b5a3dd16b3349a0ac8d02228d5d611,train
raw/tomato/rotten/rottenTomato (195).jpg,tomato,rotten,local,v3_4bb061471b95340f7e5f7e995ab4c518,0735abff64bfd7f1c4bbe8cf9048a72dff710dd03153840a2eb9d9395cb2197b,test
raw/tomato/rotten/rottenTomato (196).jpg,tomato,rotten,local,v3_871f8f77aa9d0fea49bb781ebfc7c41d,88ef8db8e2026bcc534c4d1d282c7ddcf3c8dc5990ceb82b2b8ba066cbba81e7,val
raw/tomato/rotten/rottenTomato (197).jpg,tomato,rotten,local,v3_18091abe5751634b3fe7cd39b196128e,95f42564cd63f6d3edac869377aa29542a0699e87631a83beb696713ea04619a,train
raw/tomato/rotten/rottenTomato (198).jpg,tomato,rotten,local,v3_97f1bbc735b759c22dec7983b31300ac,48f4253a0374966441be8899d5173e57605292878092b1a700b9f905138a4042,val
raw/tomato/rotten/rottenTomato (199).jpg,tomato,rotten,local,v3_6da24a37bcde0a7a25b80bc62bc7a551,20df76dac543856aab6eb93b27ac9ad5bfe44dd1abadaf1f85f2b69e7dd4d0f4,train
raw/tomato/rotten/rottenTomato (2).jpeg,tomato,rotten,local,v3_94c4d442d1be2dd3a811f654a2390022,2b75af152506cf2e81c129456d8b64d930a449dd3b878d21d83af12648567749,test
raw/tomato/rotten/rottenTomato (2).jpg,tomato,rotten,local,v3_94c4d442d1be2dd3a811f654a2390022,f55f1c75da9945fc1e97d758ffd6f29979a75f0f077e4e11b2a77b2811516202,test
raw/tomato/rotten/rottenTomato (20).jpg,tomato,rotten,local,v3_f2b34115db2aa8d3a7a36ca747aa3e3c,10a7050adbbd5acaa441c0e255c0b27993226b9af217fe37b4c39c39e3efe4b6,train
raw/tomato/rotten/rottenTomato (200).jpg,tomato,rotten,local,v3_7458c6d4e3d8f90ebf4e74f242b88308,4032dc3de0d2822c8a2a44fc88b1ca2abf1e46054019c94482de9e104b13b9fd,train
raw/tomato/rotten/rottenTomato (201).jpg,tomato,rotten,local,v3_80830143a8a930b3a5abeb20c721e7ce,3a241077b362b9e46562d5a8b9ea6f1defc7b4550e398ba81006614dcb1b3b51,train
raw/tomato/rotten/rottenTomato (202).jpg,tomato,rotten,local,v3_876db972da99c5477d0f14c6cb6e8787,64c498c73e2f91efb092892e921ba854ea3327b237a22fbc739c16334304ced0,train
raw/tomato/rotten/rottenTomato (203).jpg,tomato,rotten,local,v3_c4e5b123340477b713343b150024d22a,22d2fc0642e0accbe36361dca6c22a221e05595c805c243a6501f5f81849ee69,train
raw/tomato/rotten/rottenTomato (204).jpg,tomato,rotten,local,v3_dbc3b178e70c1f6487b32276790a3fc3,15463c4a8fc7cdaf9e4395cf5dd90c0e35a695d778a79bc2061cab1dbef5dc30,val
raw/tomato/rotten/rottenTomato (205).jpg,tomato,rotten,local,v3_7938bbc46239fb1aa0e5a30ef51b46f7,02cdb0228f07ec76b40f1329ff9b6032aa792f16e469184644a44ffc0910f036,train
raw/tomato/rotten/rottenTomato (206).jpg,tomato,rotten,local,v3_1afbeea023541d082c0f263bba516835,c294c7af6f1474a9e27ea8fbfbc1cf8522347b5eb776b5309894d1d410e25ffe,test
raw/tomato/rotten/rottenTomato (207).jpg,tomato,rotten,local,v3_b8717c5bb0d968ac5a167d4220afa3da,4d09e1a9220a23aa068c5a3ff7015c78dd04a86e544756dbfaa5d45cfce49d9d,val
raw/tomato/rotten/rottenTomato (208).jpg,tomato,rotten,local,v3_17430f63d827fc6eb22427803b52e6f4,1c98e37b528d1dafd8e402ff0d1841e6a4822430b61766e363e085754b79989c,train
raw/tomato/rotten/rottenTomato (209).jpg,tomato,rotten,local,v3_d61c9f53cdfe15ebe450d109417a9c1b,0f9b914e2e31ee6e8e27128e4164086110df851d9ee4d86acdec716e5d0ed880,train
raw/tomato/rotten/rottenTomato (21).jpg,tomato,rotten,local,v3_db2bd40d33f8210500d27803188bbbf4,dfb88552a2b456f9eb45e8a714ea4bf8d678351cdad37c9806cd1a1fbab28bde,train
raw/tomato/rotten/rottenTomato (210).jpg,tomato,rotten,local,v3_3a734ce64855d88b9326f50aa9624ab2,632b1fd35b4564082b68f27dc19e8447b94554f8f5f0a2f98698e4f027a04a77,test
raw/tomato/rotten/rottenTomato (211).jpg,tomato,rotten,local,v3_03541f7c67a947b179cf3b14b9e22c38,5d0505e0355d98e20242c32068291602b25f1016c9c33cb6efdb437f93cb91df,train
raw/tomato/rotten/rottenTomato (212).jpg,tomato,rotten,local,v3_81a59d3676f679160dfe9290d6f2515f,f29b7e84dee2e9aa4e685e8259fa9c1abf75b68ba538c90120bbe101b8faa805,val
raw/tomato/rotten/rottenTomato (213).jpg,tomato,rotten,local,v3_1e340f3cb4250175cd9eb21b4826d7f9,e9d2a93bfc5cd7e6a25ee9e03a25d07662490af765873fa13e3eafb74d957020,train
raw/tomato/rotten/rottenTomato (214).jpg,tomato,rotten,local,v3_27ed007a6def54196c0992bfd77d3832,abad76296373454083878bce244c47ffcf3f836a6ed0a6347953d7f48492880f,train
raw/tomato/rotten/rottenTomato (215).jpg,tomato,rotten,local,v3_c6c9f1ff75fc13524f7ba556604836f4,29a9ce0858208eef1c587617f20139891e7059cbb94e4c1e44bd95d8e6dfcbf4,val
raw/tomato/rotten/rottenTomato (216).jpg,tomato,rotten,local,v3_568e995bbc251534d67f3835f509c9dc,c678120552683f3008fa470704e57df5ec8cbcf84ccf8e9ba028bcc788e375ed,val
raw/tomato/rotten/rottenTomato (217).jpg,tomato,rotten,local,v3_c9de3b70c0e3a4f35b30df0b9ac5bf3f,ae4f03ab24f855c7157b924197e8533ad505e3efc9138b374eafd934cce5735e,train
raw/tomato/rotten/rottenTomato (218).jpg,tomato,rotten,local,v3_a247366f9eb07de10e28e7ac2c91aff3,553311e0fde7ecce404bed4e6bd33a7ecc2bba196ddc5663239e4c0b6d5208ef,train
raw/tomato/rotten/rottenTomato (219).jpg,tomato,rotten,local,v3_f71b5b83a537db43b788aed3f87b351c,4a1b1483a03f540e4d3a9ec7a28d8cd4e7129771ff5b276009f9297c6ac5611b,test
raw/tomato/rotten/rottenTomato (22).jpg,tomato,rotten,local,v3_41c56cbca62888deeec43fc327b39e3d,7fc73ab1187613675cf8490c4de78bd91067057e6c152a9459870fe4b18b95b5,train
raw/tomato/rotten/rottenTomato (220).jpg,tomato,rotten,local,v3_9679ea2760e52d10b31cc6fa334c126a,66033fead93a1b101dd47ae5b00d1c347f789d8059fced2e7e03442da3c40bb0,val
raw/tomato/rotten/rottenTomato (221).jpg,tomato,rotten,local,v3_6b9e58d240a944cc88a03f54a43fb9c1,e1e87198065e0e8deb05ea79c114c38eb5d21fc43e6b93aae6ba23d8271f413a,train
raw/tomato/rotten/rottenTomato (222).jpg,tomato,rotten,local,v3_904c1409a2d73e53c6a7fb7caec9678c,26ae7709d1f58107a19411f18c6ff15605b969cfa5dc51271007d50ef6f85cff,val
raw/tomato/rotten/rottenTomato (223).jpg,tomato,rotten,local,v3_7d90d46043abac6b88279c6163a4c4cf,41481f27422bf2811c5c97f8d39ea8fc338f541427877cf37168a7ebc4d7a7a8,test
raw/tomato/rotten/rottenTomato (224).jpg,tomato,rotten,local,v3_7d817bc0d2f0a096b92f48c2a54f07eb,894c558c488d37c5b71d2e1c1b36d6eceed44ab8110bf4d42ba455e8016be319,train
raw/tomato/rotten/rottenTomato (225).jpg,tomato,rotten,local,v3_505e38936a8ab2c9d11f20fdd8c83253,e90424b69b9834859049e1a0cc73d93bac26d90aaccfb615c432241dec8c9b11,test
raw/tomato/rotten/rottenTomato (226).jpg,tomato,rotten,local,v3_cca2c428e91e7ace3af63a9021dcdf2b,fc13b0f664db0665d779af89891ebeb71f8930f96b71a511670303e17a3a8af0,train
raw/tomato/rotten/rottenTomato (227).jpg,tomato,rotten,local,v3_01cfd49ff49dee7047cdd83901016267,97e138c2538acec70c9e7d890f099e5ef7613e97a44ea68bc6f6acc33fea0040,train
raw/tomato/rotten/rottenTomato (228).jpg,tomato,rotten,local,v3_ed6928db7d7504e86f4ee1de1ac17948,5f202ba0643e5a70eccaf803e6ad515944515c2e2a913bd30984b3b604b57241,train
raw/tomato/rotten/rottenTomato (229).jpg,tomato,rotten,local,v3_5c8958396e964ba056add5b437b1fb46,92461682929ef194167d55c82e7f101112cac598f06a6d8c449da5310b19397c,train
raw/tomato/rotten/rottenTomato (23).jpg,tomato,rotten,local,v3_16cba09cd73202414aacac709e2657b8,7383c01bb0e49ffb95accd2009ff1b6f197e5ae8e54452669679e4f75205d754,val
raw/tomato/rotten/rottenTomato (230).jpg,tomato,rotten,local,v3_71b46b5f78a8c337391fdcf1763aea11,78c35534d3bbfe541495c0ae3e038b68d8f06442bbc5b618ada6cac5a3e63814,test
raw/tomato/rotten/rottenTomato (231).jpg,tomato,rotten,local,v3_762e9fdc265da42c358627aa930bb41f,a1df4b21bdce6994a09c251ae11d7b8b8c8fd2b2760035a5d005fc510fa7eb68,train
raw/tomato/rotten/rottenTomato (232).jpg,tomato,rotten,local,v3_22338992cdae82bf37bc94159c7c0cc5,3e613b1d83ba96d02b1e4828be650ea276bcb2e42281dd6d5767bae6a83a9278,train
raw/tomato/rotten/rottenTomato (233).jpg,tomato,rotten,local,v3_5f6d490ba65c47318be38955b5feafe4,0b6343444b1cccbb66b6b6453049d5bb9ec78dd7ae462954d139a093ad32024d,train
raw/tomato/rotten/rottenTomato (234).jpg,tomato,rotten,local,v3_f18a7de8722930076cf3e3e74a05c182,a4d5ab079880da86dd9d7a39d1a93e6b8485017a1981cc4e4f81c8f6dabfaf69,train
raw/tomato/rotten/rottenTomato (235).jpg,tomato,rotten,local,v3_8db36355ac5b972a664d8710b13b5b3e,6b34d66ceb2ab81770af83f5b28c29b5927cda7f0000b0adc15e7cdba444e45d,train
raw/tomato/rotten/rottenTomato (237).jpg,tomato,rotten,local,v3_fcb7a4096d209eab0d2e8263c7623a3e,6bfcd325ac5ecc8887a778d06d26df3d26c62eeb40576317cb94193e01cbe949,test
raw/tomato/rotten/rottenTomato (238).jpg,tomato,rotten,local,v3_3baee30b67693e1f8d0a8999a34ee03a,efeae34a802faab30b5f8f4cca833336704ca3746a5274c5c09bfe1eef6aaae2,val
raw/tomato/rotten/rottenTomato (239).jpg,tomato,rotten,local,v3_3835772693a80757152612026e9f3d02,d5f31a33864609a12f61857cd7ea665a6690e68ad89cee11ab3cf49089e52ca4,train
raw/tomato/rotten/rottenTomato (24).jpg,tomato,rotten,local,v3_c497367a629060b23498c3f741cfbf16,f57ea395db39102a2034ac44651e1da590e692b25155409c659ad64c3e9c18c0,train
raw/tomato/rotten/rottenTomato (240).jpg,tomato,rotten,local,v3_dce28972a16c66e63804c0e822c4f983,808eadc197619a07d3723d7bd9aa483156f5bb2c472b1161b86b05ae5a4122c5,test
raw/tomato/rotten/rottenTomato (241).jpg,tomato,rotten,local,v3_eaffd9bc640d46476c5477c1be7e4c2d,9dccddcbec419dc0233c1f2a55776c28d28f377522ad1f1554203142e984deec,train
raw/tomato/rotten/rottenTomato (242).jpg,tomato,rotten,local,v3_05eda1b8d2ea867e9edef724998087e9,eeb447e6fe188f956de996bc686c89ecb7997a9608b9aa4376b3750c00aa5f26,train
raw/tomato/rotten/rottenTomato (243).jpg,tomato,rotten,local,v3_357037a1b27dcf9b13d28f80ad17fb8d,45f2ad39be2faa62eeeb8d10388c287a03bcf88599b35c847c34f32a5c6bdee6,test
raw/tomato/rotten/rottenTomato (244).jpg,tomato,rotten,local,v3_c15376df0856ce4d29efe5e3c1ffc3a4,1ace5c26cc5478e82e4723aad61c6f18c2d5ffc909c2ea30c9e9434b2c06b4e4,test
raw/tomato/rotten/rottenTomato (245).jpg,tomato,rotten,local,v3_dc64fec73af9d51a1d695aa87184040a,27ef3ce1b59c87544d16a498ee37058ca74dbd96806fca042ebd65848cf0e9ea,test
raw/tomato/rotten/rottenTomato (246).jpg,tomato,rotten,local,v3_2d4e87a57c12bf6f40aa334ee0c45ccf,4a31a143f9208a4e77e31f59d2830a5832239071e5deee508870596b11682450,train
raw/tomato/rotten/rottenTomato (247).jpg,tomato,rotten,local,v3_5acce4323f590d4fe33159f434516b56,d9e3986ec29ccdf0cbb502e7a46a450734542b6bea21f0053e437c5084526abd,train
raw/tomato/rotten/rottenTomato (248).jpg,tomato,rotten,local,v3_49c497acafacb3a29dd7212a07eb6d0e,4c4c92754bca5613351d5b01cc4c9fc08ad53b95aaae2b98aa80e6c47616991a,val
raw/tomato/rotten/rottenTomato (249).jpg,tomato,rotten,local,v3_02ef26faae961922593c60513ddce641,7d35bc8bbfe356eb8c2a1a4a99b23299da986ab0fe981713923d16eb8500023c,train
raw/tomato/rotten/rottenTomato (25).jpg,tomato,rotten,local,v3_f0cd698c88b2a5b10ef893673d0f8030,6441cc730c4a7a3ca66a4c359a7e80ffd42f3705950b2601f68781284f0fbd9c,test
raw/tomato/rotten/rottenTomato (250).jpg,tomato,rotten,local,v3_303cd56f72e9581b65eae581899b3b8a,7cfc70091fa42a0c39e4178c0b3cafa55b589d16bc504de0590033bd43e32b1e,test
raw/tomato/rotten/rottenTomato (251).jpg,tomato,rotten,local,v3_cd7a757c811bd7f3a38c8d0fca00cfa2,9e4e022f12e026dc43cfd4537008bc78f5620eeffd09ecb3cbbaf00223316cfa,train
raw/tomato/rotten/rottenTomato (252).jpg,tomato,rotten,local,v3_aaf68ade19faf56d5152756a344780bf,6dcffb43af312f69e793711301ef0ac46f9010a3fb13963965bd754831b0ccfc,test
raw/tomato/rotten/rottenTomato (253).jpg,tomato,rotten,local,v3_7bad825be555f8779ca38f046254d61d,ee0b97f84a9f4397da18709bfdb27ebd674104f19689c8ba60d81d74330c444c,train
raw/tomato/rotten/rottenTomato (254).jpg,tomato,rotten,local,v3_4cb2024e5e99c514219379eb343a984b,3b5b6bcec6a8261d2e1b871210cfc696490bdc1017f6e7e952e081c9fdefc3f2,test
raw/tomato/rotten/rottenTomato (255).jpg,tomato,rotten,local,v3_f3fd6929f9582032f378a21ae72a1453,4618383596be648de6e64c4eb34dd8cf5e7895c82a7a77ab22d2ef021ad07d25,train
raw/tomato/rotten/rottenTomato (256).jpg,tomato,rotten,local,v3_5702e27b27e6ccdb3505d2ff6ec117fe,267a57c69e6707a6d57f586b72d5b655b45aaa4e6ab0526e5d71daa8dfe709f0,train
raw/tomato/rotten/rottenTomato (257).jpg,tomato,rotten,local,v3_ef733fa3b110045506e1a81e465d653f,9af75d21157492865b0ba8ab3b7e1541dc73c1cbf9e84d9ab2e53eeb45bdec3f,test
raw/tomato/rotten/rottenTomato (258).jpg,tomato,rotten,local,v3_bd6af732546fe7be12bd6938a738ccab,3768ae33e8d848c0a67c98c45cd452ea3409e023588990faef7a2278566e99f6,train
raw/tomato/rotten/rottenTomato (259).jpg,tomato,rotten,local,v3_efaf95936f59be5d9ef7b441e17182bb,b33cdd14ed91a3805dc14fb12e841fe6211ce2e5a0e5ffc3418e40da5d6842fe,train
raw/tomato/rotten/rottenTomato (26).jpg,tomato,rotten,local,v3_f2b34115db2aa8d3a7a36ca747aa3e3c,e1affe9d7959150017454f31c7a138e9dfc583ff1fff7637acc6531d04528331,train
raw/tomato/rotten/rottenTomato (260).jpg,tomato,rotten,local,v3_d23b53cbbf4d653d1fdcc68534f344a2,a437c519cf472c10412932babcd9e3d877ffc4236f706b7712dac09d4f8555e4,train
raw/tomato/rotten/rottenTomato (261).jpg,tomato,rotten,local,v3_015e24537537d80b15b83c6c70dc7eb5,dae5fe115a6b7d22280e35aa546b8df41cf4c861e6540b0987dc0a4946f121ad,train
raw/tomato/rotten/rottenTomato (263).jpg,tomato,rotten,local,v3_bd9676f82ab2dc4ea35d946fa14a2f30,fcf41b41017848ce459337813c22b58b19480b727e5c157655536bd9479c3582,train
raw/tomato/rotten/rottenTomato (264).jpg,tomato,rotten,local,v3_1a334bbea9480e0896fcdc4ffb3f959e,2057e87f72cea1af0164b2fefcd9d50f5fb531c59807ca5a1d56e22f7c7a8c90,train
raw/tomato/rotten/rottenTomato (265).jpg,tomato,rotten,local,v3_f59acb976d211dd32af748b6daa51bc4,04536b8b07c125e0652dee271c64fcc7aaa4ce8c19b13b945cef407211d13064,val
raw/tomato/rotten/rottenTomato (266).jpg,tomato,rotten,local,v3_69c1e95d5387b25a0f48b26ae1f61129,f5daf73bd6334beb818a37ced0a17474addeea64f4dc2fd5b818de21618e0652,train
raw/tomato/rotten/rottenTomato (267).jpg,tomato,rotten,local,v3_508f4b2cac90dfc681ee6194959a2e32,39a8c6b34a50486fc57a43b8f9ded2c1d90cfbde63eee307ce11e8c60158e066,train
raw/tomato/rotten/rottenTomato (268).jpg,tomato,rotten,local,v3_b53880e331441c86f62a70475e9d2470,0f3d829f9cb54a693337729be306accb6abe308f2df6bd9b3d1ac326ee131223,train
raw/tomato/rotten/rottenTomato (269).jpg,tomato,rotten,local,v3_0a717a65a07ef859b79520aebb8f6022,b9838e52aea371e82b077bc41898d4a8b8460c28ded461e852cf0c6e801b8030,train
raw/tomato/rotten/rottenTomato (27).jpg,tomato,rotten,local,v3_22ae5dc5024a38577903cc1be198fb92,18d5526f8eb07c26f3c4efc98e05257711bd7f1c209a244eb706a42a59887e95,train
raw/tomato/rotten/rottenTomato (270).jpg,tomato,rotten,local,v3_92c14053750500c270acada3bf3737da,37793bce20a9fe9d9042dab7b6847944f928c4b37e1ac89cc8dfc939d67086c5,val
raw/tomato/rotten/rottenTomato (271).jpg,tomato,rotten,local,v3_dbf62941063e13bfc893f5b03d24fb0a,d78a1ca405ce65fd1d40282da3de404e6983643f4c5b08fd3b0a51b931f0b4d0,val
raw/tomato/rotten/rottenTomato (272).jpg,tomato,rotten,local,v3_d44f29e1ce9478561fe88485a68a28e5,b1f7829ff515014ad8649ff96e79404fcafd4b29e1e61d17ca58010ee92519e4,val
raw/tomato/rotten/rottenTomato (273).jpg,tomato,rotten,local,v3_3748df7b5d96f48b29e0abab10410529,9580006d2dfd3be26052f33d9c4c079c0f1d177374f6238976a0ce0dc8012866,test
raw/tomato/rotten/rottenTomato (274).jpg,tomato,rotten,local,v3_bdd11cf14f4b3d75b821347aea570295,2f52e9c289d614ad3b52f7d04d5f8286ff6aa0b506340d1001cb2c70ade5d233,train
raw/tomato/rotten/rottenTomato (275).jpg,tomato,rotten,local,v3_58f50aec5eb8b284592b319f279ca560,359dbc4a3f0b879220619bbe61fa3140f6adebe6144552e7f8d742156135b0b1,test
raw/tomato/rotten/rottenTomato (276).jpg,tomato,rotten,local,v3_a169cf38cb2015658bd404e9c986e27b,06c0b61ddd2314cfad972746e48ebf934e216e6822a18eebabbe131ae610e0ba,train
raw/tomato/rotten/rottenTomato (277).jpg,tomato,rotten,local,v3_2d7fcb2571eab9c5be0410d6faa4fe97,c4415822f0eb894d4cdb57880427d1f1c11eb1189e00c75af559c286296772a2,train
raw/tomato/rotten/rottenTomato (278).jpg,tomato,rotten,local,v3_fe317bae5b09314579eb358575d68934,4c77e38de65dc2e780e3603a7937b9a79676eb7b8336d725ce31a5958d4012a8,train
raw/tomato/rotten/rottenTomato (279).jpg,tomato,rotten,local,v3_a176dd916ba13e1acc00474ef1e932a7,51f2ae61948a535441ffb3f49528f089974c31ce5b61367337dd3dbc095631aa,val
raw/tomato/rotten/rottenTomato (28).jpg,tomato,rotten,local,v3_b1d1a8d79f4110768f0fbc78bff00fe3,8efb222954663f6b2ef85522d5069f3dbe14270ce53ac021e03db2a4adfe712c,train
raw/tomato/rotten/rottenTomato (280).jpg,tomato,rotten,local,v3_66fefe1863423a51e4c60b46e6c7db86,8a2cb0fa8e323aa00de8b21f03d8fee9c46aa82c94ab9598e2cdcade24523785,test
raw/tomato/rotten/rottenTomato (281).jpg,tomato,rotten,local,v3_0fade309bca5dd313f715ec3d9fe3d9d,2cbbf4abd617e3209de773924b1e2f808eb5e37d193fad42a1216938eaa81aca,train
raw/tomato/rotten/rottenTomato (282).jpg,tomato,rotten,local,v3_209108487efd14a90458c141e2f29c21,7e4f9523375039beed75ef7dcf8cdd68d1dc7680f6ded96e71c54284596139cb,train
raw/tomato/rotten/rottenTomato (283).jpg,tomato,rotten,local,v3_5bdf8264a5944d12f6836ebfcf4f36e0,9ecfbb682c3c3a1c5bc73a7b32bab66ad34b05129b8cd40d6f32242f3fc8228c,train
raw/tomato/rotten/rottenTomato (284).jpg,tomato,rotten,local,v3_f8a82a5ad56190156d157bccd06f3d60,96e92f277f9ea8a9fcb0ee8894af7b6e6f06cd5119a846334235594ab40acf1c,train
raw/tomato/rotten/rottenTomato (285).jpg,tomato,rotten,local,v3_9b3ed103286d4113bb6c7bba17ed4078,445bb4f2e7b0e9f6cf6e24d4b1afd13795f51a0f0f7c4f33ce6cd79c3258455f,train
raw/tomato/rotten/rottenTomato (286).jpg,tomato,rotten,local,v3_2dceaa97a6da1f54c2d1a8e0a749abf2,bb2ab35a7c66366853611f79dbb9c32b0f4ab31f225c6be2db1c0f74ddc4da7b,train
raw/tomato/rotten/rottenTomato (287).jpg,tomato,rotten,local,v3_90966311a6696b9fd362a5f82e6ba620,c0d2a3ac53f017b5a249602869006a24bcf311d2dde1718cb6c885be7682302f,test
raw/tomato/rotten/rottenTomato (288).jpg,tomato,rotten,local,v3_fcf9549ba4fb0895d8a30d373630fa99,4c04b8c62ebcb55fd5f900c2b8a015e4e91adfbe9159b076e4313a88376c07fb,train
raw/tomato/rotten/rottenTomato (289).jpg,tomato,rotten,local,v3_bbd87b87776b1ae37407440c6ba41ec3,aa80cc4238f27e75d020e2680e6782d601afade230540c7ca4b3cfd3ca0c1ad0,train
raw/tomato/rotten/rottenTomato (29).jpg,tomato,rotten,local,v3_e55deaef4f0f47fb767237db76c811c4,168eaa6d05b8d116205c433b6c7db97498938065ba3a6438e4b12882d88d5b22,train
raw/tomato/rotten/rottenTomato (290).jpg,tomato,rotten,local,v3_67e40caf0c963eeb310c5ad297db56a2,eac335bdaed18ec421f7aa4fa926e3d9f74415ef947095f60740f5e9cac9737f,train
raw/tomato/rotten/rottenTomato (291).jpg,tomato,rotten,local,v3_40a1d326be391bed7da2446da11242ff,efea7e88d7dec6690c5be0d3adbbaf7c68083c235d4a24dcc80e7bc30e5d5bd7,train
raw/tomato/rotten/rottenTomato (292).jpg,tomato,rotten,local,v3_227990c16bf7475c6a013aaf1c097ea0,e3c83764a46fe5bef390d137c42f168be6bfe7ed833707dfb88dbf06576e6aa5,test
raw/tomato/rotten/rottenTomato (293).jpg,tomato,rotten,local,v3_608bc3f88d7275b10a490f54eeaad2ed,d33bb6f5b7ab3277cbed9783488da59b6c58b1431fa60743cea2a63fe5d05c54,train
raw/tomato/rotten/rottenTomato (294).jpg,tomato,rotten,local,v3_0b2c19f337741e467eff930b2eff530b,62b7525ddfe850f41f99c3afe5a83ddd9a84b543877c93de5b5cfdd11cd2b47d,val
raw/tomato/rotten/rottenTomato (295).jpg,tomato,rotten,local,v3_10c7c1c5bc699662d0441d2941a4e868,ad4d4d167a6b09935f673599b3b78437538088232a2eec98ca201c0b60cc8795,train
raw/tomato/rotten/rottenTomato (296).jpg,tomato,rotten,local,v3_cbf2348f46bc3a1cd4fab787f802dfde,cf2d537d1bbcec3634f7e996bba61064c182d320d13cd2b3a8fd7e994df89bf5,train
raw/tomato/rotten/rottenTomato (297).jpg,tomato,rotten,local,v3_16dd1c63f2ceca80ae3b77b06ebb1708,d5f43caed5d8227d9920ef1af47077acd40e9b7e45b8918e797b2d6180e00619,train
raw/tomato/rotten/rottenTomato (298).jpg,tomato,rotten,local,v3_e7d52a353e495dfd404e57e61c2c32d0,208010fc5d9be115f6e97fb2314b155dd65e24c867efd8b264946e31211459d6,val
raw/tomato/rotten/rottenTomato (299).jpg,tomato,rotten,local,v3_eb3313c0ddd06e966046dd51860cae43,cdbe77026c27a091ce2d98aab561faf44271273ab1fe54ae8a3098a58d02ccac,train
raw/tomato/rotten/rottenTomato (3).jpeg,tomato,rotten,local,v3_6be0130de95eab08fcb2e10238f5a0ca,50e14b344c81db3cc6affd8b5a5e5127686410653a70752cf845b73775701a32,train
raw/tomato/rotten/rottenTomato (3).jpg,tomato,rotten,local,v3_6be0130de95eab08fcb2e10238f5a0ca,2faa7e768e0dfaa75937bbfa938e31d2c13a898679933b410a92bc28fea9ea83,train
raw/tomato/rotten/rottenTomato (30).jpg,tomato,rotten,local,v3_87dd702dd98472f1abe752462b56d2a1,285fd972a43798867fbc634e9adfd97099320eb2afa5e5af838ca1b2b7fc223f,train
raw/tomato/rotten/rottenTomato (300).jpg,tomato,rotten,local,v3_468602d35dd629a4dc6d2dd6c778db3c,7475c12f90529a8544d9fcb2d06237cb483d83a58ccb4ec35c6d1428ff1c866d,train
raw/tomato/rotten/rottenTomato (301).jpg,tomato,rotten,local,v3_0057f2f3ad8e49dc8ea27b16d21ce4ca,deea92c1d7f6f6017874e0e3e6f3da2e15eeb3c009d3c9216954c55f5b140544,train
raw/tomato/rotten/rottenTomato (302).jpg,tomato,rotten,local,v3_a1b4b0def01ba02e814ba5eeb79b07b8,a340dcd77d8a85e4a3622c2c55ddf1be5070c26da7494dbd8ab75bb91b9e362c,train
raw/tomato/rotten/rottenTomato (303).jpg,tomato,rotten,local,v3_a29bdc82f9e26a554a41a2f1546dc8ef,da0109c2c014656e87fe5ecb230eff0769de44e699a0ec667d67eb2b7dcf1ecf,train
raw/tomato/rotten/rottenTomato (304).jpg,tomato,rotten,local,v3_b451997e0533c22fd64c54ecf1ebf2b1,27c3cfe933f92749db76986ca4590fb84785b03524cd837572e098a34b1f75d1,train
raw/tomato/rotten/rottenTomato (305).jpg,tomato,rotten,local,v3_20c18d9e33933c4c3ee43c6ff28ae9ba,46bdf5f0cf2c24ba240c29aefb4cf37399a91398ee4e0009bdcbe95ee87b41ab,val
raw/tomato/rotten/rottenTomato (306).jpg,tomato,rotten,local,v3_10461df708d10923823c2380beece5f1,7c71e6ab3d0aeab1cce3380ee57c8ad6d4209244542130c4f86bc6c432ae5461,train
raw/tomato/rotten/rottenTomato (307).jpg,tomato,rotten,local,v3_5fbe5694f4d2f97a8b08b48dc2f3538b,c3cd3acd383936cafb047aba69befe0255e1aa97713964e1ca84a0e1cf910e5e,train
raw/tomato/rotten/rottenTomato (308).jpg,tomato,rotten,local,v3_73418aacde9e037693e0b3fb80297753,b1bd7c440c0dd505a3e7d5589f07c7cf5674067ec8341dbbe532b2cd4d18d925,train
raw/tomato/rotten/rottenTomato (309).jpg,tomato,rotten,local,v3_6a9721dac5fcf49c890f76a9eaf4ce6d,c455be5f658d7bfe6797f5c76a8bb6244f3f0475401a352eaa72b76a61a06e63,val
raw/tomato/rotten/rottenTomato (31).jpg,tomato,rotten,local,v3_50659a46b4feb17879056d149b2a4cda,742d267f560407e64a63e9fee78d505cf96dfb39f673b482102f3c8e1727c4c7,train
raw/tomato/rotten/rottenTomato (310).jpg,tomato,rotten,local,v3_78d4a9cc9196b0676918684aa3403135,1b52fbf74ae526508c626c4d9b3626c90d74b30c4c40c8bb5262afa8a1598f09,train
raw/tomato/rotten/rottenTomato (311).jpg,tomato,rotten,local,v3_c63605e3d214c8a13c5ec2d00a584bd4,37d4346e2dd04fadabb65f593385e483bb4674b4a314a5e592dfeb5197ae6e76,test
raw/tomato/rotten/rottenTomato (312).jpg,tomato,rotten,local,v3_07a267b03b0772d4d9d6d0e085d54e25,d5d6e32462516ba7d66ba8b20208884223cf102c5397017bfc826af2a81a4b48,train
raw/tomato/rotten/rottenTomato (313).jpg,tomato,rotten,local,v3_66bca1810531f03d4ae969b0469073e6,4f3fa94b49bcd29a177e1e7af38db334fa27d2e06fbec9e0d920073a5d5cc3da,train
raw/tomato/rotten/rottenTomato (314).jpg,tomato,rotten,local,v3_1769496ff7b542cdc5e83eef30bcc46d,b86e9ae6b3bb92bc8905e271c93268dea3d178d7b15c5190780fdb3cfa536c91,train
raw/tomato/rotten/rottenTomato (315).jpg,tomato,rotten,local,v3_2c0ac34f5d929db547a28382704f3f75,28a728fe5a63989996ef588dce77bbee3250ede448d123e5e5a0106c9653db60,val
raw/tomato/rotten/rottenTomato (316).jpg,tomato,rotten,local,v3_0a0c958bae3c966eda017533fbb2531f,79351e3506a1cae3bc34226cc7f297b677d871072d5168fa449bfeccb72bb046,train
raw/tomato/rotten/rottenTomato (317).jpg,tomato,rotten,local,v3_078cbe5b7884b0192497cef82f9ba9fa,f5e827b85f2d83b9e8855cc5280ea3720e589294bca01a1d093fa074d7ec5dfc,train
raw/tomato/rotten/rottenTomato (318).jpg,tomato,rotten,local,v3_277876f1629c589aee2aaa0ae0b9a730,23a18b0252430ca02266b6d80344fe08d8b83b223742c4142203e187a23b0f67,val
raw/tomato/rotten/rottenTomato (319).jpg,tomato,rotten,local,v3_024056fcf1bdd468fdd035dd5db0de5e,e8db054f88ce6a42eccc34beae53b332c4f0363a187156cdf913b2726e6f205d,val
raw/tomato/rotten/rottenTomato (32).jpg,tomato,rotten,local,v3_69a1544f64bec7d036dfb957a5fe16d0,9a3fc169b5dcd73a6d982c8022f848e2cb64818e8a7d9bb733f06ce6ed28d4b3,test
raw/tomato/rotten/rottenTomato (320).jpg,tomato,rotten,local,v3_24219d9d034791300db75a31fc8900fb,7aae5154d9fc07bb89d41c6acdebf88871678e1bf60c0139425a2161e13793e0,val
raw/tomato/rotten/rottenTomato (321).jpg,tomato,rotten,local,v3_f37c809fae788347026c6a78d1e6a5f9,a528f6af6c771be15412b4c7f080674f1faa2c02490bdfa30f38053ac589c896,train
raw/tomato/rotten/rottenTomato (323).jpg,tomato,rotten,local,v3_329280deddcf47c48198a270c0ccb998,13d87aa7a7c49fc13f9613a156c7b82e75a8f02cee51c50dbb9932c32e00f6d1,train
raw/tomato/rotten/rottenTomato (324).jpg,tomato,rotten,local,v3_fd2642ab9e904757bbba79c5babc3136,ac53598f7e7b01c3f83fa11a55da347e724ddc9f7bf2fb2aef6ca3bf7425becf,test
raw/tomato/rotten/rottenTomato (326).jpg,tomato,rotten,local,v3_0caf8e571e920fb80c69b8a440751366,78c6a710ec9b7a171e9ef6baf732416b38b5ffbcbe5a225ab7cd8ca5f8c45875,train
raw/tomato/rotten/rottenTomato (327).jpg,tomato,rotten,local,v3_6d2b4e46e8131186c85a5f769fb27531,75fe38efe74be8cfea60c8b0ee0d2d68aea6e1f0fb27f76e58ed809d0ee7d996,val
raw/tomato/rotten/rottenTomato (328).jpg,tomato,rotten,local,v3_4b447931858c8b14d95a857e2b381617,8fd2f65bcb3a33e0093e9ac6f52e52c22dc0c3334cce5c057e3f2f566af1453e,val
raw/tomato/rotten/rottenTomato (329).jpg,tomato,rotten,local,v3_0bb1d3e026065adcc8ebe488690add7f,ceaafb78d114ce1d90209514930c2c5e0f378a93b2ad089b548a6329cef01453,train
raw/tomato/rotten/rottenTomato (33).jpg,tomato,rotten,local,v3_bd9676f82ab2dc4ea35d946fa14a2f30,88a2bdc1d91f2b9cc301f287fa948e28199fb3840e576f83ecfbeccd509189db,train
raw/tomato/rotten/rottenTomato (330).jpg,tomato,rotten,local,v3_6202d4e9240bc03a3ab1628645547c35,e4b33dc1c22102c330f424c896b8770253b11c4d1388119c7b397bb297417fab,test
raw/tomato/rotten/rottenTomato (331).jpg,tomato,rotten,local,v3_8529ec8df35fccc946d17cedff8e98c3,a2bc353a677d1fe22d886b52daa6e46901b4494e2012421262bb3b760248bc22,test
raw/tomato/rotten/rottenTomato (332).jpg,tomato,rotten,local,v3_a1c49aa2889cb20d0404a33a60610c34,34d546f1325bee26a1c815dcd7ea3eb1fbc215aa64552f292b1952287b0dc7b3,train
raw/tomato/rotten/rottenTomato (334).jpg,tomato,rotten,local,v3_9a1403d7831908686e7b322475168f4e,6781918277b3795db71be858191d7369c3b214f8c2cd30b9b71c869c1d324004,train
raw/tomato/rotten/rottenTomato (335).jpg,tomato,rotten,local,v3_9a1403d7831908686e7b322475168f4e,0c8b89263d109f9b43ca3c72942fd17bfae193f7f09dff304c80db9a2b04024f,train
raw/tomato/rotten/rottenTomato (336).jpg,tomato,rotten,local,v3_ac0cb0c348997b5ee859caa9d91fa231,d910f345148bfeb309da5f2ecf74f090e0a347f1dd282e8f7a683705e0e9cd69,train
raw/tomato/rotten/rottenTomato (337).jpg,tomato,rotten,local,v3_ed936c1110d1b9ff663e44f9b4d3b25f,4a675da56c24613a47b49f95f9f097b76cd62c6d8711b3b4cd2cf2a3fcee8484,train
raw/tomato/rotten/rottenTomato (338).jpg,tomato,rotten,local,v3_8ba513cab97c4cd2a27426a57682650d,3ac5208dcadb8d907c4b091fc9a342776e3958e79ba7b384a1f32c326265309b,train
raw/tomato/rotten/rottenTomato (339).jpg,tomato,rotten,local,v3_adcd73d05d49a9fc037edc86fad0fafc,2ee88187974a19c1201bcacc1b30008854f0d1371fd0efaf910d61567c42014e,train
raw/tomato/rotten/rottenTomato (34).jpg,tomato,rotten,local,v3_cd644f5c5107217dbf60ee244dee716e,9fdbc854fbe82e2c461cb4c121bc1be0b1a946e344f4ac98e3eceaa21c48ea5d,val
raw/tomato/rotten/rottenTomato (340).jpg,tomato,rotten,local,v3_09c37f29067b1e9384a2cba1500a33a8,d2a36e61a5168d39fc0978bea35ec3edfb4dece51b79eeba655f6c127bdf3b56,val
raw/tomato/rotten/rottenTomato (341).jpg,tomato,rotten,local,v3_ce01e1a4a5a860cd6193b653ee1dcb66,6e48574b163faaf8ece77cb5079e29d5c589d4f5e440c9ef592b4cb9c2a11298,train
raw/tomato/rotten/rottenTomato (342).jpg,tomato,rotten,local,v3_0d8ed4d5eefb2fb31581d3f7b354a0e8,0dc1f86ea29e7ff0980571b98fda9d1906c3d867dc422e77251aef6bbc0bf619,val
raw/tomato/rotten/rottenTomato (343).jpg,tomato,rotten,local,v3_bec57ae23a9c0b294232461f5b614324,da11a546ab21e47a25307753ad47106f8ba3d42b72c17e82b99f3721ff35baa7,train
raw/tomato/rotten/rottenTomato (344).jpg,tomato,rotten,local,v3_295dfb6a3074427445b74e3cef50d8e8,920fa95a69029ed8c5c3f96832831123c63796dd8a48d729812b942afbacc23f,train
raw/tomato/rotten/rottenTomato (345).jpg,tomato,rotten,local,v3_517ed9222d01df78bfe2c6e2f3b9b9f9,23210826f7ed3d72590c72dca819ba234df67581419489753f653b396305dfa2,val
raw/tomato/rotten/rottenTomato (346).jpg,tomato,rotten,local,v3_f94ccd3611c97bf2279902ca71170cf1,6d1619de628471630218025301faa6fa1d9191b0939757de9fbc3eabf5b2ad89,train
raw/tomato/rotten/rottenTomato (347).jpg,tomato,rotten,local,v3_bc306f03465aeab604f96454e3dcaa1e,5ac4e2167f15ca123dd0f4a883ceb2b37f88ba4d40ba4e6fa0d9d608f4a139b5,train
raw/tomato/rotten/rottenTomato (348).jpg,tomato,rotten,local,v3_f220eb37c3d1bbff57f25d3017f42af7,0085d65b45f40198c3013319eed005df2099012f6b91ac14f51c5fd2bfd1a474,train
raw/tomato/rotten/rottenTomato (349).jpg,tomato,rotten,local,v3_8df147774a60a121603ee80c65737594,d3d40404491506b6ac52f49da5984c46793329e1237ab1869673a88ee584055a,train
raw/tomato/rotten/rottenTomato (35).jpg,tomato,rotten,local,v3_37589e4256c41a9c2b181b4175d08905,4ecc674a06e06d13c1d283e0fedd1d7ef27429772209d432ab57ef9b0c12d0dc,train
raw/tomato/rotten/rottenTomato (350).jpg,tomato,rotten,local,v3_c7cc0a70566ee9080d31e7b588973776,e3055ab6a61fd8ebd0202d086c0606d84ecd8318d4c0a7f3d2df0e236e08f738,train
raw/tomato/rotten/rottenTomato (351).jpg,tomato,rotten,local,v3_0b5bd2512a32687e4e5bc662b273d07d,b02f1abe974ff8f7224e23e3ef6060ef72c8c500e9629c2e5bf0bedf2431b7cd,val
raw/tomato/rotten/rottenTomato (352).jpg,tomato,rotten,local,v3_148df506d099d921e7fcda6c1c7dec2e,479a5cedaddb118afaabf227ec36c755a3485670f6d7914132fdd9fbfceac250,train
raw/tomato/rotten/rottenTomato (353).jpg,tomato,rotten,local,v3_52a5077c015b4f7279ee100d188caedd,993610bbe4491fa4a445838aa5c72016d9b2f4eda1d227855eec0c57aab6bc53,train
raw/tomato/rotten/rottenTomato (354).jpg,tomato,rotten,local,v3_9318acf8c12510512d15bab1082982be,5ac2b99b74a400670b2d5b1023166d82419de8a5d63b705d22bfa4409dbf2bd6,val
raw/tomato/rotten/rottenTomato (356).jpg,tomato,rotten,local,v3_042ece68c88de27a1444758f8d650810,c3ae02d511f23d636c0ebea65140234a7a5ef5a9fe165a064ee85464c09612e4,train
raw/tomato/rotten/rottenTomato (357).jpg,tomato,rotten,local,v3_444cdfc535be56f6245d3f6d89e9832c,7aeb73e79fbfef228cf09d8c9c2b8535e0c4ad178d49f65b7c603ebd6777d6b5,train
raw/tomato/rotten/rottenTomato (358).jpg,tomato,rotten,local,v3_31b1003b84bc2fce26c1c6f31e7c0f74,52fe764e1315c314c4831ce4c25d76e812a8b64575df646ef371016b089d7adb,val
raw/tomato/rotten/rottenTomato (359).jpg,tomato,rotten,local,v3_f170e2bfbf002bc4cdf0291a77f6d34e,08d53ffe24796dbab611c2a65ee91289af729222392d21a0523b445e7d0564e4,val
raw/tomato/rotten/rottenTomato (36).jpg,tomato,rotten,local,v3_eccfad44d55cb9a0c482ab4bde546e50,7a9f4fcf2a00ce13daaf2cc7385192a39a973282e9f1ac1cde880c2b0f07e154,train
raw/tomato/rotten/rottenTomato (360).jpg,tomato,rotten,local,v3_2bdf52c120e82bcf48d508df6f4ad9c9,7dfaebb734e8acb35ba6c294fc6560b155621ef66c203679cec036abcd674a10,train
raw/tomato/rotten/rottenTomato (361).jpg,tomato,rotten,local,v3_57312d37df5c62679dde08b7aff7ec18,31c52d593131ace398a6a394cb7bd1430a320929e1dcef3a8d417ad3667a187e,val
raw/tomato/rotten/rottenTomato (362).jpg,tomato,rotten,local,v3_3b906e46603f3cd9a3d2577d9b4df1cd,883311084e4025cc213d352c0522a5fb38edc958d1e6c7b636dd184a0b6b01e7,val
raw/tomato/rotten/rottenTomato (364).jpg,tomato,rotten,local,v3_7cde0e52e0ee5a31b271efa8a6fa0f68,8b82110df7c45cf261bfbbb2cfdfd8fe3118e914c725a1f307b7e48a11026b15,test
raw/tomato/rotten/rottenTomato (365).jpg,tomato,rotten,local,v3_ba2dddfeb949c3b1a132f01cf89de26a,ae764f13eda81b0a170bdf00e1b5e4147e2115118b6622c198478520adf652f7,test
raw/tomato/rotten/rottenTomato (366).jpg,tomato,rotten,local,v3_6058b0982137868cb3a977b91be6a3bd,e7608eb0429e802a4f83108d2d55f4a7f9310f1eff1a15784516f71ba9868db1,train
raw/tomato/rotten/rottenTomato (367).jpg,tomato,rotten,local,v3_624b41447ef0967c3de684f13c774902,ddd8651830eeef250d30ae8d6fcab0d2b9c7213e628e8b598b799a841b7ba679,train
raw/tomato/rotten/rottenTomato (368).jpg,tomato,rotten,local,v3_1f62169eb6af64f275b93c9e35b3f2ef,f6b929530df91d8f73046f78c90f1da2e100336717405ca033819d5f5030ddea,train
raw/tomato/rotten/rottenTomato (369).jpg,tomato,rotten,local,v3_fbd194c8036c312aa8fd681daea5b7b5,dcc7058e5dbf252eedfb01f2e7496b54f0a39ac59b7726b96571d521cbec1f3a,train
raw/tomato/rotten/rottenTomato (37).jpg,tomato,rotten,local,v3_ff40ea5a3487f4cd233283a8bb43028a,d9ac9c7470af2a214b3f1fd332e164e96fb500418d3dedb73ec13b7e1b3501e2,train
raw/tomato/rotten/rottenTomato (370).jpg,tomato,rotten,local,v3_7c6e3c930325c3e48347e137372c9a62,ba685411fab718f443115edae6d2a2c75ba62d4e613f93fbcf6015151b0669df,train
raw/tomato/rotten/rottenTomato (372).jpg,tomato,rotten,local,v3_b89ff6b23c18cfa043fd8376f7cc4ba4,ebe5b42b531bc8551caa6e215488959c4b66d0182fc6e2fd45d32146f609056f,val
raw/tomato/rotten/rottenTomato (373).jpg,tomato,rotten,local,v3_8f0f8339c7f72c8568d93ff1cf1612b4,2df7219fad64ab90252624fbe79f53ebaf4ef60df9337e15d3a122d1258b962b,train
raw/tomato/rotten/rottenTomato (374).jpg,tomato,rotten,local,v3_4c106ce99590c8c17cc38c567cc004ca,f1e2111ff14d5638eb964b05ef765e4e5f24b6785ce22ba88ef970d896aae4ee,val
raw/tomato/rotten/rottenTomato (375).jpg,tomato,rotten,local,v3_1c0f3f7b129ff31965fb97fb184ff149,e7c0d654d431d335509995e88bf4f1dd56a8f47b2f865f79999f9ef5331d3a72,train
raw/tomato/rotten/rottenTomato (376).jpg,tomato,rotten,local,v3_accd032adf63e88a4a6d6195bc308cee,4e86996187fa74b94895f802de70c939ddd14ed94cfd610d17178b24975cadec,val
raw/tomato/rotten/rottenTomato (377).jpg,tomato,rotten,local,v3_127a9c27e446f10bbef83263cb45da54,aed0a8b1726f20afb287744fcab064cdba26fff013385dbb811b1dcd9b540e91,test
raw/tomato/rotten/rottenTomato (378).jpg,tomato,rotten,local,v3_98566ccc881b7ab3746bcb1e8db0651b,308905896047c218edf2c57e0327fd0a4e08603e178f40d947db10fa2548bc63,test
raw/tomato/rotten/rottenTomato (379).jpg,tomato,rotten,local,v3_f6f46c5b71504ffd50ee19b0213098fb,29248e355b281b7bc97304a6729dd2ff1f9f9be9321e5b3363f2b1a0cf946f47,val
raw/tomato/rotten/rottenTomato (38).jpg,tomato,rotten,local,v3_c13986cda01bd4475b063959cefe2c0a,12b4bad9ccb7b38669bf61b0dfe0948458b33354d2cb10a95ec25766c683d0b5,train
raw/tomato/rotten/rottenTomato (380).jpg,tomato,rotten,local,v3_e6166d243c88075695a6c8f28af002ce,0ef7c405ae002dcf924f1b5184924ab20bf80ba77dcc954195dd88d34440dfb3,train
raw/tomato/rotten/rottenTomato (381).jpg,tomato,rotten,local,v3_b48fc8a673110a49d9f429c8f561da24,54b22d809730047a864f511c4d4210161b5f04df4b645f9e1eb82cfa13702ccc,val
raw/tomato/rotten/rottenTomato (382).jpg,tomato,rotten,local,v3_7a080a57a685c430b43e9213ea722cc9,071e329c31a288096b8c433e7324ac5164d984eef25bea8a989a8079ba0f4027,train
raw/tomato/rotten/rottenTomato (385).jpg,tomato,rotten,local,v3_7ce8984c1fbec6cab3a6a29126a77818,b6951719cbb8de8ed85d0e7aff9f8363c54389dd4392b4f12692653fa0ded8a9,val
raw/tomato/rotten/rottenTomato (386).jpg,tomato,rotten,local,v3_6b5038bf20432009c3d893457be99e50,2b477fbc68e2634422343471e140d8a906a6bc40e0ccd0c1006d30d9d402feeb,train
raw/tomato/rotten/rottenTomato (387).jpg,tomato,rotten,local,v3_6b07d6db6717f8855947fdc40bb8ecd2,5e19ae963a68d5f674c700da0f2c313dcf8609bb869503b1fb41878db8c94252,test
raw/tomato/rotten/rottenTomato (388).jpg,tomato,rotten,local,v3_84afbac91af9add660fa43fb12d3aac7,718102f7d17b9b74f1e216b8e13a6c6c0da480255fe73be71161b3b70c3eac2e,train
raw/tomato/rotten/rottenTomato (389).jpg,tomato,rotten,local,v3_853820b006651c1357a0cd180530014c,789217e0665d93aa5a177564dcd21beec6f33852bcb7a39c22438ec57dd0f4fc,train
raw/tomato/rotten/rottenTomato (39).jpg,tomato,rotten,local,v3_b7af5c72e55ae6c10e882232cb3e98ec,288e800ac4f156e09a2d43202ead2fe8b1a97932edd68faabdbbbf6091131cca,test
raw/tomato/rotten/rottenTomato (390).jpg,tomato,rotten,local,v3_b7ffedc94373052ec841e76b431fd9cb,2bfbd9a76d55bdaf66d10856bfc8837f8e7efae6a2da6df60ef6e6a8d475db2b,train
raw/tomato/rotten/rottenTomato (391).jpg,tomato,rotten,local,v3_b7ffedc94373052ec841e76b431fd9cb,88a06d92b660bb1d0ec49fceec533566ebb2902c61985e63008d6da778e5072c,train
raw/tomato/rotten/rottenTomato (392).jpg,tomato,rotten,local,v3_f2c3c6dd8753ca231e13eb4772a9f281,7b7d71c4df58a1cda4f7886fb63234474107178fd7c41e143e448db627e5f889,train
raw/tomato/rotten/rottenTomato (393).jpg,tomato,rotten,local,v3_f2c3c6dd8753ca231e13eb4772a9f281,c315d5ad8b2a0ae023342495b2ebd4c5ba0b727781f372461bc983507b3cf166,train
raw/tomato/rotten/rottenTomato (394).jpg,tomato,rotten,local,v3_7234f077095e178bb376c06a6f71f2c9,389436168711fd1ae23aaede350df8aa1abc47f3fe7c8d40609b8a21e2c056bf,train
raw/tomato/rotten/rottenTomato (395).jpg,tomato,rotten,local,v3_04b40e64cec5e6b443f6bd0508a0c5d8,2e22e8332818588abc6755d2ab61741615d3743618f7ecbb85ac8c6b3b6cfdf8,val
raw/tomato/rotten/rottenTomato (396).jpg,tomato,rotten,local,v3_8d9018a9d7f0ca5889be03f06c828c6c,708ec3693efe77143a9d7da1b115c462bd8b38cd1dc32cb1d461b6fef403857a,test
raw/tomato/rotten/rottenTomato (398).jpg,tomato,rotten,local,v3_43425de8353d7ddd00bfb2b2a114ed66,b602a1bb98b63bcf5df15f22a26e0cc5590db39dcf57aea38512eed84e16e3fc,train
raw/tomato/rotten/rottenTomato (399).jpg,tomato,rotten,local,v3_43d74ba88437fdb43513048bf667f10f,1c93a7ef172e0ae10f614660af8b5f80c3c3bd61b90169c2005e065847a19973,train
raw/tomato/rotten/rottenTomato (4).jpeg,tomato,rotten,local,v3_c540b54c1a1ccd1442694f14c9b1f334,e635e8fe66a294d912d8f1e8a8f74c6b99d349033f73c0e490fb54fdc6090125,train
raw/tomato/rotten/rottenTomato (4).jpg,tomato,rotten,local,v3_c540b54c1a1ccd1442694f14c9b1f334,8ff89e3455af7ecf823ff0b6754aadf165664c2c7752b912eeeef6aad1643f77,train
raw/tomato/rotten/rottenTomato (40).jpg,tomato,rotten,local,v3_2400975ba951843a5bc8896f52b9c25e,2fa57b49216516e77cd988f2008f7f358dddfeb8cc98725186752873b2803a0f,val
raw/tomato/rotten/rottenTomato (400).jpg,tomato,rotten,local,v3_621fdc779a675eb36ee7fb2bcb0630bc,06ba560c6f7c9235f5570cedf81d3660ee4b7ad50e3decc065c1b614c00831e1,train
raw/tomato/rotten/rottenTomato (401).jpg,tomato,rotten,local,v3_258c27be7ced336ec4c991a3dd592015,21d07ff434a001fbca6b13877c71a79cd74bfb8f01d546e2acc04553c80edda2,train
raw/tomato/rotten/rottenTomato (402).jpg,tomato,rotten,local,v3_3b906e46603f3cd9a3d2577d9b4df1cd,0f87905cedf4b8605ef3dc061927b72e19b6a9232f40b7f5163239d32dea0023,val
raw/tomato/rotten/rottenTomato (403).jpg,tomato,rotten,local,v3_c30f2d2cefd05caa1f0405967c11e38e,76f595431c91b64311db308f16e46013994ece3f27dfd2048ff8530cefc6a938,train
raw/tomato/rotten/rottenTomato (404).jpg,tomato,rotten,local,v3_518a870d2d8e7650bb06c8d2ba022db0,77324e5e0b2b07bd450ebaf80c469b2b941a1869e1f8e1e217efef05340ba244,val
raw/tomato/rotten/rottenTomato (405).jpg,tomato,rotten,local,v3_6af75ad66cdb38df93def8d1ba3ee9df,f059f32bb716e9c4951ca4951e1e1fc1542f46a0a6b33791c7fcc0e1ddfaf371,val
raw/tomato/rotten/rottenTomato (406).jpg,tomato,rotten,local,v3_aac01f9b0ecb4a2e0e6a172f8367de94,624e96dd5487d4400a8cb7a631729fd5318baaf58eb2abaa037d4bc15f88485d,train
raw/tomato/rotten/rottenTomato (407).jpg,tomato,rotten,local,v3_4e97842d47f08c660e5c1e5a2f39443e,b4f7d64093a03a6805a1b8185a264ac7c1e4511c83aaec90dba5bfdc69188aaa,test
raw/tomato/rotten/rottenTomato (408).jpg,tomato,rotten,local,v3_b32515ea5698f7e334098490fbb1f37a,becab690527a9d52059c936be7971709ba71b1b87afb03d0b7f79dc1f0b4d804,train
raw/tomato/rotten/rottenTomato (409).jpg,tomato,rotten,local,v3_47ea9f9d0efc797809105f614741734d,39a7cf9ec6723f9a8ce92d5c54a72cd3c9e7095400ee4b94acad16f7663b7f2b,train
raw/tomato/rotten/rottenTomato (41).jpg,tomato,rotten,local,v3_904c1409a2d73e53c6a7fb7caec9678c,a6c5771cf4ba153abe8cf876c97855888a808134c54f490ef9f2202e4423f8c1,val
raw/tomato/rotten/rottenTomato (411).jpg,tomato,rotten,local,v3_b09d0ce33f5042c5cc091b22b72fde7a,d9c9f17c998787dc0a31ecc9a3e89d4d291e11b25e1c1821313031023bcba817,test
raw/tomato/rotten/rottenTomato (412).jpg,tomato,rotten,local,v3_6a24c9fef8994a704275db49b3981223,db231bc3b60d771efee6224aedf39d1ba44b786a4d6c5af0711ce0d9181ca359,train
raw/tomato/rotten/rottenTomato (413).jpg,tomato,rotten,local,v3_1536142fdc25ee5f5e864137f10b3e40,b1b34efac25e5796d3174d51e49ab420e0841fb75d18337f52e81f8997077295,train
raw/tomato/rotten/rottenTomato (414).jpg,tomato,rotten,local,v3_b3ac5db04e07cf10a573d052218f073b,323c962218454b0077a0b9175d0847bbd2759063d867f828d8bf1979d78d815a,train
raw/tomato/rotten/rottenTomato (415).jpg,tomato,rotten,local,v3_d38554f0a997a359c867cfb468769c5c,e4e2ced958a3159724ce26a7b47f5816b200678ca5635f0d72ecc07566b8769a,test
raw/tomato/rotten/rottenTomato (417).jpg,tomato,rotten,local,v3_c8120e0606039e5a20008c033f968547,4e6fc7fe58a385963b18497922cb713010326cc7630de9d545e701bd57729131,train
raw/tomato/rotten/rottenTomato (418).jpg,tomato,rotten,local,v3_6c0a43548be597391ab61dcaf2d51a26,1adee63eaa7b2c7dc60e4ca7637015fd233bbd3326ebdd5919e557fddfeaa877,train
raw/tomato/rotten/rottenTomato (419).jpg,tomato,rotten,local,v3_8d347e9265a48e88d37b221e9eee2794,693b0500cc7ad39d137323e19b721cf09bc4edf0fe3c0b7435ad6aee3214897a,val
raw/tomato/rotten/rottenTomato (42).jpg,tomato,rotten,local,v3_03bc2559e826345dd863c3762f62d52a,7165cf33ff2f797c07ede0d2c823a9bf28b0bf57ff57841fbb879ad03232235a,train
raw/tomato/rotten/rottenTomato (420).jpg,tomato,rotten,local,v3_bde6840e945bfd75d73b2166f80b5aac,ee3ed6c1a3a8eeac3bfa2ff0286650963f7328a01b7e4252858199a74c07879c,test
raw/tomato/rotten/rottenTomato (421).jpg,tomato,rotten,local,v3_a01dab0a6b5dc86a9b67ecfb49eeabc1,391536c753d4bf4b455b4791e7dee16483c3290e4ae0037bdc304f166faa0af2,train
raw/tomato/rotten/rottenTomato (422).jpg,tomato,rotten,local,v3_20a8b5ed5a7bdcbca68a0948d3a3ec1a,22566da221787174caab3fe40f86f60a6ad59b867a329be1cb838b866dd8d902,train
raw/tomato/rotten/rottenTomato (423).jpg,tomato,rotten,local,v3_b4bd0eb5dd367c2ca3c3d22aeab90a2a,c6cf617e23570858a6cef95edb972c15e78e74edeff1c0f1cadb6d390ca1c0dc,train
raw/tomato/rotten/rottenTomato (424).jpg,tomato,rotten,local,v3_a854f72f02ab8986e009b40a2cd7582f,c6bd489e5cb81be7debb579f17babe4341ebd82afb64520ddf6ebbe9cd1a83ae,test
raw/tomato/rotten/rottenTomato (425).jpg,tomato,rotten,local,v3_3b906e46603f3cd9a3d2577d9b4df1cd,6c52cc7ca01828a28aa9cb2166da2c090cf3191165470c462279b4a50f17d35b,val
raw/tomato/rotten/rottenTomato (426).jpg,tomato,rotten,local,v3_ddafe002a25d16f22ae828d9f788eeb0,1da28d01c2a35dd9c588d25147dc9233a6fb4d60b7463e28515ae76eea28ce3c,train
raw/tomato/rotten/rottenTomato (427).jpg,tomato,rotten,local,v3_8434b1e5ed914f1a9c04c652423784c2,64311ed7bb1e378af39abfdf5eb30394aa2a99ade5f2923b0dc354d92b400ab6,train
raw/tomato/rotten/rottenTomato (428).jpg,tomato,rotten,local,v3_6bcc1e408ea237b8e98261edfec548c0,ac2f23aa31f8855d45bf5bb4a45e0fa0a7559e745ced2f572082347d29adaa8b,train
raw/tomato/rotten/rottenTomato (429).jpg,tomato,rotten,local,v3_494c654e0d03a4d716c91981d477f594,e41fc7792c4ae70d89699d94e33e5b1988cb318c69034d756f0909702e816dcc,train
raw/tomato/rotten/rottenTomato (43).jpg,tomato,rotten,local,v3_6626baa4d37367c474f01572a86339d9,e5caefed857057a682c8b64ee2fcfeaaa1613ab87c7d7507e8918db3ef5c67e8,test
raw/tomato/rotten/rottenTomato (430).jpg,tomato,rotten,local,v3_ab4eaca2849aa8416ad4851b65dfcec8,2d6a5b872898a994aaf10ac88e3f582c0e3cb565fd16ef48f9f6c73cad46f3f6,val
raw/tomato/rotten/rottenTomato (431).jpg,tomato,rotten,local,v3_4d93ffebc8f791d16479f61485170537,d9582dd0bc3ac5dcf5d56a02676aa27a2ece4c43b39900ba63544a5c48d36fb3,train
raw/tomato/rotten/rottenTomato (432).jpg,tomato,rotten,local,v3_927c4ca2624573ea9694a033dbfe9f1c,f8d13f89b0ad641c4449f70bea21abc3535aa6b377a1fa5e9a6541ea23d49376,train
raw/tomato/rotten/rottenTomato (433).jpg,tomato,rotten,local,v3_927c4ca2624573ea9694a033dbfe9f1c,222b61f75d277a0f7e9fcaf642f5b4d948c1c73363c4883fcc14c68d9e9d12ba,train
raw/tomato/rotten/rottenTomato (434).jpg,tomato,rotten,local,v3_f18151b7e45fb761b136c781cc2e01cf,b7378d095cf505238175c23eb31668992c50eb7e1305f95a17d893e502cb006b,val
raw/tomato/rotten/rottenTomato (435).jpg,tomato,rotten,local,v3_f20a315277b8aa41d12b982e4e187d2f,b1406693066546a67ba8bf3fba499a05f97095a3fa5b456d690e58134dfacf4e,test
raw/tomato/rotten/rottenTomato (436).jpg,tomato,rotten,local,v3_39500e759845e223e9c4620447bcf0e9,80be891f0adfbccecfe3b0553c0a76de4e89a90cf825922dd1f5a3860af2d446,test
raw/tomato/rotten/rottenTomato (437).jpg,tomato,rotten,local,v3_42928f11bea1b3a5abe8557f2c04e557,1fca73b745d2b433f18293edd4577a11ebf57b0cc8583fedb8d4f70a41b5cb5d,test
raw/tomato/rotten/rottenTomato (438).jpg,tomato,rotten,local,v3_3410e033c16203bffe69128efd65bfe4,71791c1279ae895cf1814916c9b727bf00eff931c2f8c1f806c15e7505d620c9,train
raw/tomato/rotten/rottenTomato (439).jpg,tomato,rotten,local,v3_3410e033c16203bffe69128efd65bfe4,8aea5a095e212facdf6f87e1044396f138dc11e5dc352442e095ce742a40cb4f,train
raw/tomato/rotten/rottenTomato (44).jpg,tomato,rotten,local,v3_668a6e12890f3a3a70262984a4e1e571,1049d57a5db670c3c330cdd24fe51d0574a810c937bffe22990f8b000b2a86d8,train
raw/tomato/rotten/rottenTomato (440).jpg,tomato,rotten,local,v3_c4b866ff7c83845a5bc77efbc80145a2,65df894d2ca1e3089f727925ccda01822af685b57b0500e965f61ed977bf0bb9,test
raw/tomato/rotten/rottenTomato (441).jpg,tomato,rotten,local,v3_14f0945bb79c112d92a08d636b091f96,f92f9e620dc5e13f3a771b2fd47be87e21fdfa28d24c785d3067cb6604159fd8,train
raw/tomato/rotten/rottenTomato (442).jpg,tomato,rotten,local,v3_4b5d4db96ee37f5fbcfd5fc3d3283bf6,4f07674d5273c9d8593714ea329ab5def800a5bcd45b60f2c0a965bcb51dbe86,test
raw/tomato/rotten/rottenTomato (443).jpg,tomato,rotten,local,v3_84ca4cb590c86dd99748e0e139a9903a,b850a3794adcc02c8bd1340191483b2546819489a9cb717f56e290f5fca92251,train
raw/tomato/rotten/rottenTomato (444).jpg,tomato,rotten,local,v3_3753fd7cc4b4368cb36c5dbb04f67c2b,8fb8589937db3c79d08bad61817e9a37cb30bd924aa0cc660e88b6590255053f,val
raw/tomato/rotten/rottenTomato (445).jpg,tomato,rotten,local,v3_4a7f4bedd48c14f013bfca8d8c4ecd4e,c6ef1672d26e27c293e44248cb0d356a174263d7f330e5c163c5513e7252fca8,train
raw/tomato/rotten/rottenTomato (446).jpg,tomato,rotten,local,v3_d7f99aee3eed412708b4f9d6a720d279,8332d494811ff68533b0cee1e36a2bcb9a4f074b81a2ec8e7f53854c21c2edc2,train
raw/tomato/rotten/rottenTomato (447).jpg,tomato,rotten,local,v3_7833da74e892f25c2ed22566efcc118e,2d47f7307290023cb0cb42259a9bbb67bfbaafb51cf4045efa583a28dfb8cb41,train
raw/tomato/rotten/rottenTomato (448).jpg,tomato,rotten,local,v3_9387773c61bd12ed60f5027237008053,76a1350146b8f768cc91e2f5cca9728a030ce1b9bdefb241674670345b6cb445,train
raw/tomato/rotten/rottenTomato (449).jpg,tomato,rotten,local,v3_df4964892e04fd8995a3567289bb5e9d,9abc78476bef7c1f4ca6c6eb7040cb30253169ca5cf4a0e06bba7cfc94d1f7ee,val
raw/tomato/rotten/rottenTomato (45).jpg,tomato,rotten,local,v3_ff72a6e7df43a501f87fddc0eb7c9819,7bb0fc8b9b749fd2caad7df64e17d6e2f50c9b5c261362fe9e735eb4e67f1d93,train
raw/tomato/rotten/rottenTomato (450).jpg,tomato,rotten,local,v3_3c1f80dae115355c52a5fa1de747ef07,1db1239b7b30b11ab81fdb427d3a535eba3b09582ec186a828deee5244b0a1ec,test
raw/tomato/rotten/rottenTomato (451).jpg,tomato,rotten,local,v3_2918f47e096bccaf5cfe4926a5567844,47b0b0470749426739f4b8c5587fdfd12f1f67ac28c858a54ec0a1e1b83478bb,train
raw/tomato/rotten/rottenTomato (452).jpg,tomato,rotten,local,v3_8907992ac90e1afa33909e3291e679cb,632666433579eae3e0333ecd6009c4706192aef1c240611a4b77b94a9d4371f5,val
raw/tomato/rotten/rottenTomato (454).jpg,tomato,rotten,local,v3_8d6138ab59ba033d988fec06216670be,8c917038fbd04605a00b1517283a044aa25cba9ce86c750393ff206d7297ac12,train
raw/tomato/rotten/rottenTomato (455).jpg,tomato,rotten,local,v3_a885442240fcedab358269002b5e434a,43c0c4ddabb3b7f199580f7f94c932fd9d6dc1afac687fdcbc3bccc111a9e10d,train
raw/tomato/rotten/rottenTomato (456).jpg,tomato,rotten,local,v3_ac44d6fc4e1932981d230c02ab09a82e,709b7c2cbb4ec74a87aba5445f61cb8800e53cc426a5e93871722b254c8b6f32,train
raw/tomato/rotten/rottenTomato (457).jpg,tomato,rotten,local,v3_863149b3985735a29abbf68a471290d7,bcda291414adaa7b5cbdc74447e6f52c6eaeff3d7ff635837aeba1d4f4270d87,val
raw/tomato/rotten/rottenTomato (458).jpg,tomato,rotten,local,v3_331b412aa9e9b2bf07e3ce3820336551,86c2309a0f97aa111213239d9be97e3122b515241a821a03890ca975f00d2450,val
raw/tomato/rotten/rottenTomato (46).jpg,tomato,rotten,local,v3_91ff9395afe4e90dd6b1a20eceeb5c3b,3bcb13d2f81ae8cfae39adf6cc67f9f8b32766fb14aa312187eb32ecf089bfa3,train
raw/tomato/rotten/rottenTomato (460).jpg,tomato,rotten,local,v3_9ceb7e245749c5e378085e3619cbb102,ccd0f2d3bdbccba1405ec3de90a07d278ed8c126785084be890c08e72b6661cf,val
raw/tomato/rotten/rottenTomato (461).jpg,tomato,rotten,local,v3_787a45fa850044af1bcdb19f419980f7,5275f3a4dbde218a19553bcb6b7bc093232bfd90cca8a72edcc689811d9c9aeb,train
raw/tomato/rotten/rottenTomato (462).jpg,tomato,rotten,local,v3_3fe58c60c5239b488fff0bba2e28af7d,5e167e0ecf075bbf305c35bcb4eff3f92f67295c19dfdb28f86233a59c1b7a11,train
raw/tomato/rotten/rottenTomato (463).jpg,tomato,rotten,local,v3_06e929cdce8dab023b8edb8fd5cace1d,529ec6a3cf78acd81e682f8323450b8d5bc6622da03daeea217df66a8349919f,train
raw/tomato/rotten/rottenTomato (464).jpg,tomato,rotten,local,v3_2bd0f98fe4e957ba2efb62f62b3f3ef1,3c2628eb7b322f35ef6df51043b2588a9cf4c7eec16bca1580f90ac816a080d4,train
raw/tomato/rotten/rottenTomato (466).jpg,tomato,rotten,local,v3_b8b8dfa8c17ddcb1c940c1ce11151aa5,cda1aea3aa6e90ac7c340a39b4ff2ae7efdff70bbd210f18de5ef22a180f976f,val
raw/tomato/rotten/rottenTomato (467).jpg,tomato,rotten,local,v3_0a5a927236a1e1beed85f2272f54846c,3e530df2f9625f4d6525740bc1eb10bd8e722d42e23bc6585ea39244845c3149,train
raw/tomato/rotten/rottenTomato (468).jpg,tomato,rotten,local,v3_eeb1c3838d1ef3689381c2051f09651f,c48a1d99db0e7c53f5a22a639768d3233614ebeac553815ca580bbf3411299ad,train
raw/tomato/rotten/rottenTomato (469).jpg,tomato,rotten,local,v3_4d7c458b354f609173df543d48785e66,ce888cd0ff18878105cc8cad77e46538190ca8cfa90f5151240e04241249c6bd,train
raw/tomato/rotten/rottenTomato (47).jpg,tomato,rotten,local,v3_f091850c69758cc681baf68c21c29a86,d11f1e3f96af83f0a6c3ef69852192dda49395a14e676cb86d4510d0338078bc,train
raw/tomato/rotten/rottenTomato (470).jpg,tomato,rotten,local,v3_6528bc86d18c9fe03b88f7ab7ad7baf1,a6fe3e5bd480194696cc899a8fe58a02cde7d5e0972102376ff31566369629f0,val
raw/tomato/rotten/rottenTomato (471).jpg,tomato,rotten,local,v3_e914303987d034c0ca384ab06c86294f,806cca21fb6e0ec96d053b2a39a7d23a4623bfcbd7386cff7973aaf73a9b2fc5,train
raw/tomato/rotten/rottenTomato (472).jpg,tomato,rotten,local,v3_9068b1e9bb7e362baf3f974558f6604d,1f160cd3e23f1836d77380dbfaf708b19035d914b90de1016d7add322d98e158,train
raw/tomato/rotten/rottenTomato (473).jpg,tomato,rotten,local,v3_a26dcdb93115d5b3b82a1da1aefea05a,6406d80373b1fec5466ac566bce34516fc52ee9d17be3494879114b98e7e6b56,val
raw/tomato/rotten/rottenTomato (474).jpg,tomato,rotten,local,v3_1ca4e0d7d0db750eac94c1c4a513140b,a67132953750c5049279f9639172a0d716de41824148c65d586cace4381f23d9,test
raw/tomato/rotten/rottenTomato (475).jpg,tomato,rotten,local,v3_c221ba8cb252a2a8a3edae073f1b7ab6,cf618d0661d1139d5dcd6466156c2e006f74a9eacfdd8a283413957f9c877070,test
raw/tomato/rotten/rottenTomato (476).jpg,tomato,rotten,local,v3_89dc166ebebbfa8c0b22f3369365c96f,aaedd779273b80ae1ab2bf1320e28367ab5fd1e289cefa82bd5aed6c41a2ce0c,train
raw/tomato/rotten/rottenTomato (477).jpg,tomato,rotten,local,v3_82967cd422d364e4187e2552a5d83170,647e33d7ffa037f5dacb67d8b6314ea404ef3dc83605df4c4cf96ac7e65efb19,train
raw/tomato/rotten/rottenTomato (478).jpg,tomato,rotten,local,v3_9abf11853bb114b2064d34bbb6a03fc7,bcb0fe20b311c2b87b988ffe2f1e871c873428913302200b24d03d5a4fd21020,train
raw/tomato/rotten/rottenTomato (479).jpg,tomato,rotten,local,v3_4b268df1e144d0a23ec98265a70e2eb2,8adc44cb76cf9ff2c445ff68b30b4683fde541f764a330fe9664440d9c1e0817,train
raw/tomato/rotten/rottenTomato (48).jpg,tomato,rotten,local,v3_1c28440d02aadb290876ae8da83ded56,4e39abdb661851cb6e970c82d8a3a3529fd938567020196ae1a3404a5f484881,train
raw/tomato/rotten/rottenTomato (480).jpg,tomato,rotten,local,v3_02405d37b68f0397ed98285dc34b7942,f514670e930acdcc89b8f06e3eb606b34921d25368738beb99f9df53290da125,val
raw/tomato/rotten/rottenTomato (481).jpg,tomato,rotten,local,v3_94246438aa47621465e12704aaf5d69b,ba6bcefd2dacd675c6bddf4f9e87197a12e611a5bf1cece818a7fdb756a78d8b,train
raw/tomato/rotten/rottenTomato (482).jpg,tomato,rotten,local,v3_0c747f6f4145adc44de5c34942f4b393,2d7e7e0db0016fb6ac125ae3a49c6b37076c3f9ed3a3b5792eaaebd282b7fb8e,test
raw/tomato/rotten/rottenTomato (483).jpg,tomato,rotten,local,v3_6ab116497e34cda007cdb421f9652791,ce7604a904b0b78562d0774845b7e6e9b823cc8a1c4932d89bdd360d5c6d40f8,train
raw/tomato/rotten/rottenTomato (484).jpg,tomato,rotten,local,v3_f18151b7e45fb761b136c781cc2e01cf,aae195243ba63e93edc09a71fb98d1505a18dc733e99b998b61c8ede39b9339d,val
raw/tomato/rotten/rottenTomato (485).jpg,tomato,rotten,local,v3_9dbd78ec9a4fdcdf14d4dfdedb2db547,8cf6a8041495904b0d9b041cdb38ce2b34e8aef422e6691e24388c288a9c72af,train
raw/tomato/rotten/rottenTomato (486).jpg,tomato,rotten,local,v3_18df8927c7ad9fe043f3666fac9d217a,3891483a52cf295b5b8dded48c24a605b0b2fdcff2cbf8ae8f8d61f1efddfe13,train
raw/tomato/rotten/rottenTomato (487).jpg,tomato,rotten,local,v3_c236105bf67d9e278f1a6f9fea884032,169a4cb830ab5e2f5d9e0d3aea60852d5ec0fc745c3636c2844a6d7a0e2d61c6,train
raw/tomato/rotten/rottenTomato (488).jpg,tomato,rotten,local,v3_95965e94495950bbc00a4d6a9b6f7353,3d5213abf955449f061ad3b065ec9f020cac13e0d35375c8404a63f1f94cd26a,train
raw/tomato/rotten/rottenTomato (489).jpg,tomato,rotten,local,v3_34a8c5b21f4e0f9bb1645d6aa4911916,a4fb352701ee46e52bbf55bd3f4a790e9985bb707c2b2417e87cc4d71f2b1eb4,val
raw/tomato/rotten/rottenTomato (49).jpg,tomato,rotten,local,v3_71da7e2988e519b424840dcc66b4d6ca,7cc9a3fc6a1e6e94a82691201788b3ccc7deadc93af57f465858231621d93eb7,train
raw/tomato/rotten/rottenTomato (490).jpg,tomato,rotten,local,v3_59a3a62266a97ff4307a6c37ff36bcd4,f6b0f3bbf1a613ba54918f91732e2e6179250076708e0e425cfd14aed57adeb4,test
raw/tomato/rotten/rottenTomato (491).jpg,tomato,rotten,local,v3_de09d1533bdbca25a603d930525b30db,62ab7c042b0552b5a066af66df1a330920e59cbb36014b02662093c6fd593929,train
raw/tomato/rotten/rottenTomato (492).jpg,tomato,rotten,local,v3_b6498b81d63a458aa826f95e5be773a5,4844527336265a0dd50b2ea4bdf7edff4971efd76d1ff1a9a7a9f7d2b79ece50,val
raw/tomato/rotten/rottenTomato (493).jpg,tomato,rotten,local,v3_d7ea9f2cde04272701a765750dd1f5b3,2ea2c796c2c7b62262a37d71932935b70ee6adb9e21949ffcf07869fd2d5b5ed,train
raw/tomato/rotten/rottenTomato (494).jpg,tomato,rotten,local,v3_84eb1acdc45229a9989fafd9c5e1bbf8,db28d0569a943317e10ef710b916a20d9d10a1cd3bee0189d90cee6b5804f2f4,val
raw/tomato/rotten/rottenTomato (495).jpg,tomato,rotten,local,v3_136f821d5ceaba2d9f585e788e33f891,76ffe0cf5eb11449171590305a4147e9776c0d3a51d2ba8f71219946f69e28f1,test
raw/tomato/rotten/rottenTomato (496).jpg,tomato,rotten,local,v3_fa0f6d8b4696490a006365ffe3759051,a8f5cd3c8bebad382cb3be3cb799024057bef88183af9a8197c73cfcf0d0a13c,val
raw/tomato/rotten/rottenTomato (497).jpg,tomato,rotten,local,v3_65bcf9770777f63bdcc96cff7cf031ce,663aec317290a20999851289a45b36df34f0c63d2775e8d39da1e260434beb9f,train
raw/tomato/rotten/rottenTomato (498).jpg,tomato,rotten,local,v3_8180eafd6df7ea2973c6ed050fea721e,edda16874c90a546112da9c9d7651494fd5a459bb125da11123b61c26a1f78cc,test
raw/tomato/rotten/rottenTomato (499).jpg,tomato,rotten,local,v3_2dd5caa1039519a9851b71f50960451e,99f038430384fa9de29cc5ff5b94266ede4ee5667c75e3cb0db6ec3300abf103,val
raw/tomato/rotten/rottenTomato (5).jpeg,tomato,rotten,local,v3_03bc2559e826345dd863c3762f62d52a,2589a524b54de74094b5f0774f320773688646e3306184d31198a3894b4da7fd,train
raw/tomato/rotten/rottenTomato (5).jpg,tomato,rotten,local,v3_03bc2559e826345dd863c3762f62d52a,9534aa0507a421ff027972f492a3d9d039b8e4be22b3ab2a3b663ab99cf6f310,train
raw/tomato/rotten/rottenTomato (50).jpg,tomato,rotten,local,v3_15d673998172a468c6346603241c7def,3668ba15829638084165c04924e10c8542c17182670beb2726ae17991cab79b7,test
raw/tomato/rotten/rottenTomato (500).jpg,tomato,rotten,local,v3_6892d43a150598818cfcd7b253ca075e,d7c6feb29efa11a17bc32614befeac25e3e8dfcff38922848113a61a418d1c71,train
raw/tomato/rotten/rottenTomato (501).jpg,tomato,rotten,local,v3_3efd00b4f838bc59ee70eb704eb9d50b,2822d236ec667e8327d334d16ff5f276a14f85fc20c33d1da11d9b9aed0b1c81,test
raw/tomato/rotten/rottenTomato (503).jpg,tomato,rotten,local,v3_be07d7e9918b592ca8d3de8328794b04,0db937645b3457d967b418e6c78f8ba0b66db32b148ba682f0cc7789e9e4f003,val
raw/tomato/rotten/rottenTomato (504).jpg,tomato,rotten,local,v3_004d06949a3c57c3d81e82a0c13c60a9,29c547a19ce2a34da9ae41c73d2d7261b1c2381bf66e0d6f50af92a25b68578c,val
raw/tomato/rotten/rottenTomato (505).jpg,tomato,rotten,local,v3_58b494a0f5424b70dfa2672a33d2a75a,5ccfd07097309b3ea349f7e151180a861abd2c07030015b3f03968db31660846,train
raw/tomato/rotten/rottenTomato (506).jpg,tomato,rotten,local,v3_ae08842b799cb49c954f9851f0592726,27f8be9a51de430513df99ed33cb7df2e3de7727e233a6e529a0eeefb8cdf164,test
raw/tomato/rotten/rottenTomato (507).jpg,tomato,rotten,local,v3_00ea819760274b176b2230afeb41c50d,a72456fae3af9b98c8ef45dfea7252de40cdf4a2becd3d6b60d9327b8a7f454b,test
raw/tomato/rotten/rottenTomato (509).jpg,tomato,rotten,local,v3_ecf3ec689972c168710d03e373253c4d,b148d575f9fc7aa04032183f6ff551dae4dcc9dde28c72dd3920f0da68e083d9,test
raw/tomato/rotten/rottenTomato (51).jpg,tomato,rotten,local,v3_cdd961f1b91395a351f51b146b895791,b973a017a248fa86afa49796adff42eb67430ad2b63d5264060c959b1036c369,test
raw/tomato/rotten/rottenTomato (510).jpg,tomato,rotten,local,v3_47d05f869b911dfdafdc69f7529caed7,c68e7d081c320f292b1c5d3185851f857fb69b2d79c742bda189885dbc1ed583,train
raw/tomato/rotten/rottenTomato (511).jpg,tomato,rotten,local,v3_8abfe8332929f0571cf4b7a529bd72aa,1b7a9b3f82a2af3104c1080652c8f19c92d972b22ba395f13146d87b792f424d,train
raw/tomato/rotten/rottenTomato (512).jpg,tomato,rotten,local,v3_a3a9963f92c31dc42cae104fe9088f1c,17b6d80c26e664f34d15ff4bdee944216ad611a1ca0c041b448e2b4478a165f2,train
raw/tomato/rotten/rottenTomato (513).jpg,tomato,rotten,local,v3_4c30780c3dcab8a6aa58db8e6bc87107,9373b41132bf944e7e9fed08aa4ead148d0576ff6f4f750360ee5301168f1534,train
raw/tomato/rotten/rottenTomato (514).jpg,tomato,rotten,local,v3_7e9b60b9419136402ea078520a91fa28,140580e83081e03df3fb8a83aef40247f3a961402f3e2df28637839fa43f28a3,test
raw/tomato/rotten/rottenTomato (516).jpg,tomato,rotten,local,v3_0e54cc148a5f58783c11fa33ff910117,0e21aa03d438e7d2812e100e4cb57bb157c215ef748ab4fb207dd3ac50a208ab,test
raw/tomato/rotten/rottenTomato (517).jpg,tomato,rotten,local,v3_2e12a2b108dbb7ff447b3fbe4e115cd8,21bffba019ce8f08de34580b40f8b7916571c7559cfd24d13bb78e5e5fe529c1,train
raw/tomato/rotten/rottenTomato (518).jpg,tomato,rotten,local,v3_ac1d9044fbef38980af1d979e80fedfc,913dd6a912fdd360eb6cb748dac88159e71b1393f971438bf8581a0c05c6b67a,train
raw/tomato/rotten/rottenTomato (519).jpg,tomato,rotten,local,v3_086a413e9681ac80f0cc2d448f5288f3,d11039a4b9c96465b9b9cc3bcb7d34c73f643edb934c93fd42ed54bd17bef565,train
raw/tomato/rotten/rottenTomato (52).jpg,tomato,rotten,local,v3_db2bd40d33f8210500d27803188bbbf4,f04959633c302e66e7830f8f564a32dd65db001adad2e3285c6445c6398ffe91,train
raw/tomato/rotten/rottenTomato (520).jpg,tomato,rotten,local,v3_197eeaae2851c6915f923910a15a9c76,4b2d1bdd14bf6f15ed35410982d22bd9c9a26021dc7f99a81800e598e456562e,val
raw/tomato/rotten/rottenTomato (521).jpg,tomato,rotten,local,v3_0b32db82e58d9693ef7b3a6939ef6247,e0ade85cd20f0f0eed8e43fb80d37b41558d46f109e38ad3b17e3303a6b0488e,train
raw/tomato/rotten/rottenTomato (522).jpg,tomato,rotten,local,v3_07e387db6f56816af917da079d2c1288,d62c65a5bb50461124ad06c00e8f931e5be3d2b9a87e1ab0a6aa15b589869c9f,train
raw/tomato/rotten/rottenTomato (523).jpg,tomato,rotten,local,v3_488ec6a8a30e5776804b3d106dadef21,b5908642da329b7af949a235c5fef54e7161b377995db7f81bd44a349a2f532b,train
raw/tomato/rotten/rottenTomato (524).jpg,tomato,rotten,local,v3_8abefed5a593df12312df15064682502,75e5678ce9226452c3b0cc06b80bb6bf7a7d18258a3664ac7b85d4bcfc51118c,train
raw/tomato/rotten/rottenTomato (525).jpg,tomato,rotten,local,v3_695e650b860b237d321d27ac93dc807e,646aeadbc1788d60a2b1157a0cf9b18f638553c8c9481a45180b2fa489d12490,train
raw/tomato/rotten/rottenTomato (526).jpg,tomato,rotten,local,v3_19be41be330aa7e5690956f9333407ec,1b7fa16314b4cae408c3891b5f6130cf84d7341a5a1ecc64eb57d8adaf70f9b1,train
raw/tomato/rotten/rottenTomato (527).jpg,tomato,rotten,local,v3_7234d176563b82421807e59040de5daa,94515057cb59f1a46f2d43ca908e71be68f91a9e42e1597fe3d0c20f64ff9115,train
raw/tomato/rotten/rottenTomato (528).jpg,tomato,rotten,local,v3_216f3fcfc254b78f57aaa251db8a6a7e,9115d46d047bf4c4f15f4ab4dcbe56e00b7fe2b2ddeccc1e83050c33895e3f1d,train
raw/tomato/rotten/rottenTomato (529).jpg,tomato,rotten,local,v3_7af8064e2f0a7901024162cdc510666c,8017e254c25d9f5f1532a0146c67c0ecf1ae001de8c166414f9f09a157f56ebc,test
raw/tomato/rotten/rottenTomato (53).jpg,tomato,rotten,local,v3_8901dd568fdfdf7f6c38287b3d2eb841,781c62053ca8628801a19e954091a2847f298b42bc20b70ddc81fd9af1709a29,train
raw/tomato/rotten/rottenTomato (530).jpg,tomato,rotten,local,v3_35674f2f0ee0f7b29fbcb32f7c202e40,25ac1d746627d9ce69fdf7c28053a5ab449ee0038d9be6ea16baf90a9b1738f2,val
raw/tomato/rotten/rottenTomato (531).jpg,tomato,rotten,local,v3_d3dbde69b2b287b054bc88e72bd671c0,fe6ec2685c44e7bb0f9c2973652bdd63c1af5411b5370816cf7aa6353a04e5a3,train
raw/tomato/rotten/rottenTomato (532).jpg,tomato,rotten,local,v3_c3c950ce2593a4238936584292a985f1,35f4044d6839d6eb9588773327545870dfa90679e269c8547f6c76acbfefbdc7,test
raw/tomato/rotten/rottenTomato (533).jpg,tomato,rotten,local,v3_940ef5b1980040acdde4b528ebf047d5,b77808be89ab5d94c126e3731ef5a0e0e0a2279384d521ab11e33e85f841a8e4,test
raw/tomato/rotten/rottenTomato (534).jpg,tomato,rotten,local,v3_d372a8eaea561bc7f773c88bb718b37c,7112efcd321ca0a1ae9b5d246738b3df923ad4f03967f4ab9b5c5f594b7cb344,train
raw/tomato/rotten/rottenTomato (535).jpg,tomato,rotten,local,v3_bcecc4de9d81dcb9c7bc07bb806a9ffa,19eb3a5f0f2872959383e562308a4225ec24af513a5eb7b8729263b78755f04d,train
raw/tomato/rotten/rottenTomato (536).jpg,tomato,rotten,local,v3_7937aa62614f290c7255322d2b0dadea,65262376e956cf4eec9a093c2156ecdc47e454ab74d86d28e5e9d9c90ed804f5,val
raw/tomato/rotten/rottenTomato (537).jpg,tomato,rotten,local,v3_834d964cfe0d77144cd4a937de9c948e,737633f00de8ce4720b21264d93abc413f879fa8b94bb636771f72193630d5ce,train
raw/tomato/rotten/rottenTomato (538).jpg,tomato,rotten,local,v3_15310196210a59a6392a7fbaca3ed6b0,615c6f9e168c4375765220f25174b415988eb23f9544875cda5cc15e0ab1815d,train
raw/tomato/rotten/rottenTomato (539).jpg,tomato,rotten,local,v3_692262f51bf88dbba06e9c41b7665010,5f943859e2136e5b6abeb61d9ebef37c9ef6453080d435f1b5e4941dc20f8c44,train
raw/tomato/rotten/rottenTomato (54).jpg,tomato,rotten,local,v3_c540b54c1a1ccd1442694f14c9b1f334,b7d64744ad62d1f4c7481933dd14a9fd2ac7ff06d16ff34fadf608fb4413feee,train
raw/tomato/rotten/rottenTomato (540).jpg,tomato,rotten,local,v3_5647d563d04203c0cff711441707b924,d8727a19944eaf3b7556fa31dcf7a6f5efc21fd617e875d901caff39eefc54f2,train
raw/tomato/rotten/rottenTomato (541).jpg,tomato,rotten,local,v3_358380c21f6f9d2e19916641874c69f4,a7cab33f7868d83909b4eb3f63ede01a821d79a5fffa3414721f778443777037,test
raw/tomato/rotten/rottenTomato (542).jpg,tomato,rotten,local,v3_3b906e46603f3cd9a3d2577d9b4df1cd,1aa8e3b7df1e7dd5f88acd8b69bf528e65b04be7f91b8302d007d3c33d611a38,val
raw/tomato/rotten/rottenTomato (544).jpg,tomato,rotten,local,v3_46e16de006a16702f69e90ce6d5011c7,a4903dac0f04fca07cd9368ae8611ba8bef6434caefb5ab62d3f942d1f8f659b,train
raw/tomato/rotten/rottenTomato (545).jpg,tomato,rotten,local,v3_881bfad07c41ac4bcb4908cad0a8ca3c,260a6621d3ad8448661148159b314e85f4d4ca056b48025c98a778bc38a7ee34,train
raw/tomato/rotten/rottenTomato (546).jpg,tomato,rotten,local,v3_fb4786b91d8cd075afba8efee4507b7a,58d552684e516dac46d27139a265253822d94f50fdb93c942160c4999047bfa0,test
raw/tomato/rotten/rottenTomato (547).jpg,tomato,rotten,local,v3_4ed238c6167c90d5c88516c35bd968ea,f37b84f2c301158ba4f43929aa1836a179736657aac5fb90e78ae87e7390e66e,train
raw/tomato/rotten/rottenTomato (548).jpg,tomato,rotten,local,v3_bcd6b6b5b500a7d891c661a9d8a70002,05380d743d1a960f45a4e71b49d4e70c84a649d701ada95d0f72fcac87d9e304,test
raw/tomato/rotten/rottenTomato (549).jpg,tomato,rotten,local,v3_93f6a2eac5ce090b69995a8cbfd26adf,576cebb18c6330d36fbbe69df7a2cc3aa7b50e92e9f34fb6401bfa3110103c88,test
raw/tomato/rotten/rottenTomato (55).jpg,tomato,rotten,local,v3_7395f84354546373315e235dd6c9a8bd,6f040885cb7911ceaed7d1a6f7a1b8e290117d4613b8954f1658b724f451876f,val
raw/tomato/rotten/rottenTomato (550).jpg,tomato,rotten,local,v3_6f4bd329559ac8c52a787b5d60963b6b,5fa66dc9a421b7c97b5b246cec98bc84e302d0030dd676d0fe428fe3173f0c9f,val
raw/tomato/rotten/rottenTomato (551).jpg,tomato,rotten,local,v3_5c1a9199b9fd12b097dbca6ca5963e25,93d56133d402701cec11f57354bb55d5254cc86ce3118a5728d3e10cdba2a38d,test
raw/tomato/rotten/rottenTomato (552).jpg,tomato,rotten,local,v3_1a4e6f735fcea5b89a586ee1a1447e67,e630f060d6f956d879159a4d3c57567c85b2d1866ee3d16e868bfe46689521a2,test
raw/tomato/rotten/rottenTomato (553).jpg,tomato,rotten,local,v3_1b265d0abadd57ea1d9c909cef054051,7db0ed5614f98a7f20da73162e9709fdb46c79a82053bd024588f3c96268eb87,train
raw/tomato/rotten/rottenTomato (554).jpg,tomato,rotten,local,v3_0942aa7f9e279e6648807eb9f7488a82,7034a68dbd79a78b38bdd650857c3353cb537f6886a442d3f1fa3af2be8c6c9a,val
raw/tomato/rotten/rottenTomato (555).jpg,tomato,rotten,local,v3_90f7cf0dba536deb1de6d870ff850efa,ffd7c07d4f9d4035159d8fa5cb0b0623428ae864381fef3eb29704a6a631f734,train
raw/tomato/rotten/rottenTomato (556).jpg,tomato,rotten,local,v3_76aa0de6935417afa81950c75c54523e,cdf7bb6828083c4baa9141279dc4dbf3a77c5838992f333e194abaf75334dc32,train
raw/tomato/rotten/rottenTomato (557).jpg,tomato,rotten,local,v3_22f618849ee28605cb21cf9b30aed624,fe86918483ac39a9b9cac7af91e212590113e7e7c97765715fe87dca7893518e,val
raw/tomato/rotten/rottenTomato (558).jpg,tomato,rotten,local,v3_ee745c1dde184ec1915189ddb54755b1,09caca4964af55f40c355bddd952f595d3de1d0b748c9b172ea5c29e99147731,test
raw/tomato/rotten/rottenTomato (559).jpg,tomato,rotten,local,v3_f1c4fbe618d36c7e58d26f5f53717b12,9f959a0d4c9f0d257a193755647319a92816c7d26306093189e04d1a42318ef6,train
raw/tomato/rotten/rottenTomato (56).jpg,tomato,rotten,local,v3_7e0c48a65389dc4ddda304834aca9370,8d565a966a7848f513ffee93ad18c36ef1c08eb68a41a906fe7d1820a03a8567,val
raw/tomato/rotten/rottenTomato (560).jpg,tomato,rotten,local,v3_4d54d9968572cc426ee8e3bfd2eda8ed,4ec6999e559c8db4f3cfa1a3842e9a8d1aa918b54972f7478b1f511c976dc791,val
raw/tomato/rotten/rottenTomato (561).jpg,tomato,rotten,local,v3_b0dcb4edcd124a71e5b05d43d06716bf,3031b1c3cb383e94453ffbb6de241aebc63893a668ef1515e3661c4421d07bf7,test
raw/tomato/rotten/rottenTomato (562).jpg,tomato,rotten,local,v3_9458b60ce25c33c056f3cc567208f903,1500b4b8101fd97e096f0f0ceb14f713c076372fa47ea37bb790cd0ead8638fd,train
raw/tomato/rotten/rottenTomato (563).jpg,tomato,rotten,local,v3_edc66bcf0fb56c5b3145077d94bce28f,473336adcdf6d26eeb3fcc2bf57afc8b480e621b2b6c07632b64a5729f495681,test
raw/tomato/rotten/rottenTomato (564).jpg,tomato,rotten,local,v3_58f6926612c5b599ca46917a649069f0,8dcc68d2fe66ae179e24773d371da9494f0216f978b491e3b5c3320c6b164f6c,train
raw/tomato/rotten/rottenTomato (565).jpg,tomato,rotten,local,v3_ce382a3e107f8e98ce77eb661efe2f56,80f177a686496369477eb932498fff5a586654db797b049f83228538081193fa,val
raw/tomato/rotten/rottenTomato (566).jpg,tomato,rotten,local,v3_21d346c34cf515cb376f7b615fd3e5d1,15c12747b6df8508208eed2a3c7979c60630b1aa3d4b4a071ac4322aa4733316,train
raw/tomato/rotten/rottenTomato (567).jpg,tomato,rotten,local,v3_b4cf5559e79117cb33c2e4956f2a6fd5,3856b72a99d5ca37c789b208209de23bbad41dbac9cf2da9464ba762caeffbf8,train
raw/tomato/rotten/rottenTomato (568).jpg,tomato,rotten,local,v3_e6166d243c88075695a6c8f28af002ce,9266b02b17a19e78da0f458ce456e2cbc87b7dfb04bc0b28529ab055cbf6ca57,train
raw/tomato/rotten/rottenTomato (569).jpg,tomato,rotten,local,v3_608e2f48a71274b8cd91590de156dc1b,2c9650118adce3efe393e8963bd8c875fe5316f36152090e4e6e50a42821cf18,train
raw/tomato/rotten/rottenTomato (57).jpg,tomato,rotten,local,v3_825ee03ae7f6b08d987d907e6b75d88e,2142dd5e22c45c806ccb3ab090f25c47e805ca5f7dd59d1fae0ae45ddc463a29,train
raw/tomato/rotten/rottenTomato (570).jpg,tomato,rotten,local,v3_d46c8e27cc67eba89e17119f67886459,afb30b219c64dd755bc82f4c6392fefc61f88ac00e581869e09cbc06a90adc68,train
raw/tomato/rotten/rottenTomato (571).jpg,tomato,rotten,local,v3_fa36cfd6fe1d0d2e274278ce372ecaf4,19ea1c6e50fe7c40fdf1a8548d11c45f94f9b95fb54c7404bc5e4551819bdc13,train
raw/tomato/rotten/rottenTomato (572).jpg,tomato,rotten,local,v3_dbcf2a6a72fec753169b1a1a82baa7e2,b129e7c50ae235d290b4d8f094b72b9991ce90085b0152c9508c8e478df271ca,train
raw/tomato/rotten/rottenTomato (574).jpg,tomato,rotten,local,v3_35295a3c2a03ab3b7a0f922597bda744,2b886dfea8bd1f8808cc7df0a8f0f8bedad727f06d618849ae70ebfc41a33b38,test
raw/tomato/rotten/rottenTomato (575).jpg,tomato,rotten,local,v3_c69c196b6828e310d37892b28769020d,7f5414df97a48a13264c3c3cd862ef2460ed5f28e861a0b8c41b26486fd7f446,test
raw/tomato/rotten/rottenTomato (576).jpg,tomato,rotten,local,v3_40ece23e456865c37e6ebea8507a1064,cdcef4bc75e54eff18de5bc58a26981ae1a2d5914ea24289ef0a500adc4fdc43,train
raw/tomato/rotten/rottenTomato (577).jpg,tomato,rotten,local,v3_f76e11be6b149fbb7a5fe2a14a730c34,48b1c25e18f71eae75e372fa60f7de19c4b6c1537bfee644599064b7afcbe7ee,test
raw/tomato/rotten/rottenTomato (578).jpg,tomato,rotten,local,v3_c062013f83af3359f92d9f9f6fa865f3,ca872d3a380b570b58e50b3de2cd38258acbeb792ffcef350f0e9d0303c5b8c5,test
raw/tomato/rotten/rottenTomato (579).jpg,tomato,rotten,local,v3_5b5831c769fc721de67e070b61475c8c,41349d1950995364bf4e21f08b2f3cfbea3d2b8b5110051562f0d889b0d02315,train
raw/tomato/rotten/rottenTomato (58).jpg,tomato,rotten,local,v3_a013a68119d907dca6cff4d0a04c5408,abf2c5e39a0c7bc263394d5c7b9bd292349bf7bdff0bbbe59e501f61992bfa1d,train
raw/tomato/rotten/rottenTomato (580).jpg,tomato,rotten,local,v3_06ff6a61fedb89c49af05be56370f076,29edef51d1d6eeb81633dab2520242c0f72dbe1ded4601f823ba3a62178297af,train
raw/tomato/rotten/rottenTomato (581).jpg,tomato,rotten,local,v3_97b5e444842bf60784521a9dc0e3c991,77a2a9f02a765efbaa1726a93f4284a5bc39e6ef7c14a1db0d62af17b916d9d5,train
raw/tomato/rotten/rottenTomato (582).jpg,tomato,rotten,local,v3_af3fa7b0348c85a060f857c74a22d266,61ecbd10f7ad212400555e8c117959c5772e355fd8e6d29613074e3ba3647307,train
raw/tomato/rotten/rottenTomato (59).jpg,tomato,rotten,local,v3_fdc88728ff4400251e3feae3118a5479,5685790e0db303f52fcdbbf66addffe16ebe01f75f8641fad779cfb30b303936,train
raw/tomato/rotten/rottenTomato (6).jpeg,tomato,rotten,local,v3_904c1409a2d73e53c6a7fb7caec9678c,a68277f11553b4afd438c7c7cf4824b0c1a9903471e73e540e7daccb379c6b29,val
raw/tomato/rotten/rottenTomato (6).jpg,tomato,rotten,local,v3_904c1409a2d73e53c6a7fb7caec9678c,9cd2294ac46421c661d266ac8b62e7d63a4c0091af49a4d7bf8b6fde963ec79c,val
raw/tomato/rotten/rottenTomato (60).jpg,tomato,rotten,local,v3_f3a7969eb18b01362a6ebd34c3b3a3fe,056ba8d137f54d86bb237cf3d08f8b00a456f869583afc435985c99bc289d998,train
raw/tomato/rotten/rottenTomato (61).jpg,tomato,rotten,local,v3_fe6704a547f9532370eb729f9298209c,c694aaa90805c345098f475f2ecb0ceced9aa1abfea8559e27af6218bf858386,train
raw/tomato/rotten/rottenTomato (62).jpg,tomato,rotten,local,v3_50659a46b4feb17879056d149b2a4cda,1b68b86cf0cce16d1bcf8a1dd98d454cdb1ec63887ccf754ccc05b29a1551572,train
raw/tomato/rotten/rottenTomato (63).jpg,tomato,rotten,local,v3_466cdf32bd844623b223b0c7e28ff1f5,c524366f770f80e67e4e52f8e58d46d259fdf0909dfb8d6f0e587d0463de77e8,train
raw/tomato/rotten/rottenTomato (64).jpg,tomato,rotten,local,v3_fdc88728ff4400251e3feae3118a5479,81b659f82a079f76a44bdb2ea5f430f378d1e0726ba801e4e642713ded32038f,train
raw/tomato/rotten/rottenTomato (65).jpg,tomato,rotten,local,v3_e55deaef4f0f47fb767237db76c811c4,c2175cb43e61cd507631f9c7afb7ee57095eda48069ac86ac5e9d3c419c8fe19,train
raw/tomato/rotten/rottenTomato (66).jpg,tomato,rotten,local,v3_ff40ea5a3487f4cd233283a8bb43028a,2de60e918ef6192b145d07b6fea87fa36e1c7836cfb7021c3fc127047b99d3d2,train
raw/tomato/rotten/rottenTomato (67).jpg,tomato,rotten,local,v3_16cba09cd73202414aacac709e2657b8,4539370db9e8f1cea5be66141471e63273c388e993958c9d0359a0ff2231c0e3,val
raw/tomato/rotten/rottenTomato (68).jpg,tomato,rotten,local,v3_d630bb4bda2f5f5f1da857e79345c754,7196981c219adc4511b960ad43a2e395f2a934462f6e721d3eb5ba1b18fedb19,test
raw/tomato/rotten/rottenTomato (69).jpg,tomato,rotten,local,v3_9354cbb8d39d0c8fc8e8b2d56f9e6a44,ec399b24b2f71d58afa4639e2bda9b0f9fdbdc505a61c1e25fd985e18a69340a,val
raw/tomato/rotten/rottenTomato (7).jpeg,tomato,rotten,local,v3_03bc2559e826345dd863c3762f62d52a,55d11b679e33d11882b8b426e7be8a3c29c7186ca2a5f4ab190c193bdc97fbca,train
raw/tomato/rotten/rottenTomato (7).jpg,tomato,rotten,local,v3_03bc2559e826345dd863c3762f62d52a,994a8c66652a8fd5e09cff9f7d37a4fbff8d38c2a910c96a34a4a4f6a70c6efc,train
raw/tomato/rotten/rottenTomato (70).jpg,tomato,rotten,local,v3_825ee03ae7f6b08d987d907e6b75d88e,d88994c0bfb9b31df802d01aa712daa791457c580a03333d930ff583ecd6963b,train
raw/tomato/rotten/rottenTomato (71).jpg,tomato,rotten,local,v3_15d673998172a468c6346603241c7def,38097dc4a0839949a63961e3e7420cc0f2629e32aac2bf2d44e7038f8f468d24,test
raw/tomato/rotten/rottenTomato (72).jpg,tomato,rotten,local,v3_47ab409f131a73965a9664ad3e45c8de,fbb594b98c21c8eee53676b55b04afdfb864a0a0f529b491c78460ad580a0987,test
raw/tomato/rotten/rottenTomato (73).jpg,tomato,rotten,local,v3_c497367a629060b23498c3f741cfbf16,9e9300fadc8913a492bd34d6932ce56a7d6b50afe1cda1feb5f884d35ef54fc6,train
raw/tomato/rotten/rottenTomato (74).jpg,tomato,rotten,local,v3_b1d1a8d79f4110768f0fbc78bff00fe3,44804e30a2262404a1350d1ec4b00a4fb0f1522d23aeb65a86239277a5cb3454,train
raw/tomato/rotten/rottenTomato (75).jpg,tomato,rotten,local,v3_82fb8f494f95dc05c4637e324eea07ed,4eaf2db779324a2e0e8d164c0724507635b40ba549235af775f6b56aded2f3bd,train
raw/tomato/rotten/rottenTomato (76).jpg,tomato,rotten,local,v3_22ae5dc5024a38577903cc1be198fb92,dcc17ee795b66bc941fd4be3c99b7cc7d64c2e45246dba2c1d6893a98a029d23,train
raw/tomato/rotten/rottenTomato (77).jpg,tomato,rotten,local,v3_c13986cda01bd4475b063959cefe2c0a,b9b24a33b00d6a376e34dac15af01699ff2ef14dd881dce9d12e62f3bec1319c,train
raw/tomato/rotten/rottenTomato (78).jpg,tomato,rotten,local,v3_4f94746e306f752a95d940e5716f77bb,1c05f948dae79db2e6f6c1fcf3097b2de6f4352764c63b6c9a4c7c848027a645,test
raw/tomato/rotten/rottenTomato (79).jpg,tomato,rotten,local,v3_90eae0b510ba8964398d2508585de0fa,9617b10a259d744d800e76e2428fb8d45afa923a51959a6dd4a1929752361795,val
raw/tomato/rotten/rottenTomato (8).jpeg,tomato,rotten,local,v3_16cba09cd73202414aacac709e2657b8,29c2ab76b957c7da50511567dbe8d4b80612131a8e9e47cd59ec77a383083b05,val
raw/tomato/rotten/rottenTomato (8).jpg,tomato,rotten,local,v3_16cba09cd73202414aacac709e2657b8,4692a8d878f7f9413374aaf3a0cf6b7154a5e9790543babf675c1755e05eb5cb,val
raw/tomato/rotten/rottenTomato (80).jpg,tomato,rotten,local,v3_1d154c1d1483c07406386f4463fb0040,9cfbb1a257053a43f22fa9eb23b92258acdf666447965a797ea5275a8baad7a0,test
raw/tomato/rotten/rottenTomato (81).jpg,tomato,rotten,local,v3_aa538013abea1a3bef95c1acdb9fdab5,c0ad1dba0f3736734b206ea6ed69837da60666a2e98f46cb2e40836db833df5b,val
raw/tomato/rotten/rottenTomato (82).jpg,tomato,rotten,local,v3_78b14eeb6923abc40c3d1e0edc449e18,63a771d1ccf20d65b81addd069027f7549a917170f21e3a1f871a8fac67f3afa,val
raw/tomato/rotten/rottenTomato (83).jpg,tomato,rotten,local,v3_20426e6078e895ad9b644c2949b5abad,0c19e4a5c253de3964768c82b99b257bb881b8feeaef2f8b2d00cf1e1b11206b,test
raw/tomato/rotten/rottenTomato (84).jpg,tomato,rotten,local,v3_2d7fcb2571eab9c5be0410d6faa4fe97,9f35c2cdd30f729579ee308f83f8c6bd14c3e5111d9661c8bab9cbc5b5517fad,train
raw/tomato/rotten/rottenTomato (85).jpg,tomato,rotten,local,v3_d0223dc8be285eac3891ab4320bf1781,9614903331c37bad9c04b176a26650429c635f885f61d14445bb987bb86890d2,train
raw/tomato/rotten/rottenTomato (86).jpg,tomato,rotten,local,v3_f8c15a5f4944fbfd5dd9d1026621c148,b834780c99ea606be75faaf8ee51eaedfe34fc161457dd293aede308da673fd9,train
raw/tomato/rotten/rottenTomato (87).jpg,tomato,rotten,local,v3_0532133d39b94da54c58a860cb57fa4c,2311cec5b7f603cdf6f93976c5f28b04e407980e951974b1f724dd5e163e5338,test
raw/tomato/rotten/rottenTomato (88).jpg,tomato,rotten,local,v3_2f7ea43993548175d4d6f888172a1a82,8e339d0aed01b08173ec9567d231bc3abb2842cb0dac1a6187cf30fad3f43fd7,train
raw/tomato/rotten/rottenTomato (89).jpg,tomato,rotten,local,v3_a176dd916ba13e1acc00474ef1e932a7,672b04f0dafd3f22e1d3f5958f1bd889ef409625a2123f538465d4d12187bfbd,val
raw/tomato/rotten/rottenTomato (9).jpeg,tomato,rotten,local,v3_e55deaef4f0f47fb767237db76c811c4,f5fe63a2981b521f0bc902e39e8d115080874b48a932816f527565b77c709c39,train
raw/tomato/rotten/rottenTomato (9).jpg,tomato,rotten,local,v3_e55deaef4f0f47fb767237db76c811c4,73b56bdac5079c9fb7249ba07d34c68e4512fbe84abef6a6e4b3fe51e637129f,train
raw/tomato/rotten/rottenTomato (90).jpg,tomato,rotten,local,v3_66fefe1863423a51e4c60b46e6c7db86,5c02ce12bd8eca7af812a7a5f127553b5aa5be0811d9061160654c52ef7fd67d,test
raw/tomato/rotten/rottenTomato (91).jpg,tomato,rotten,local,v3_209108487efd14a90458c141e2f29c21,2711c9409d31e203443c27dd8159ead1f8da5a81617ab91e3d99c2d87828b391,train
raw/tomato/rotten/rottenTomato (92).jpg,tomato,rotten,local,v3_f5b0745ca3251315a12a4aa1972664b8,26bb8f68b6f57f22c869d66d970169c22837039a42762eaaf89187993bfb62ca,train
raw/tomato/rotten/rottenTomato (93).jpg,tomato,rotten,local,v3_9431613966a0d23fc1211a9f2eee2741,7c197ecb02e85915f47a57fd8c1d42971945e31f24d65108821b736f1c4dc75a,train
raw/tomato/rotten/rottenTomato (94).jpg,tomato,rotten,local,v3_3e49a5dfcef289e2a4e3ac9dac816787,40a3c6cff226ea74f81565ee59c086bc11563a9b090cf8e5f87724c4a99f0cfa,train
raw/tomato/rotten/rottenTomato (95).jpg,tomato,rotten,local,v3_6996530030aa817924c7f00572bacc90,6193e4ac0c0fd32c580607eef5537cf71a3691782dc0dd4a000eba06efbbd781,train
raw/tomato/rotten/rottenTomato (96).jpg,tomato,rotten,local,v3_659a295cba9e6b9794291aff7f01f8ee,617f0bd6ae745da14ea7ab2cfb47a7856647e98cd4480b9dbdd65b2d6fa3d63d,train
raw/tomato/rotten/rottenTomato (97).jpg,tomato,rotten,local,v3_3116832bfa1f72c3e371ff93e63030cb,8855078e63c7488d2066a4729651dbe6560d1ff9bbbff8853df12bc914cf0419,train
raw/tomato/rotten/rottenTomato (98).jpg,tomato,rotten,local,v3_88edee6d70620f88f690c88c8c2fec97,f505be4647c7ea873c6476a6718511e343ef96e7fa40dd686ab91653a1aec4ed,test
raw/tomato/rotten/rottenTomato (99).jpg,tomato,rotten,local,v3_2dceaa97a6da1f54c2d1a8e0a749abf2,3808a5d6af37bb18094282421bc246ac4f08a965a805301a3dbaca874c13bc52,train
